target,object_id,spect_id,z,sigma_star_kms,catalogue_sn,manifest_index,seed,logmass_q16,logmass_q50,logmass_q84,logZ_abs_q16,logZ_abs_q50,logZ_abs_q84,alpha_fe_q16,alpha_fe_q50,alpha_fe_q84,tau_dust_q16,tau_dust_q50,tau_dust_q84,age_q16,age_q50,age_q84,t20_q16,t20_q50,t20_q84,t50_q16,t50_q50,t50_q84,t80_q16,t80_q50,t80_q84,dt_q16,dt_q50,dt_q84,passed,joint_chi2,joint_ndof,spectrum_chi2,spectrum_ndof,photometry_chi2,photometry_ndof,ess,lnZ,lnZ_err,n_calls,n_samples,wall_time_s,joint_chi2_per_ndof
27068-M14_27068,27068,M14_27068,0.6783069968223572,178.10000610351562,21.200000762939453,95,20260925,11.080393188137695,11.089276454538556,11.100377809376184,-1.7734492234232775,-1.7349261617231695,-1.6946466822447352,0.10337361365376997,0.12199073690983599,0.14096122714060463,0.47649553701046493,0.4973591438170898,0.5156021438199068,2.6276286794702663,2.6892900171383514,2.804825733756806,1.4345610496953,1.47999962979849,1.5270275879704045,2.501646745893223,2.5681627111582,2.6450508595525197,3.900986617005576,3.9689365800312197,4.110086540836413,2.455490560843334,2.478899751011658,2.627220844429416,True,4071.1739687448317,3464,3903.0006376259626,3452,168.1733311188691,12,3372.282855359359,225837.9223101356,0.22784110763487037,1254500,19800,1039.9062085757032,1.1752811688062448
31835-M14_31835,31835,M14_31835,0.67740398645401,202.39999389648438,27.399999618530273,68,20260898,10.976810194404663,10.985984231217968,10.994529937598191,-1.8242729759909866,-1.7980880183635173,-1.7703576386456987,0.2586882085257221,0.27957934645177507,0.30231449253833115,0.1260342946089376,0.1376340090848368,0.1488581588834088,2.977214261384722,3.006448035771625,3.076284145474633,1.7620642427455633,1.7935956027808455,1.815428774146809,2.957466480436568,2.9990360403019833,3.05081939276939,4.191397550625734,4.212182728604769,4.279486617653492,2.410574909705247,2.426263332944499,2.476756567008961,True,3898.780238960017,3570,3845.332946453903,3558,53.4472925061143,12,3006.5304255783362,233693.56029631355,0.2987922899651191,1046500,16600,848.7151893666014,1.092095305030817
36550-M14_36550,36550,M14_36550,0.7386149764060974,80.5999984741211,8.0,168,20260998,10.752003042745345,10.764262720352512,10.777379239156605,-1.9586638676760875,-1.8953926106682122,-1.8433159465649922,0.005035054406888633,0.04632490514248556,0.08775558857152468,0.2536614552366036,0.2758251252526887,0.29793157253125196,2.862457026633287,2.9558250097339585,3.100946149240791,1.6368174919011702,1.7123944485340512,1.7792595608530852,2.7905365212964424,2.9216791156928688,3.043218300045225,4.117505624197516,4.192681857918924,4.365460122349232,2.448341786850773,2.477011968536911,2.6237567995666216,True,4151.9185573100185,3373,4126.3705562140385,3361,25.54800109597975,12,3447.9135390655874,219934.6559028623,0.19784065085426175,1014000,16100,821.4774004742503,1.2309275295908741
37023-M14_37023,37023,M14_37023,0.7354879975318909,225.10000610351562,21.0,97,20260927,11.193229383049422,11.200981208110178,11.20858189170507,-1.8971154889585558,-1.8696823867976415,-1.8424820671132454,0.0697259435996509,0.08771624741966554,0.10576097935986052,0.4475145494505003,0.4616714658562032,0.4784575938248023,2.816523323148223,2.8517415490316056,2.8833398002376778,1.610147184270969,1.6410434172205393,1.669523502715242,2.744571604298782,2.7874913105099504,2.828479842760933,4.080374977321042,4.107211506181045,4.137282943267818,2.45649384189589,2.4654525588218568,2.4833355903267575,True,3923.666144340283,3405,3863.1972410749113,3393,60.46890326537189,12,3668.8419731123786,222178.4741278533,0.3160090579341338,1215500,19200,1026.5198742169887,1.1523248588370876
37219-M14_37219,37219,M14_37219,0.7346779704093933,182.10000610351562,15.0,129,20260959,10.866030740945675,10.875146984525424,10.884940718880296,-1.8916255948549825,-1.865527007069391,-1.8353149315572923,0.03442898161612165,0.051331720266129394,0.07197816819747802,0.20681066115815178,0.22314405471096968,0.2349996515440884,2.9093815501303992,2.954769485681185,3.054565128232129,1.699796847025803,1.7332212336442283,1.7652750524958176,2.8640260591138706,2.9194372019872734,2.9976242990426503,4.14841712125769,4.182410461702149,4.2985434021636975,2.437165913002629,2.4517504185283094,2.534852403536782,True,3913.137470706154,3552,3879.29030971037,3540,33.84716099578418,12,3353.0888616108114,233596.1761161755,0.280187041423428,1072500,17000,867.584728169255,1.1016715852213272
37723-M14_37723,37723,M14_37723,0.7360039949417114,204.0,22.899999618530273,86,20260916,11.03295460658436,11.04043176381043,11.049090938920452,-1.6371626417654301,-1.6179421539360772,-1.6000497573779635,-0.06452628331058444,-0.05341846013890715,-0.043093820255941995,0.20332293253405673,0.21726462599104823,0.23081116928369244,2.932535781484217,2.9576044801313985,3.002480773480649,1.721962934156821,1.7367428988393825,1.7569010138492198,2.895512657169298,2.922606173890622,2.9665860984755663,4.160811877916016,4.183322844229686,4.229255369586308,2.4328112954526215,2.4450955868753166,2.488919331108924,True,3777.3464622776346,3420,3743.2952626184538,3408,34.05119965918072,12,3781.1654466700247,224829.156342957,0.24049189515292288,1215500,19200,996.5432019326836,1.104487269671823
37843-M14_37843,37843,M14_37843,0.9693750143051147,148.10000610351562,6.5,178,20261008,11.08281360931429,11.093533887269974,11.104292211408973,-1.9860202916399143,-1.9513734485956051,-1.9045366368440924,0.09770921406119068,0.13751493688165742,0.16909829715239896,0.5423670490107472,0.5712718155073243,0.5951540572135291,2.991993206837522,3.012108008633242,3.086886191563737,1.7880263353710097,1.799151057565107,1.8325975360399096,2.9929704979293685,3.0164305352609047,3.100670737605284,4.199756892848884,4.2227734127624785,4.312980656858477,2.4116156281107783,2.4268683768273815,2.4796869769450947,True,4166.494254801673,3829,4062.088713715937,3817,104.40554108573639,12,3386.632578196366,251100.3041909561,0.22914247291793846,1176500,18600,969.3435889044777,1.088141617864109
38646-M14_38646,38646,M14_38646,0.9688860177993774,120.4000015258789,9.699999809265137,160,20260990,11.33625038578616,11.353308714449907,11.381995298644561,-1.7143088366122272,-1.680013155568577,-1.6475509729703572,-0.035609031310896516,-0.01725626196731671,0.0009117447715266989,0.5692810503912291,0.5853741340968375,0.6004639938169792,3.0264338801117034,3.200751681326878,3.5135881694155713,1.807973563091838,1.9010062805527141,2.117853153021634,3.036325496788685,3.23639456999132,3.5858664503518627,4.237150843503341,4.426152165858755,4.755731206794827,2.421861244980365,2.4875235768096973,2.6560519474722337,True,4507.451770395149,3829,4322.183578379875,3817,185.26819201527354,12,3357.2811453983722,251175.52243213673,0.2085749391418388,1274000,20100,1070.3892333144322,1.1771877175228909
38648-M14_38648,38648,M14_38648,0.6742770075798035,308.20001220703125,52.70000076293945,5,20260835,11.29776792800324,11.30455658949872,11.311431897599068,-1.5758389812067377,-1.5577774800085447,-1.535909320399469,0.3246618058855507,0.3426753715804384,0.36278507223258727,0.5645171510057001,0.5762215906195516,0.589399381082321,1.6504890128647054,1.6624188779545945,1.717970421704375,0.8335131729114458,0.8377289209937012,0.847614144206754,1.6480396014553795,1.6543183867470805,1.6773767018659305,2.462457502628295,2.4711867407844723,2.507309498602654,1.6283087986555225,1.6347143965091184,1.6601517623722597,True,4055.6214591787834,3578,3856.599267691363,3566,199.0221914874205,12,3573.2901006927564,231242.934186702,0.28145606595476774,1267500,20000,1073.920364140533,1.1334883899325834
38771-M14_38771,38771,M14_38771,0.6757680177688599,165.8000030517578,12.300000190734863,147,20260977,10.658112627126272,10.727073997507599,10.757924790132563,-1.467698697790179,-1.3619803521839593,-1.2817559525449445,0.004717863561016719,0.061311173176101505,0.12086914730634642,0.3040139517446542,0.3247067360801932,0.346321138586513,3.7376652078218697,4.390443562247317,4.78036301285009,0.9993347263739308,1.510634701965503,2.3902501325621164,3.603688204347407,5.291438657262227,5.653787245308943,6.075483392210235,6.5792514201479335,6.72419085536662,3.5830373615669275,4.845890860637615,5.257565580361209,True,3979.8391215176534,3562,3932.843470019582,3550,46.9956514980711,12,3506.527590349105,232757.0196440969,0.2128797571284493,1072500,17000,960.8493136353791,1.1173046382699756
39865-M14_39865,39865,M14_39865,0.8291419744491577,150.8000030517578,6.800000190734863,176,20261006,10.847584320607732,10.894663592966712,10.920340125496962,-1.5319967148100775,-1.4680138087120955,-1.4169562097906852,0.06047132101781592,0.09892146932089466,0.1343497671443988,0.3115803425898749,0.34900079815809343,0.38627695725550953,3.1285492357868576,3.6364126303730258,4.010047799439726,1.4032189229055598,1.6885070165889302,1.9884892051463114,2.7048563308738625,3.717115856260725,4.645987569409342,4.683476127681437,5.480775873498535,5.912019307087267,3.1013951742642774,3.6841894948610037,4.099442015126619,True,3834.788564051103,3450,3802.865670117305,3438,31.922893933797972,12,3966.0737132472336,225414.34482999874,0.23129940987265354,1066000,16900,914.4791727373376,1.1115329171162618
77632-M15_77632,77632,M15_77632,0.8252720236778259,273.1000061035156,34.5,36,20260866,11.410133516917732,11.419533774412514,11.428928966229044,-1.8690312016445185,-1.8555484093334673,-1.8432419675456424,-0.1977920612367824,-0.19231462515728856,-0.18393208385840926,0.24790134342983544,0.2589409732893507,0.26873775987465487,3.00088708144807,3.028304705162751,3.151431410285098,1.7963462934161611,1.8083159166573195,1.8536590197414948,2.9988786973277035,3.026316507745197,3.1345066412051037,4.203218013704349,4.232994259380878,4.375862431644957,2.406470395053476,2.4251399811622076,2.5078686515430926,True,4161.370199202602,3443,4025.5654450507814,3431,135.80475415182022,12,3004.538798378294,223535.27367605874,0.3258208525676199,1111500,17600,915.9184647155926,1.2086465870469363
77745-M15_77745,77745,M15_77745,0.8255519866943359,312.1000061035156,30.700000762939453,49,20260879,11.493844228954783,11.519854967140123,11.538833509592353,-1.4432014262104613,-1.4226066402218112,-1.4009139300698026,-0.1494030340000425,-0.13974130284428105,-0.12940205116852166,0.2017045838603132,0.21044504115986978,0.2186596177267423,3.7653641792230155,4.121882415029115,4.36243298396941,1.9769373075163055,2.13819039471937,2.333284765352429,3.804521851389166,4.579086636628507,5.129392056211224,5.5899568979951235,5.912930124979715,6.030591577060072,3.5291582910479438,3.7557449609632894,3.794980443658438,True,4021.622467627272,3462,3954.9394016010137,3450,66.68306602625799,12,3696.096717818142,224877.61339065825,0.31091562495089303,1267500,20000,1119.1923494683579,1.1616471599154454
84337-M4_84337,84337,M4_84337,0.8388000130653381,256.20001220703125,14.899999618530273,130,20260960,11.448738832712602,11.478319855963527,11.510346347643956,-1.7440220577106795,-1.7081529389651557,-1.676117728588942,-0.08550004066065835,-0.07116084118945479,-0.05403879671602013,0.25722034760224,0.27589507751947195,0.29553518296882525,3.6763569704882397,4.065407845056658,4.359271215243752,2.070833581649623,2.288138150823321,2.6543672075071796,3.6846133240670675,4.231348539292062,5.017019155787839,5.165634001618736,5.730888689453202,5.946781492926071,2.743207934404082,3.3946095749682694,3.53548943125985,True,4044.348542723306,3707,3956.170021728189,3695,88.17852099511674,12,3749.441802209182,241817.07242190524,0.3188933462394011,1202500,19000,1008.8082863586023,1.0910031137640426
87207-M15_87207,87207,M15_87207,0.8325369954109192,133.8000030517578,7.5,169,20260999,10.991762110178046,11.023333980681592,11.049021977768668,-2.1005143804163278,-2.047099745067663,-1.9663331678627716,0.00967388032184542,0.03646586647534754,0.07162178963367344,0.3597112197513453,0.3921365892885067,0.4234647410532001,4.262099444286824,4.549723424545454,4.788197757565711,3.169606434865697,3.468555114765643,3.702469658414375,4.313729569349357,4.596135076927853,4.886256609306908,5.589930820309462,5.779635566150064,5.919690079571023,2.2005716234668986,2.3226200435078397,2.4239068032499955,True,4640.252722239366,3825,4600.883725474434,3813,39.36899676493207,12,3565.366003924778,251013.15934560038,0.26250241627338305,1072500,17000,872.1144359279424,1.2131379665985271
88032-M15_88032,88032,M15_88032,0.8392300009727478,248.89999389648438,22.600000381469727,88,20260918,11.232076010621263,11.240366545255908,11.251792977793478,-1.6378269701098354,-1.6136293100322856,-1.5919717201288395,-0.13512845283954486,-0.12117559529473604,-0.10848750792511114,0.16524938456419522,0.17682414251240755,0.18929117081878036,2.846744570233256,2.874948421292932,2.9780282122347606,1.6382293961565635,1.6601105413109465,1.6914270438233618,2.7796115095921694,2.8127613982194557,2.894837850996322,4.102630256190722,4.126697811481857,4.255646481223858,2.4539950273230486,2.4713987787393625,2.5649129886111894,True,4120.617984202317,3661,4064.274537200347,3649,56.34344700197015,12,3291.7710601311933,239410.04260806544,0.30514034006816454,1137500,18000,936.1810628063977,1.1255443824644404
89072-M15_89072,89072,M15_89072,0.836991012096405,181.1999969482422,7.099999904632568,173,20261003,10.842802246316108,10.855402819156113,10.87328737890574,-1.7642640825837088,-1.6946271194252756,-1.638515857155075,-0.11243580222724248,-0.08508332173935987,-0.05437287133859722,0.3468797774043252,0.37688647199380915,0.40165871615802407,2.8861156804131047,2.97201811755258,3.151849819029491,1.66724049899594,1.7298616730158247,1.8106730741165946,2.8245956763672577,2.925799421148408,3.1243366112735025,4.133547928000597,4.201545441553639,4.421362358385232,2.4402742102139787,2.470053601775305,2.6408033137584495,True,4252.099271458644,3673,4224.345750506316,3661,27.753520952327587,12,3571.9935817086357,241108.6202940517,0.30548050361921797,1020500,16200,841.7757900850847,1.1576638364984055
89153-M15_89153,89153,M15_89153,0.8350780010223389,160.10000610351562,9.800000190734863,158,20260988,10.843767553969501,10.855124571412603,10.869086575271286,-1.6752115095461484,-1.5942476601029616,-1.5190881353592582,0.17852296859204722,0.23763112549298188,0.29736508710718096,0.9151573401491507,0.9426121954028509,0.9707087591875829,1.6276062856325768,1.6603283985013912,1.813433259790182,0.7812766849273441,0.8162698563059235,0.8415834257876631,1.615485681038574,1.6434826637130562,1.7062315803271206,2.4543766503353663,2.4783688666727226,2.585499981294377,1.6483162973163765,1.680304302275714,1.747755040753352,True,3890.865334952244,3426,3847.874879905001,3414,42.99045504724322,12,3417.5552310903568,224406.5773953284,0.16574069002403832,1105000,17500,934.4837222602218,1.1356874883106376
91529-M12_91529,91529,M12_91529,0.840624988079071,300.5,34.79999923706055,34,20260864,11.414053474516823,11.422112327932894,11.431221180597607,-1.796470212026247,-1.7629159855031968,-1.7375273874379007,0.042233082428958686,0.055359468739702794,0.06836444987991476,0.42234839345895475,0.4347040985811186,0.4477507703039142,2.353399849114156,2.3972880836169788,2.4409919149154264,1.2390742110846218,1.2694879394983785,1.2996885471154496,2.216580672636597,2.2610956664808017,2.304259134242787,3.463795462475482,3.5569256112560765,3.6367787052096774,2.2250209746115814,2.2858010732880634,2.341518696813821,True,4287.564038076332,3833,4226.156607894505,3821,61.4074301818263,12,3494.649355891116,249894.5781275974,0.2537987542437746,1313000,20700,1060.1775078671053,1.118592235344725
92132-M12_92132,92132,M12_92132,0.7475209832191467,107.0,16.100000381469727,123,20260953,10.896241267997011,10.905058564869766,10.913381127695644,-2.12732166982915,-2.0734571725747992,-2.0190123456053266,0.03977031902020673,0.06414310249904807,0.08328391633430021,0.33027443296992476,0.3434220061459318,0.3566639452132171,2.731224327515949,2.7834840213014633,2.851355127895712,1.5294931575158903,1.5710251264096053,1.611861069754849,2.628065746973454,2.6885136819561124,2.7560950884185447,4.005942056881374,4.052818522451219,4.13081568638905,2.463203809598859,2.4789839953691386,2.533216391332694,True,4383.499844405628,3829,4297.636853439122,3817,85.86299096650595,12,3293.947638704567,251335.4239813894,0.29352878663973825,1105000,17500,903.459688291885,1.144815838183763
93943-M2_93943,93943,M2_93943,0.8799999952316284,138.89999389648438,13.100000381469727,141,20260971,10.813479007949947,10.821587132137546,10.830071900421148,-1.8999088301044806,-1.8727815541141564,-1.8354189483979153,0.1565666236582205,0.18212509085770318,0.19997457295731677,0.5330346233507118,0.5503325310073517,0.5682848529716135,1.6461317092861931,1.6526645330678957,1.6713065249053405,0.8283564968800161,0.8342843458689781,0.839457855705767,1.64447150557051,1.6493848192356586,1.659827688885132,2.460188560479961,2.464959543747,2.479284500610426,1.6285807834670043,1.6333003183242911,1.6438843795944231,True,3987.4494872853447,3848,3877.64443684838,3836,109.80505043696492,12,3528.0365745809536,254272.64568291383,0.24141709285936847,1209000,19100,989.0157684348524,1.0362394717477508
94494-M2_94494,94494,M2_94494,0.7401000261306763,203.8000030517578,30.600000381469727,52,20260882,11.210024618231934,11.217229144113247,11.223803009401491,-1.9485672307656867,-1.9205396050904726,-1.8947324819403708,-0.03934523518774379,-0.026210924201864556,-0.01373154961531509,0.2902171028520902,0.30140512936676794,0.3136497793318006,2.9114248277226196,2.9329930656136503,2.9648662861810897,1.7036282229613906,1.7205612163595148,1.7430547947333757,2.8696345107483916,2.8954357747047466,2.9316176151013478,4.147052243933183,4.163136869194613,4.191430558884976,2.432696023740922,2.4424346755210724,2.4590709062087486,True,3759.7758524988135,3542,3685.942365196898,3530,73.83348730191526,12,4431.91458450411,231569.8358310864,0.17322549335214626,1228500,19400,985.3672690270469,1.0614838657534764
97310-M2_97310,97310,M2_97310,0.942799985408783,147.5,6.900000095367432,174,20261004,10.864947700739155,10.879715524157827,10.90422531107458,-2.057171476193107,-1.9410944292447814,-1.8779009311629606,-0.062129184113962246,0.004157205303814925,0.050843000563282066,0.544657277811905,0.5717303198690101,0.6003413951975312,1.6731899920205378,1.8173232736913838,2.2225164692919366,0.8404877027048558,0.8815281311878357,1.0516955874966156,1.6619363059397128,1.7477260563511905,2.0146783317120303,2.4823904521091804,2.599959583006531,2.9920313905942746,1.6427552462039412,1.7134427478595171,1.954687030968437,True,3742.084572409244,3818,3700.7320749025307,3806,41.35249750671347,12,3356.265453538117,252008.84520404792,0.17716646342555192,1079000,17100,927.6646806178614,0.9801164411758104
98104-M12_98104,98104,M12_98104,0.9814170002937317,223.5,6.599999904632568,177,20261007,11.078915881987118,11.091313644842444,11.101851150409932,-2.032251948188893,-1.9766087565730026,-1.9207490488107932,0.04228878181396256,0.08038087149580256,0.1220822348498317,0.45279440052754716,0.48412406475224246,0.5158804686868944,2.964949357116122,2.9989769791574377,3.0730205414880536,1.7535613488343138,1.791284374775647,1.8233784860000726,2.9508333429658795,3.001451771551741,3.0828376935229267,4.18432354600181,4.2090048360132215,4.301583605811385,2.4140799005990816,2.432040120620596,2.475823867847898,True,5961.323783044465,3816,5912.618318004528,3804,48.70546503993728,12,3465.724041583217,249662.36842723662,0.16284410178762992,1157000,18300,975.330214929767,1.5621917670451952
101089-M12_101089,101089,M12_101089,0.8510000109672546,183.1999969482422,8.300000190734863,165,20260995,10.948167973815096,10.973867036915205,10.994480374385297,-1.4212311917166343,-1.3648641944536974,-1.3221922477643748,-0.007581863370208135,0.022197857403015768,0.04668860872267017,0.13243468761820928,0.16081271475223152,0.19091583047674388,3.7065104656158283,4.245258472991083,4.479446400502631,1.751035154327206,1.9575799520432462,2.209628903583361,3.852532837513883,5.236583796070239,5.398664374721476,5.468028953522265,5.999338576616337,6.064170808076831,3.5960327105539185,3.922507073899641,4.131432946276365,True,8044.543959668464,3442,8026.726627042461,3430,17.817332626003054,12,4016.6607625207976,223073.35289941987,0.2072820799108717,1176500,18600,1019.2869441714138,2.3371714002523136
101830-M12_101830,101830,M12_101830,0.9873830080032349,243.60000610351562,11.300000190734863,153,20260983,11.605868238437107,11.628956331906526,11.664711811088049,-1.9694498851267082,-1.921161080017292,-1.8838878978831335,-0.04078159105422735,-0.014025860161685347,0.01418414892777092,0.3328413973751282,0.3571921675938825,0.3822566058449902,3.0106363363295534,3.201158900066078,3.578784534662829,1.8028961366578882,1.899470448321106,2.2032538048180954,3.0149309104184363,3.2249136179474256,3.6791552319693284,4.216854441512173,4.4412118251045385,4.967592574470805,2.4088385258016682,2.4727532183011363,2.831681551434667,True,5944.585690178217,3826,5861.19976164377,3814,83.38592853444682,12,3532.0626821444966,246074.02355467892,0.193801084668464,1176500,18600,986.0244749290869,1.553733844793052
102456-M12_102456,102456,M12_102456,0.6779490113258362,170.3000030517578,34.900001525878906,33,20260863,11.159965009699794,11.175958372239059,11.191899900938319,-1.9056183563438645,-1.884404686546633,-1.8656053348775092,-0.09027127731387431,-0.07959605243137619,-0.06875829275310505,0.11603330347889203,0.12851539139780865,0.14038483153771888,3.424516067625048,3.6635454369836538,3.8447373899663644,1.9704569343258052,2.1150863782139178,2.236368661093226,3.3684446293876604,3.607075960289382,3.7845043253584087,4.624386361405566,4.87068069682905,5.256476805434538,2.63624857874477,2.733716985560581,3.0452200541240932,True,4294.5950744312695,3475,4123.968383961159,3463,170.6266904701109,12,4112.025985046223,225476.6496177645,0.29642470418936584,1163500,18400,979.6841704230756,1.235854697678063
102968-M14_102968,102968,M14_102968,0.9393450021743774,259.79998779296875,9.5,161,20260991,11.357633991309617,11.395760310232152,11.433008056029262,-1.6860557554029187,-1.6387047330558264,-1.6022243977339246,-0.16283311584002266,-0.1381181364375906,-0.11341553335192185,0.5593958070183621,0.5816610363112658,0.6047434333912638,3.0855169507611215,3.4782783307990073,3.7960209520686488,1.8361106872784227,2.114559222446198,2.6102453366612264,3.0994145719939845,3.5595111678311646,3.8986623001621115,4.308307765116708,4.690693476544469,4.987393497362301,2.343788829027697,2.4822458006482533,2.550354721723542,True,4338.921064627192,3825,4188.963864034374,3813,149.95720059281848,12,3569.7981184766363,250394.66352109233,0.2594267196196777,1222000,19300,1042.1122821029276,1.134358448268547
103366-M14_103366,103366,M14_103366,0.674206018447876,194.60000610351562,14.300000190734863,133,20260963,10.844071826729577,10.906470295291905,10.952851393968025,-1.3608555467044225,-1.3114019121127907,-1.2626733518672835,0.05313032346223797,0.07114341065416152,0.09052415491009375,0.35940728287438456,0.3815021832821509,0.3947911967918593,2.743429547094485,3.565724553948302,4.384953327278414,1.5300123579147074,1.7781081077043948,2.1898403943520535,2.6406510275890795,3.429411549154824,4.848188776186615,4.0195251186891054,5.199801867340654,6.436499060379882,2.4782894613090156,3.318857908644315,4.339229294733018,True,4054.3014299499087,3559,4019.2671629250867,3547,35.03426702482184,12,3625.792605800937,234345.6710516234,0.27699189331248153,1170000,18500,1047.7395963910967,1.1391687074880328
104877-M14_104877,104877,M14_104877,0.9544000029563904,151.8000030517578,3.5999999046325684,186,20261016,9.933063206144217,10.008516565097835,10.134825589826972,-2.043706315761904,-1.9800529686172417,-1.9269050073920901,0.565331679715729,0.585288251255331,0.5956184806074833,1.014695806766365,1.0314132307918884,1.0528675632130875,0.052082662664369346,0.1727352186173659,0.7237462165314746,0.014293954755903678,0.01843943315700531,0.023492833985679144,0.041528302676390016,0.05434453531126365,0.13277110422050858,0.07881639420489367,0.0994451752334786,0.7789638826231805,0.06245507057593639,0.08208740720063278,0.7500843321063357,True,6837.2611490353265,3812,6748.631687541396,3800,88.62946149393049,12,3830.871900469688,244874.71130826895,0.2610220749102852,1085500,17200,962.0758736440912,1.7936152017406417
105474-M4_105474,105474,M4_105474,0.6732000112533569,181.8000030517578,37.29999923706055,20,20260850,10.751883868076655,10.761697340213605,10.77605010733804,-1.622763692346286,-1.5763928183163167,-1.544035588589743,0.21004900020683195,0.24212940430697621,0.27902656927727176,0.37874842978087936,0.3902897644996369,0.40184467366222243,1.0456275956299388,1.0907153555725246,1.3240565023523598,0.3922211596380443,0.4045775498010852,0.418762782958837,0.7742133675320271,0.7988424463244921,0.8312217433252632,1.7741620074916111,1.8763476511452801,2.0884790121676113,1.3805093784164473,1.4714456022827245,1.676478095557877,True,3868.6599034178557,3401,3712.211585722291,3389,156.44831769556438,12,3237.2873158272687,220833.57971190367,0.25079908267075846,1163500,18400,1001.6517043625936,1.1375065873031036
107362-M3_107362,107362,M3_107362,0.6766999959945679,239.3000030517578,23.700000762939453,85,20260915,11.035826988182986,11.044756264275637,11.054528938173686,-1.6530863625863161,-1.6335400135186053,-1.6120276996903145,-0.11141650067726894,-0.09775622823928445,-0.08459628528579799,0.19795149479189386,0.20953790690025653,0.2231505587215076,2.985550817705217,3.00325520558561,3.0866915852722205,1.77484298070824,1.787839533446566,1.8088865661065312,2.980545641997283,2.999310800629493,3.055788770358571,4.197162160222313,4.2150572271733076,4.298940683189211,2.4163271044118315,2.4311625871821443,2.488258869691005,True,4193.17303344832,3496,4025.390567167061,3484,167.7824662812589,12,3522.299806977896,227187.8046770948,0.2297456234338409,1215500,19200,992.3599024293944,1.1994202040756063
107370-M4_107370,107370,M4_107370,0.8435999751091003,181.8000030517578,17.799999237060547,117,20260947,11.032899457554043,11.041199456841994,11.051785063373572,-2.117012858089882,-2.069783291072822,-2.016116037018115,-0.009196222709992432,0.01650711409336117,0.04038978380507033,0.17903093233911027,0.19554084919822112,0.20998161010432592,2.892559690695799,2.9436862168811837,3.0015007516269705,1.6791594193828165,1.7200762605699214,1.7703536660859256,2.8410691926966214,2.906054759050204,2.9815534631274576,4.135011053280248,4.174511257228604,4.238119535991295,2.431891016127,2.4537345934204406,2.5084634380959527,True,3873.567999999143,3400,3825.5479397482713,3388,48.02006025087184,12,3528.5735259644207,221803.83635594262,0.18540458262357307,1059500,16800,854.5347389569506,1.139284705882101
107643-M4_107643,107643,M4_107643,0.7343000173568726,248.1999969482422,21.0,98,20260928,11.127523517361436,11.137401623545856,11.148068988881514,-1.6915816272393427,-1.6562963042036012,-1.6195861809123069,0.3162300300151406,0.33829567815253375,0.35919351709705105,0.1409547002986454,0.1585117799940098,0.17369342814285146,2.8766908915950427,2.9383943341647973,2.9954619585035127,1.6458764181061551,1.7084261518706323,1.75787154958201,2.812221864663909,2.9004466229963533,2.9791188486550695,4.13268414809017,4.182036132275396,4.235413648295983,2.445612557895381,2.466761943786299,2.53444756334368,True,3854.0204687006562,3508,3837.232778093577,3496,16.78769060707924,12,4096.782954622876,227899.25537623648,0.3216277288562843,1189500,18800,969.7860299469903,1.0986375338371313
108989-M4_108989,108989,M4_108989,0.8277999758720398,310.29998779296875,21.299999237060547,94,20260924,11.63615199512988,11.648966504371097,11.66277150784816,-1.8453377471659502,-1.8280641749961868,-1.8081507337976856,-0.11766211920324941,-0.10674217954682236,-0.0966077090756914,0.32133614710951314,0.33573490948544593,0.34942490398845877,4.616736721838253,4.7001636413357915,4.790010235145404,3.5301381944408985,3.6058585889296477,3.696093276509278,4.638616439553104,4.724257037490491,4.823899877049974,5.813565955195655,5.8605063127138,5.906429499641848,2.2025688325834647,2.256899086277393,2.2924253697737442,True,4602.782716502727,3747,4467.454592342662,3735,135.32812416006558,12,4221.645638996116,243101.4038871301,0.3300404000487594,1287000,20300,1032.3854415118694,1.2283914375507679
109352-M3_109352,109352,M3_109352,0.724399983882904,248.39999389648438,23.899999618530273,84,20260914,11.190561662261983,11.203124498178925,11.225319941468692,-1.9429665854278027,-1.9119163647756703,-1.8785289046029179,0.248938595217254,0.26868179921630864,0.28925971929432165,0.3733303342758139,0.3886856735492796,0.40307666116888435,2.995384992128609,3.059924494309012,3.4112368420919825,1.7838164235083256,1.8089725927455622,1.9539597754261213,2.993380933727398,3.0516040336859036,3.3723494164038343,4.204791552414511,4.271158915256321,4.6324889310954545,2.4209962485807788,2.4637460974199463,2.6722826165971725,True,4161.700806986084,3542,4025.022183969783,3530,136.67862301630146,12,3868.934933669267,230485.71314906585,0.21265950075873077,1209000,19100,1028.88483262714,1.1749578788780588
109713-M3_109713,109713,M3_109713,0.7275000214576721,181.89999389648438,24.200000762939453,81,20260911,11.04188678154266,11.050409131479071,11.06200560950014,-1.9176983528138905,-1.8985011202929059,-1.8729409997939657,-0.04000836639651495,-0.02513667112542703,-0.00959359207989872,0.2490534687407372,0.26137085369559987,0.2745843087144196,2.960081090498282,3.0039389140618544,3.1319557846737505,1.7484094127176566,1.77707928117837,1.8219869451507946,2.9359395186696955,2.9888983909041977,3.0970928124734964,4.18204765406032,4.219586288403688,4.35914108841165,2.4262269883252525,2.4481643992694835,2.535263076781257,True,4124.011517619955,3446,4041.0386852550123,3434,82.97283236494289,12,3609.1290982663772,225603.0700728328,0.3374036083539241,1215500,19200,1011.4413298740983,1.196753197219952
109843-M3_109843,109843,M3_109843,0.7243000268936157,115.0999984741211,12.899999618530273,142,20260972,10.729415846800894,10.737645038633724,10.751890750019303,-1.9164910987590893,-1.8756074668457148,-1.8413769294187905,0.06058928715438985,0.08553776769489577,0.1065818835705155,0.29705909746406267,0.31444517334682465,0.33611766016660943,2.8608102245746996,2.9190644588021066,3.044308652926791,1.6459553350438276,1.688286461185136,1.741860600989679,2.797337260236433,2.8665028915752933,2.982263364330584,4.114420463534372,4.164808604342558,4.311016777047048,2.453002787424527,2.4719523972344164,2.589529203491231,True,4104.020514894075,3430,4059.33975209199,3418,44.68076280208475,12,3614.5935991222464,225568.83149684925,0.2863515179642807,1098500,17400,908.6931382250041,1.1965074387446282
111390-M3_111390,111390,M3_111390,0.6672999858856201,133.39999389648438,32.400001525878906,43,20260873,10.829579868320613,10.838811124783406,10.848179702231263,-2.150414748807564,-2.101071147000633,-2.0401810122966997,0.15215628506020665,0.17986149138212154,0.23618497119089216,0.015986047871123888,0.024638122143610816,0.033944230864116506,2.938708873575811,2.9911023693206653,3.0117069285006446,1.7288447863076517,1.7804285130730308,1.8004728757815882,2.9038272227308832,2.9809684445619373,3.0050047526142776,4.16663409460746,4.198713986655629,4.217594012781068,2.407552312810296,2.4243480305828857,2.441458005198349,True,4463.540128876746,3565,4265.2418032773585,3553,198.29832559938754,12,3479.9730715388187,232873.1959216892,0.18467184928746405,1137500,18000,923.0890629831702,1.2520449169359738
112534-M4_112534,112534,M4_112534,0.9836999773979187,283.1000061035156,6.400000095367432,179,20261009,11.206833988493287,11.217638980364079,11.229446584960979,-1.6796458371252714,-1.6528638718556175,-1.6279519160997324,-0.19613554469622468,-0.18744988225962259,-0.17124066537560162,0.17897777767196552,0.20737942507804277,0.23377392881534964,2.996861329109986,3.0142939740897576,3.1135939757093043,1.7933850976986507,1.8032217126915013,1.8481714997239762,2.9964171327178457,3.0167740853384526,3.124955181617791,4.200432448932654,4.221342414503796,4.33375412134267,2.4062621853955166,2.418241908292407,2.484137170313124,True,4313.926240717878,3840,4247.669064972773,3828,66.25717574510396,12,3349.6352293605546,249714.31090610885,0.18144857693656333,1066000,16900,879.3406654847786,1.123418291853614
113852-M7_113852,113852,M7_113852,0.6751999855041504,292.20001220703125,39.5,18,20260848,11.313042588802,11.320609370661934,11.328814721695453,-1.8831669855993873,-1.8697741316100767,-1.8585137816190564,-0.09027578687217924,-0.07871979088559208,-0.06481223925867158,0.11302332222920851,0.12259514835254476,0.13060850745547606,3.0022169814266504,3.0143183093003483,3.061133282890567,1.7990300272818431,1.8029355662807678,1.8174913857233324,3.000702089198901,3.0099719279044894,3.044929596541672,4.203020577839049,4.2151264266652655,4.261415445580789,2.404356909566733,2.4116887437453136,2.4423481380708423,True,4319.4171762603555,3516,4025.049526545536,3504,294.36764971481915,12,3122.5152434080023,228097.73917506132,0.1957854625082549,1137500,18000,918.4438953725621,1.228503178686108
117010-M3_117010,117010,M3_117010,0.6765999794006348,163.39999389648438,18.299999237060547,114,20260944,10.764843572966655,10.774556579429422,10.786269130547717,-1.8767951869783353,-1.843351066359318,-1.80740902522498,0.09890092837939,0.1175991024767418,0.13540768300511047,0.2918349455323093,0.30515882467570987,0.320785324991474,2.6602778188062755,2.7150754116609948,2.8794729200081517,1.465788176625396,1.5027720550426489,1.5408276142062125,2.540825055772248,2.600852455503713,2.7081476698723095,3.934752162287891,3.994259274208159,4.213191801441035,2.4589353556011733,2.487251264316063,2.682945193631675,True,3966.5038529220037,3426,3922.6220471784677,3414,43.88180574353607,12,3880.474182111151,225591.09441755665,0.26660650714935236,1157000,18300,950.1259607123211,1.1577652810630483
117400-M4_117400,117400,M4_117400,0.6686999797821045,245.60000610351562,36.099998474121094,26,20260856,11.306218854515329,11.31496779247758,11.324538769139224,-1.3937470475794653,-1.3727223867649092,-1.355338066437851,-0.07278915124948869,-0.06208480829205634,-0.052969436666586274,0.22425396028017808,0.23539904021914515,0.24559053709695838,2.9425585358906527,2.982150061046581,3.1398905162144053,1.7289046197452964,1.750666889910921,1.7875584779276865,2.907623866337476,2.948630965773018,3.04580105032688,4.16884116209145,4.2049163080748855,4.384561997768867,2.433504877122065,2.4576050203091917,2.5992192519218364,True,3951.127755038626,3378,3824.3589293266323,3366,126.76882571199391,12,3572.91072855488,219072.45725775376,0.2753341443014,1306500,20600,1069.2046717992052,1.1696648179510438
117694-M3_117694,117694,M3_117694,0.6830999851226807,194.60000610351562,24.200000762939453,82,20260912,10.92705970118112,10.938541893972943,10.958324780839158,-1.9892185751126614,-1.9716588793024674,-1.945198507078858,0.32900410576237654,0.3522699487418163,0.37452879236159997,0.23252032376225432,0.24401004300668697,0.2555256335556213,3.0076099299376216,3.124761333442491,3.471703969299935,1.7994031712488887,1.8401786728356668,1.9833699142549135,3.0059622201374805,3.1044698024904585,3.4121389067263586,4.209943099818014,4.326775081312087,4.682242422527977,2.4131752573155087,2.4884490229287946,2.6833615889543716,True,4162.957569089267,3520,4130.149467623719,3508,32.80810146554842,12,3682.2386351393866,230608.67553909522,0.21806341150493466,1079000,17100,903.5718050645664,1.182658400309451
119474-M3_119474,119474,M3_119474,0.680899977684021,265.6000061035156,35.400001525878906,30,20260860,11.345355731877707,11.370880110554257,11.386685311224161,-1.6250828141184634,-1.6091612941891866,-1.5907825547174457,0.03696862077192681,0.05592759708885728,0.0678979429819136,0.10123491137138864,0.10892336985046554,0.114952021323092,5.16750375693218,5.407360986317357,5.535534820442009,3.611786004794275,4.302323819906295,4.9521585090860425,5.633537161154648,5.819804463976654,5.89837127599673,6.698051245803272,6.772558166932075,6.803984891740106,1.851826382654063,2.4708937675567264,3.011780675845252,True,3951.7404072446543,3485,3829.483944299161,3473,122.25646294549318,12,3710.765957782391,226147.4960843782,0.1902539926470246,1248000,19700,1090.9922439316288,1.133928380844951
119802-M3_119802,119802,M3_119802,0.6819999814033508,202.0,25.399999618530273,75,20260905,11.050356847159781,11.060272874526154,11.07003332024684,-2.106866622856764,-2.076206049661173,-2.0440613251893525,0.286247921962907,0.30796147530101925,0.32823445011889263,0.35088812877158826,0.37064995473782386,0.3874474954371408,2.993233795689728,3.0055897329807433,3.061127535646508,1.7856426087979544,1.7945748740756602,1.8139131319225388,2.9921654384818055,3.0032954325468264,3.053041556657955,4.201522872124419,4.211101240640028,4.266740672407648,2.411622507397771,2.421370726797688,2.4553280787107834,True,4400.419798864881,3473,4206.610971299562,3461,193.80882756531923,12,3324.408684619819,226042.4096691021,0.2308745595357596,1157000,18300,966.8747640708461,1.2670370857658741
119809-M3_119809,119809,M3_119809,0.6801000237464905,105.5999984741211,5.699999809265137,181,20261011,10.14844820536821,10.226993870573597,10.312243948064799,-1.4556733064664513,-1.3428569511748685,-1.2654887169141649,0.39401148384779905,0.4649498636717477,0.5553594367276982,1.0083863545221232,1.0549330884401158,1.1041831083846276,0.6981198058653225,1.1757823903842284,1.7692301146076401,0.26203511173061256,0.3480399905223386,0.4476543092114981,0.5678490942299792,0.7500298761009028,1.014240917621486,0.8750353098945383,1.93303377590694,3.230455783845253,0.6157481328268225,1.5785354141685186,2.7612100292659933,True,4382.349349548613,3569,4263.969405744069,3557,118.37994380454387,12,3454.3277121083647,232771.25360101098,0.28310590019691373,1072500,17000,989.7357813734561,1.2278927849673893
120308-M3_120308,120308,M3_120308,0.7279000282287598,222.6999969482422,29.0,61,20260891,11.215891267826448,11.225175524948936,11.23510757821217,-1.581231266990839,-1.5627774658466693,-1.5444073173468704,-0.1690675943644145,-0.15634579054772468,-0.14444755351429098,0.22991772563490429,0.24034935053848905,0.2511517732764897,2.902366345706348,2.9351479974025807,3.006509892172395,1.68813380034433,1.7149029553244648,1.744082237608894,2.8534014366300595,2.8933554033387887,2.9687981354967548,4.142679542466912,4.168709757122382,4.244612110583066,2.4411428147619443,2.456380119599025,2.5040082608218652,True,4251.084668810486,3544,4123.3199263129145,3532,127.76474249757155,12,3205.7969264706962,230499.30146988432,0.2407081411170908,1150500,18200,956.5214606150985,1.1995159900706789
120372-M7_120372,120372,M7_120372,0.9415000081062317,267.8999938964844,19.100000381469727,109,20260939,11.854484130988288,11.868112156650774,11.884318622299805,-1.845901736407779,-1.8235056524511695,-1.8027753190175693,-0.19812883652429414,-0.19359712854773037,-0.18713945579354166,0.6833061737121174,0.6993399720355364,0.7158483791302409,4.257810454804243,4.343553209979422,4.442353832792872,3.331093435309574,3.4209136011596577,3.5007306721033227,4.321535581603609,4.3965892876292205,4.489077715406042,5.343770673594594,5.399534579205058,5.457993073358693,1.9373214751732601,1.9802802302046925,2.030908926839102,True,4493.334142674188,3799,4322.925197510955,3787,170.4089451632331,12,3827.5386901946144,246858.59708791444,0.30980253169005284,1449500,22800,1168.8715086551383,1.1827676079689886
120488-M7_120488,120488,M7_120488,0.9334999918937683,267.8999938964844,13.600000381469727,137,20260967,11.354784065012906,11.373468953193491,11.416469858131,-1.6098013945382919,-1.5772775564151607,-1.540546759950016,-0.05992851006323134,-0.0414890310425768,-0.019758295986971503,0.5907265405912061,0.6083298321949517,0.6257625421005487,2.8671229336523005,3.035776881423133,3.5327504299341204,1.6365596044394972,1.695244768171406,1.9583503317355409,2.7968914475453506,2.9367255881078735,3.604621299381972,4.134392071642197,4.372050119890816,5.062364626159678,2.4854184477569663,2.6848794013354347,3.1646887879003267,True,4186.655968708952,3814,4086.744626826619,3802,99.9113418823333,12,3649.1374376901053,250717.16796552634,0.35994968623888535,1267500,20000,1089.4042051741853,1.0977073856080104
120540-M3_120540,120540,M3_120540,0.9553999900817871,163.89999389648438,15.100000381469727,128,20260958,11.315287887974062,11.324858963288445,11.334813786065881,-1.5490071676217319,-1.5042634355694915,-1.455337327095659,-0.008964724793754698,0.011382734591264354,0.03325919153913228,0.5735751704719055,0.5860856348013346,0.59963214188572,2.770341609781598,2.8253719357192226,2.8877605057731968,1.5662958438402164,1.6073901947363858,1.6550238062646114,2.6859379793835583,2.7509184500971826,2.8241296312673074,4.047171002089535,4.094219039129106,4.164063410151614,2.464537098476113,2.478682690859973,2.5406806841790797,True,4265.89959578101,3825,4084.35369493312,3813,181.54590084788987,12,3618.7386103903596,251246.56666221964,0.16106673403397354,1339000,21100,1097.0107893859968,1.115267868178042
120758-M7_120758,120758,M7_120758,0.9365000128746033,244.1999969482422,9.800000190734863,159,20260989,11.231870988431986,11.262261873802451,11.287103025773442,-1.6746464958259293,-1.6436901656783653,-1.609205352281143,-0.06492125042487969,-0.04265038970608062,-0.02029588597864755,0.5359680198666359,0.5549905027960776,0.5760346714847506,3.186817887393224,3.4994324233759464,3.6983140718529603,1.8742670087831508,2.1018378341142365,2.374229236567366,3.1945590017655916,3.5669367517486132,3.792664635216185,4.404780061846188,4.741869507425295,4.996667956652985,2.4509861335440273,2.5345866009547624,2.7762952498394906,True,4044.7786609880395,3784,3921.8731354140464,3772,122.90552557399303,12,3421.5667887291906,250423.28973967955,0.226670149847942,1157000,18300,1011.9989614002407,1.0689161366247462
121482-M7_121482,121482,M7_121482,0.9359999895095825,223.8000030517578,7.300000190734863,171,20261001,11.031364716231577,11.078621001495499,11.121364526303427,-1.8366171042651642,-1.7650352072465658,-1.70429335716356,0.06895191705645724,0.10114970036973642,0.13430308621951198,0.3877800464189733,0.4204554631398163,0.45070493887156343,3.1460349996520396,3.774038050103446,4.187679454125594,1.860167836713886,2.3304973201804495,3.0565392290465527,3.1534242381948485,3.8714256616651346,4.410407741037361,4.3819728179071475,5.090870443604088,5.52714210230275,2.2829046009005816,2.528723492849033,3.0005651006296024,True,4451.295016098206,3830,4374.496550748472,3818,76.79846534973404,12,3786.17796950635,252852.07365224522,0.15202092456195213,1131000,17900,975.7470534564927,1.1622180198689833
122025-M7_122025,122025,M7_122025,0.7476999759674072,155.1999969482422,14.0,135,20260965,10.97325080335953,10.981692688152085,10.991161413825191,-1.6503050030818287,-1.6320335057802091,-1.6153147559155698,-0.04974034675595686,-0.0329352104478977,-0.016324932276370517,0.35179078210016246,0.3710701835930313,0.3923094740983523,2.9986810528402716,3.010313466637857,3.0586169421190923,1.7941150637997871,1.7999395511071654,1.815611455399876,2.9967305189050766,3.007365414507637,3.048957044483109,4.202036587922816,4.214068834913747,4.266066522171433,2.406623981046233,2.414592973478967,2.450159922668677,True,4512.96837842255,3790,4425.456304701082,3778,87.51207372146754,12,3344.1869522564657,249367.49177218584,0.25739643552065905,1202500,19000,967.3654397865757,1.1907568280798284
122242-M7_122242,122242,M7_122242,0.6032000184059143,124.5,26.0,73,20260903,10.756378752940542,10.764788467138148,10.773549840289137,-1.780559716402941,-1.759077702832287,-1.7048657342078757,0.057853185420103856,0.07092342435923447,0.08405354846414402,0.12303597860549233,0.13404150544045632,0.14556347549868962,2.9808060117505555,3.0101001735040165,3.102892220704098,1.7606380864658844,1.7945028291042122,1.8208271995610352,2.9573656209017263,3.0017612288081574,3.072681985586283,4.194582803599342,4.215462756908412,4.301124859946162,2.4118982709548096,2.4314925908382388,2.4951089337767995,True,4057.931720352319,3528,3980.209258818624,3516,77.72246153369495,12,3282.4941059785892,231548.6741207405,0.3120024650763977,1163500,18400,962.8646172946319,1.1502074037279817
123161-M4_123161,123161,M4_123161,0.7994999885559082,195.6999969482422,21.0,99,20260929,11.133280356197883,11.159098073868794,11.18078779903895,-1.6964594362465992,-1.6729831343010593,-1.6478774997751566,0.05500783288370291,0.06956841308956874,0.0828104510504883,0.2453215959287342,0.25902125507101437,0.27638027614969163,3.726328262401132,4.0025371130631475,4.270054381738226,1.631580603271694,1.7996372247374608,1.9562210575480101,3.737312909594074,4.686635019514222,5.219700001086922,5.777423069709864,6.02572255159963,6.144885705019948,3.8919729013467155,4.238427714963336,4.338451602803134,True,4213.192744915329,3633,4176.469191752983,3621,36.72355316234673,12,3944.659999894857,237909.24562305998,0.2762541416068296,1306500,20600,1138.6623260322958,1.1597007280251388
124231-M4_124231,124231,M4_124231,0.6771000027656555,211.0,34.5,37,20260867,11.216967841530009,11.225166153625846,11.232479937048563,-1.8778136201111142,-1.854789466391109,-1.831369797527121,0.24469627146346318,0.26109650001396656,0.2740721885074882,0.19323629675911508,0.20425010459978074,0.21229163276819266,2.8872499973788255,2.9135959316853337,2.950588314281759,1.6762491561303952,1.6967544528550218,1.7237240472883548,2.834371392456643,2.866545439637149,2.9068142696556833,4.131693185471059,4.1511178327530995,4.183212926486531,2.4426807218064615,2.4532008186283263,2.473460047727822,True,4463.282732886348,3578,4359.680371720715,3566,103.60236116563298,12,3613.822542521472,231689.45500466364,0.3006500815978296,1267500,20000,1031.8073778934777,1.2474239052225677
124875-M7_124875,124875,M7_124875,0.6025999784469604,168.3000030517578,31.5,46,20260876,10.816725501270982,10.823855310348694,10.834941035910367,-1.7027670619243813,-1.6798722593594828,-1.6613176036089308,0.07872749057350191,0.09097254189914808,0.10436274112928967,0.1099040708189515,0.12070720354472822,0.1298097626926079,2.8429991859114745,2.8823952387658256,2.983712523124052,1.6310438272140988,1.655595275345259,1.6883895603258217,2.769432386227421,2.8124156770097017,2.888175190275096,4.098575720394313,4.131186129177075,4.23818333830177,2.458301159821649,2.47495178242931,2.558149498642335,True,4002.8260775990125,3502,3972.3133548933974,3490,30.512722705615015,12,3702.906938749217,229775.12741261962,0.2574229613287262,1196000,18900,974.0205294825137,1.1430114442030304
125213-M4_125213,125213,M4_125213,0.6772000193595886,245.89999389648438,27.899999618530273,67,20260897,11.010619207515628,11.018227967570983,11.024350074500662,-1.8928393950913893,-1.8792111792488295,-1.8643656031029547,-0.08116841809179004,-0.0669544300828232,-0.05506303205568318,0.19475015592949682,0.20455796771021117,0.21565636322676177,2.997189714965752,3.0092992640011103,3.0467771412387052,1.7912383328224049,1.7998185264367974,1.8113235449186884,2.99219953909845,3.00546646686765,3.0346326867299993,4.200773385796031,4.211211923625473,4.248358578529834,2.40638432248709,2.4144526248142455,2.4410729345066637,True,4248.414883240429,3470,4119.538832955996,3458,128.87605028443267,12,3693.1459160210725,226654.2925635451,0.25462875308354144,1131000,17900,915.7007700549439,1.2243270556888843
126153-M1_126153,126153,M1_126153,0.6822999715805054,115.0,10.300000190734863,157,20260987,10.606136023593741,10.702735809431555,10.735536386266254,-1.6118088655836418,-1.5584379379252988,-1.511808091234823,0.0740789388485139,0.09434937342412054,0.12099247026658733,0.48301840374926774,0.5051325010523516,0.5255219319625464,3.11243645214445,4.415815931284861,4.8446437970892955,1.4680243142810598,1.8583282648071564,2.146476323749376,2.755921149211258,5.283663644094833,5.679751753158053,4.759526933648283,6.553199982119546,6.711635225744834,3.352180693913541,4.535999402706464,4.740643478041234,True,4106.297013347721,3505,4071.785711660411,3493,34.51130168731008,12,3583.0807660712912,231033.15572619325,0.18913637419970847,1124500,17800,997.8881296766922,1.1715540694287363
126578-M1_126578,126578,M1_126578,0.7504000067710876,169.39999389648438,15.100000381469727,127,20260957,11.288747270828212,11.338582862537681,11.386748910325247,-1.7967694710229338,-1.7647014134230623,-1.708903969287507,-0.013314421999613534,0.01788314541765415,0.037315464758868,0.2676815782660341,0.282821758597248,0.2980538271768124,4.326854528961,4.809341348676615,5.455183712542945,2.771797094795835,3.4910565444907395,5.076800451162221,4.367895830538644,5.18864988374041,5.804830675224746,5.910127074138145,6.2863885826935375,6.5328608992872725,1.4560604481250508,2.7008501153930737,3.1077251008318214,True,4276.918447350793,3557,4133.538757646791,3545,143.37968970400215,12,3749.0848267003744,229956.32744049502,0.18365241289812348,1124500,17800,965.2383370995522,1.2023948404134925
127946-M5_127946,127946,M5_127946,0.9387000203132629,199.8000030517578,5.900000095367432,180,20261010,11.422616668557117,11.44703469092659,11.47812439986134,-1.314905825198279,-1.2677578454591236,-1.2449213944105522,-0.15118058337978507,-0.12120417362624858,-0.09477993507504943,0.3342518479647628,0.35614134180223955,0.38491270247258974,4.008208814135444,4.24494136178965,4.530902501419187,1.6750207802534598,1.9878704461523733,2.559783170108508,5.118254143936113,5.253877518456193,5.347137206406863,5.712317589024319,5.766566938832351,5.803870814012619,3.1331455159512487,3.743553716775209,4.046729021915191,True,3813.0786765634507,3782,3785.8012397635457,3770,27.277436799904905,12,4135.097406743562,247073.58191193562,0.22403492733830233,1176500,18600,984.0115783438087,1.0082175242103255
128311-M5_128311,128311,M5_128311,0.7303000092506409,276.20001220703125,26.0,72,20260902,11.384006299486646,11.399462690281638,11.415054031665157,-1.8247996656172243,-1.8026885198854417,-1.7820487754433592,-0.1261392111170236,-0.11556998409530281,-0.10510058140479482,0.3192635352569767,0.33118411234660694,0.3444427524394732,3.7737566191276644,3.9985270229988106,4.2384046821120975,2.08163606784929,2.2408323042105605,2.4049460930012767,3.7125040649335945,3.994861413560545,4.363709714942631,5.254680005367137,5.784902404230392,6.080561727072524,2.9757702780601494,3.577179134960253,3.782945481692077,True,4245.465819366601,3693,4127.222196447376,3681,118.24362291922495,12,4321.981869621763,240839.47142055546,0.2844939167394249,1228500,19400,1063.1169926682487,1.1495981097662067
129596-M2_129596,129596,M2_129596,0.6955999732017517,184.89999389648438,18.600000381469727,113,20260943,10.762011113527192,10.798862025703162,10.830656167384177,-1.78540704170215,-1.7625783455433854,-1.735844983476406,0.03474442388019995,0.05046423607212877,0.0677434801950695,0.13588898117340623,0.1477628448448064,0.16265229630179767,3.01634669592002,3.5725102339226478,3.997532205372877,1.8000353797196542,2.0024375846230273,2.185410162966912,3.009192577033903,3.509206457407452,3.946353394055463,4.217400215031828,4.830943543896826,5.84581789962523,2.4283438747467465,2.7949522807932143,3.6764128508168645,True,3825.3507614946716,3575,3738.020952682596,3563,87.32980881207533,12,3851.131854255343,236090.55683812825,0.26026714962120767,1085500,17200,937.1426359442994,1.0700281850334745
130005-M2_130005,130005,M2_130005,0.8341000080108643,246.10000610351562,18.200000762939453,115,20260945,11.36717665988628,11.392496512355919,11.406188990902628,-1.5669939936782626,-1.5341711619727558,-1.5028506296823985,0.09203491064218061,0.10761332751860354,0.1271133547463751,0.13163626435521525,0.1471311878774442,0.16436146610518793,4.313280002432676,4.765534236535554,4.940299020056519,2.5974109221286783,2.8616371818660102,3.373948311154999,4.9261642820907525,5.447884173403654,5.570700157044983,5.9399134858291385,6.13284662139322,6.181973014849753,2.7349996113736474,3.22264725209722,3.4549317796068144,True,3841.413560323081,3381,3747.0850894830555,3369,94.3284708400258,12,3916.4089309515157,219185.87803947332,0.2834058070719016,1157000,18300,981.0231465287507,1.136176740704845
130052-M1_130052,130052,M1_130052,0.6040999889373779,208.5,44.29999923706055,9,20260839,11.37681239839169,11.388335734870054,11.397297004073323,-1.653715991591418,-1.639485766329292,-1.6272494023326145,0.017154823687821903,0.025741565550543646,0.035215498065766605,0.1420477230690478,0.14933731679864104,0.15664581001519448,6.14684141961821,6.271914935630626,6.334304158092974,5.37812648937665,5.483982513034128,5.527292822677953,6.315518413582413,6.381678428368335,6.408747371895727,7.252910337788173,7.2793743437025435,7.2902019211135,1.7629090984355458,1.795391830668415,1.874783848411523,True,3762.6464058674246,3602,3678.2147770007514,3590,84.4316288666734,12,3046.6012191135746,234625.26483008577,0.28230741968925377,1209000,19100,1017.806756994687,1.0445992242830162
133240-M1_133240,133240,M1_133240,0.7282000184059143,130.60000610351562,11.399999618530273,152,20260982,10.705504747640383,10.716838435966316,10.738998948550266,-1.7196646529912583,-1.6859304601212406,-1.6602658789546225,-0.06315590212164189,-0.0417702694958008,-0.025298678884759413,0.3760478980996296,0.3989424590679176,0.41862200008973316,3.0036436173519183,3.067199225529903,3.3753306640002285,1.7974203383465386,1.817678355775324,1.9399973957689185,3.0019038041663397,3.0523450510264407,3.3204304168509484,4.2075091642964875,4.273012092468292,4.611805041257378,2.411036769307578,2.4538380395463486,2.6724224139710095,True,3863.9595509824194,3572,3833.1069820270673,3560,30.85256895535204,12,3519.0256190086875,236708.77224853364,0.19742592422213723,1137500,18000,934.4559247400612,1.0817355965796247
133501-M2_133501,133501,M2_133501,0.729200005531311,211.5,57.70000076293945,4,20260834,11.173432075482012,11.18042894030388,11.187963925735023,-1.970555024557646,-1.9533276772392862,-1.9348102219741428,0.04316635587682257,0.05331206934488013,0.06487487197034973,0.13483793911862352,0.14359799283400898,0.15065752956797065,2.640709259748832,2.66320072250992,2.690767178950275,1.456236212318485,1.4765688194521895,1.4946611971732526,2.5228475061496454,2.549523121889701,2.576636266977531,3.9127343924011697,3.9380234236560847,3.9671980375305296,2.450734680976317,2.4596094048861286,2.478041864577548,True,3956.025824772435,3594,3850.262328098119,3582,105.76349667431606,12,3181.383729136269,233032.42450902893,0.18629885762629106,1235000,19500,1003.5230579655617,1.1007306134592196
134021-M2_134021,134021,M2_134021,0.7493000030517578,239.39999389648438,25.799999237060547,74,20260904,11.068413022600328,11.07687149135503,11.087106394767734,-1.699363356558183,-1.676341441684375,-1.649158874411821,0.07174802071949425,0.0862756635007841,0.10055354166536488,0.3357035002659584,0.350257765863189,0.36393675533786973,2.523852976414336,2.5749659014282713,2.658480515246075,1.3598703902414335,1.3931936680162247,1.4348707419000744,2.3896208655678675,2.442209285753723,2.511150666655117,3.7661537094833175,3.8374612005123296,3.956412800671077,2.4044227556598026,2.4391834649090445,2.5415969446118516,True,3851.058043704865,3570,3748.4499278542576,3558,102.60811585060779,12,3714.128065420704,234251.51192032217,0.3106197900925615,1267500,20000,1062.5432662647218,1.0787277433346962
134391-M2_134391,134391,M2_134391,0.6834999918937683,247.8000030517578,44.599998474121094,8,20260838,11.100717597534913,11.10856815500026,11.117534550920979,-1.9785093158288494,-1.964571104814547,-1.9499171116817975,0.06976667971870167,0.08118196649590279,0.09126218769392881,0.14020165862446385,0.14676672602068908,0.15468866083497143,2.995362087586984,3.002802390539987,3.0227073411204395,1.7901062773665073,1.795744865469131,1.8031456639926902,2.992665242061736,3.0007794318470604,3.016771905097812,4.200186418696951,4.206361396444272,4.225877075173237,2.4068929361753297,2.4120215870599466,2.4247315572115227,True,4289.49995296585,3579,4054.539149240684,3567,234.96080372516633,12,3294.709630322543,233513.94928043545,0.27286151067468545,1248000,19700,1047.5348759554327,1.1985191262827186
139423-M1_139423,139423,M1_139423,0.7494999766349792,187.10000610351562,28.100000381469727,66,20260896,10.963314442597603,10.973169681378465,10.98385086950794,-1.7361419224653776,-1.705798780541104,-1.6733178068699268,0.1617407892761899,0.17971444817119214,0.20129436915576882,0.3067664120128132,0.32586475089567823,0.34734583647902656,2.162879425845932,2.2506138774059394,2.3459193743733975,1.0937560795956418,1.1445821319432858,1.191420859200187,2.024549767587491,2.1013642015165477,2.1699395320900714,2.9550634109554563,3.1583243182134115,3.414098701987649,1.8531339279105776,2.0133778970339895,2.207789701996696,True,4018.6934634740956,3468,3971.646933352825,3456,47.04653012127052,12,3632.741373062763,226817.0396276142,0.29801683082715924,1209000,19100,1025.1667917827144,1.1587928095369364
139662-M2_139662,139662,M2_139662,0.6705999970436096,206.0,17.299999237060547,119,20260949,11.026426634750068,11.044639025811366,11.062991591636415,-1.3001119741774407,-1.2689372083978134,-1.2464771315252299,0.016550521173842238,0.04115431053982691,0.06821470259074498,0.33247223017513455,0.3548997653840217,0.3769198523300629,5.006765243924458,5.206391123805702,5.371879463779227,2.569276829884788,2.932261652316963,5.017668288816672,5.6943318725008245,5.861784582614755,5.936639826493296,6.75868818257293,6.825669266618502,6.855611364169918,1.8379430753532455,3.8801911711021777,4.205050906807438,True,9255.6407329561,3442,9209.158489421254,3430,46.4822435348468,12,3663.35047189035,222329.40737424293,0.24569063958383602,1339000,21100,1119.0085107591003,2.6890298468785883
143127-M7_143127,143127,M7_143127,0.696399986743927,184.60000610351562,12.199999809265137,150,20260980,10.866043249193284,10.88840848175328,10.928536916363486,-1.947137960072468,-1.8982078528545057,-1.8523387652854726,0.33206384509693276,0.36338589626382345,0.4011169302585443,0.21783297089909762,0.24036210417926912,0.26510039663480867,3.0108211837094707,3.2901099074269506,3.980855205183462,1.7981406525694545,1.8951560858819618,2.2664984923355087,3.006683436738958,3.253576022525303,3.9046549841665423,4.214407253515352,4.511688382230773,5.685360133618525,2.4184500776414564,2.589755239947779,3.2066278988147507,True,4297.720013927698,3549,4257.8693295108715,3537,39.850684416827235,12,3371.6897607780916,231463.35293075338,0.257820935555446,1001000,15900,848.6708482727408,1.2109664733524086
145276-M8_145276,145276,M8_145276,0.7505519986152649,161.3000030517578,17.200000762939453,120,20260950,10.874515366547307,10.883828499324132,10.892596178271889,-2.002243073478403,-1.9438833647650093,-1.8994704046666793,0.31523759257711703,0.3369921146532404,0.3622670182562123,0.11576017425528398,0.12683260167534088,0.1401426830956425,2.9089597579911812,2.963464826153462,3.0068749164177437,1.6939067634933802,1.7429417024931155,1.7890819920181211,2.8600739296187974,2.9361648238569584,2.9986614985807787,4.147891406725631,4.186073308258372,4.228949048343884,2.421898446249404,2.4420074613267793,2.472704905825773,True,3892.1640935762157,3528,3870.6235345520063,3516,21.54055902420924,12,3610.7935554276755,231300.547664079,0.28424758001040784,1079000,17100,868.8406355204061,1.1032211149592448
146213-M7_146213,146213,M7_146213,0.6875,165.6999969482422,19.200000762939453,106,20260936,10.939455511152477,10.949921114087712,10.965124042101232,-1.8343000724386571,-1.8083855518028915,-1.7792260213373496,0.28265163109014485,0.3008825033951599,0.32019944140497053,0.2205125345232851,0.23325970116250533,0.2444311509730698,2.9917279695583905,3.027474591129768,3.2054510593114602,1.7776714774684144,1.7961269438463554,1.8557646976915656,2.988304428262792,3.018680444702629,3.1783193318872227,4.201365754562394,4.235837013522181,4.418609268968594,2.4207448265857603,2.4437380484859004,2.562294110871457,True,4009.3248405654917,3569,3970.259232572989,3557,39.06560799250311,12,3603.368720437639,233596.16097015448,0.18333870044690262,1124500,17800,917.7743647797033,1.1233748502565122
147270-M7_147270,147270,M7_147270,0.8472999930381775,230.39999389648438,20.799999237060547,100,20260930,11.397813869153264,11.41131141502238,11.423391250915703,-2.195423972256553,-2.1706873922993144,-2.1437032635945665,-0.17218922978089818,-0.15710761474190788,-0.14290440352173686,0.3639651695525973,0.3786286698067154,0.39543581682811046,4.439130256778155,4.5122009762995,4.601492830655524,3.3901587038906227,3.45953149780541,3.5499272143742004,4.477622689431077,4.544198967047956,4.638211774218915,5.667723799751688,5.70916731390272,5.764185130281831,2.2096764587617015,2.2508215991943468,2.2848870986667644,True,4324.0093261692045,3855,4245.996218978642,3843,78.01310719056282,12,4084.926359439403,252616.0152989183,0.21093607490672986,1248000,19700,1024.3400855977088,1.1216626008221025
147539-M8_147539,147539,M8_147539,0.6958330273628235,136.5,30.5,54,20260884,11.038873594044668,11.056136322797023,11.070315540200658,-1.8029569075751168,-1.7859210504086445,-1.7714782557140905,0.05101756579966447,0.061268550836765384,0.07176902339964024,0.14611707465218332,0.15539304885650013,0.16221584618224338,3.7625789172941535,3.943406591849172,4.148784674424327,2.0491843204321567,2.1925953525891293,2.317679130222085,3.6482161620692852,3.8890313270073804,4.154556891942782,5.298168286004856,5.669318825324735,6.0513255216913056,3.0798809113686265,3.5231572128295423,3.8185853630622124,True,4325.790161958929,3570,4241.08719771589,3558,84.70296424303928,12,3849.378401738224,234014.67466305287,0.23337853455286225,1254500,19800,1076.6074744714424,1.211705927719588
147849-M7_147849,147849,M7_147849,0.677299976348877,231.0,29.799999237060547,56,20260886,11.079553327224946,11.087582919973354,11.09617182137429,-1.8851808146293652,-1.868368539017074,-1.853062345826968,0.03598015639659814,0.05040327341616013,0.06578243322418324,0.23187561566548454,0.24386691708990013,0.25469023631524507,2.996094336485399,3.0061638086988234,3.050006536645148,1.7916246950050754,1.7983540865696044,1.8117695502956428,2.99492680064707,3.0037052558190602,3.0389549914829828,4.2009525109814,4.208931349650676,4.2518698203269345,2.4070621408295736,2.4138117461895723,2.440670140062193,True,4266.770225474862,3572,4110.8421025432945,3560,155.92812293156712,12,3246.852845947233,232851.65414117742,0.1978956797179366,1176500,18600,955.5522103197873,1.1945045424061764
148698-M8_148698,148698,M8_148698,0.6755419969558716,144.60000610351562,33.0,41,20260871,10.660719630768813,10.667662559662514,10.674783414838213,-1.676132084040271,-1.656197417270925,-1.6323195677143718,0.3268455503596651,0.34396738083371803,0.35852019563855736,0.1806369465890175,0.18889941795794657,0.19787784171445424,1.6327327705602166,1.647140161761108,1.6589831014084866,0.8068517137896647,0.8253830163039649,0.8386230689148633,1.6243249883924373,1.6412523068948048,1.65231855111862,2.453322239655441,2.4609939473830926,2.4684758491523735,1.6266409044591446,1.6367635447229012,1.6490372682198675,True,3864.9053222377315,3599,3844.269381349046,3587,20.63594088868546,12,3546.4635376218853,236856.2025995204,0.24616188180537876,1209000,19100,982.4360759416595,1.0738831125973136
150848-M8_150848,150848,M8_150848,0.7011280059814453,270.5,40.900001525878906,14,20260844,11.101468299771529,11.10905363693735,11.115508014891118,-1.8359757917452737,-1.8246300079898679,-1.8136420437237066,0.03288391640141056,0.045466848948971406,0.05862317847335168,0.1333288303262606,0.14006274438894878,0.14732066107800967,3.002343454388842,3.0111712544792146,3.0467315667299326,1.7989602738154553,1.8018419460185444,1.8137529036701674,3.001036796046174,3.008295234076555,3.0368350347766984,4.20307432007245,4.2120792587626354,4.246540533537015,2.4043495545521725,2.410304851078273,2.4342115380332974,True,4054.7078823642564,3588,3945.2444784970003,3576,109.46340386725635,12,3637.777562181169,234700.4908065533,0.3265780125885923,1183000,18700,950.297685297206,1.1300746606366379
152125-M7_152125,152125,M7_152125,0.7871000170707703,163.5,16.0,124,20260954,11.081189918651367,11.090026254968489,11.099667923097872,-2.187716057265025,-2.1463806224581177,-2.090267045310468,0.17967517778677655,0.2123437651500663,0.23911289877587963,0.5609724349899036,0.5846578028646149,0.6088076486862121,2.96372839448062,2.9977103155129274,3.051660796575764,1.747917461008794,1.7895494811148194,1.8110656658635063,2.945285965580628,2.9964350006195817,3.0481650280271206,4.182566116688697,4.2053688842273225,4.265526555700738,2.41198447491845,2.42992667494265,2.468438430789651,True,4095.949146170768,3620,3966.083637328162,3608,129.86550884260643,12,3597.0648424678616,236775.6505756599,0.24766788775097395,1137500,18000,919.6440420979634,1.1314776646880575
156118-M8_156118,156118,M8_156118,0.8295459747314453,211.8000030517578,11.0,155,20260985,11.048497514679678,11.059766195766645,11.078938428310638,-1.8378630888430476,-1.8001556167721549,-1.7532975848262005,0.09294699031777637,0.11795962325505241,0.1430827531244388,0.28453805484605543,0.3041502093233863,0.3244284792094916,2.783012368004854,2.8527538475165772,3.1125792941170745,1.5732884946404124,1.6231899646912202,1.6909918830157573,2.6954425898947774,2.7752143351584357,2.9771828072767734,4.055085155569688,4.119385034673776,4.5059364294922775,2.46602586425451,2.502575819557924,2.8009205555604653,True,3976.8757445797046,3421,3944.5854517743373,3409,32.2902928053672,12,3353.753565433066,223412.16051686142,0.25211861392559226,1033500,16400,847.0414558844641,1.1624892559426205
160400-M8_160400,160400,M8_160400,0.6031960248947144,200.1999969482422,44.29999923706055,10,20260840,11.127895469619986,11.144664384776467,11.16861847518196,-1.515515403472122,-1.500394952277541,-1.464247925271405,0.03517703556544107,0.0462418608128845,0.05768284103114519,0.15282434265204997,0.15957396866509507,0.16850892264219897,3.0305090593313286,3.268559689606526,3.6109698885189943,1.7977738549717508,1.8705564650787743,2.0040742900970883,3.018629707810302,3.194300139614635,3.4770897300638532,4.236856344634501,4.4690315728509855,4.852973785583496,2.4396648277583157,2.596110913615318,2.8298068105662186,True,3923.1835987535874,3570,3850.3813161961025,3558,72.8022825574851,12,3441.4613029801544,232617.7444633307,0.23750975665500743,1241500,19600,1067.9826121516526,1.0989309800430216
161113-M8_161113,161113,M8_161113,0.8911049962043762,212.60000610351562,12.600000381469727,145,20260975,11.409752267807807,11.431293389665512,11.443637466977993,-1.6420199755926645,-1.618315468124518,-1.5743864303435642,-0.1382882429033741,-0.12476528084973254,-0.11200117436832167,0.5691457378683349,0.5829039941345932,0.5997324478711509,4.421548303249148,4.611801759370936,4.65603140140729,3.421996506572111,3.61589630478879,3.6596529922224645,4.484554818699012,4.63271017805674,4.679175201719042,5.567739247947613,5.645625613014824,5.67108385320641,2.002016092517473,2.029432454126032,2.133557575249653,True,4279.137528838128,3811,4128.589566786831,3799,150.54796205129722,12,3450.12647314973,250566.98544586054,0.26435799075780075,1267500,20000,1005.9737727306783,1.1228385014007158
161346-M8_161346,161346,M8_161346,0.6566219925880432,218.89999389648438,40.5,15,20260845,11.165548704165033,11.18388367903728,11.20070790319193,-1.6420995839294819,-1.628301830654121,-1.6127026288917758,-0.018697191917587053,-0.008644853441032281,0.00018171603647297935,0.11147921169476642,0.1194915093264032,0.12845586171114928,3.9410654345497913,4.167408021774337,4.341172860673811,2.0581431796301,2.247460359148827,2.475570940369884,3.887896705197126,4.188594741784764,4.435269819795748,5.792918944263033,6.109714903688934,6.292906111230083,3.641172980971398,3.747577839082647,4.017756564039248,True,3927.129713524659,3459,3880.2058217976682,3447,46.92389172699093,12,3347.966102267644,225817.18212018712,0.3037168906273417,1261000,19900,1121.7221763981506,1.13533671972381
162149-M8_162149,162149,M8_162149,0.7034350037574768,268.70001220703125,40.5,16,20260846,11.182821112703657,11.200130767598276,11.216209745233293,-1.798078035703313,-1.7829264833028602,-1.7684675220788246,-0.11726925524818341,-0.10873365037515217,-0.10037045245077891,0.19452360580358835,0.20202664924018288,0.20998395496969177,3.48154667288808,3.7392656540182996,3.9395140637306265,1.8494098589779526,1.9457303964554915,2.042846923299463,3.3273148124830088,3.6237440143673334,3.8869054517728108,4.88654090503046,5.519672421418848,5.898439483456612,3.0008953781483316,3.578254113887997,3.869752821610969,True,3833.536033162248,3506,3763.5107628507717,3494,70.02527031147594,12,3347.4119287925087,229725.27833536008,0.22829939712866654,1228500,19400,1049.0689360918477,1.0934215724935106
162587-M7_162587,162587,M7_162587,0.786899983882904,187.5,12.600000381469727,144,20260974,10.86522740764795,10.9113882960255,10.93816562917539,-1.543087616193368,-1.4534732524357026,-1.3437437690397198,0.2372220308363728,0.27303031635249,0.3105005245113175,0.844891602521405,0.8704260205866203,0.8946177230694076,1.7219249555180096,2.1796563307648573,2.3746533769615166,0.859870455191543,1.1080852276417454,1.2418743360081976,1.697782373247171,2.046243660901986,2.2417343851620655,2.5292929676961786,2.985532921161398,3.5366654803145066,1.6703694213046432,1.8759330203543008,2.293213615244577,True,4557.709829203049,3556,4477.583753309502,3544,80.12607589354718,12,3669.9088328977873,232742.5691932166,0.27663450540084283,1157000,18300,975.0737196570262,1.2816956775036694
163989-M8_163989,163989,M8_163989,0.7582690119743347,264.0,19.0,111,20260941,10.963452068693623,10.971409932644091,10.978767807161072,-1.580206294336853,-1.5621969853394666,-1.5457218754877275,-0.13371477229127188,-0.12048440723154616,-0.10405095398972661,0.28245040986764813,0.2981720850320767,0.3140373813410897,2.9953767802929745,3.0060822867542467,3.041017964260062,1.787800141693471,1.7987411053822515,1.8116029920916634,2.9892284181905477,3.0039033672639164,3.0375605105915056,4.200181125879033,4.209449530717615,4.24597907378054,2.4068112079668347,2.4144938099371736,2.4379213278386906,True,3989.32494186478,3630,3951.768597497016,3618,37.55634436776416,12,3328.6584710565967,239566.45733192514,0.2589206172664043,1176500,18600,935.81934240181,1.098987587290573
165871-M5_165871,165871,M5_165871,0.7031000256538391,184.8000030517578,25.0,77,20260907,11.021128797606275,11.028844319908963,11.036980737912204,-1.757752242450216,-1.7246539700465355,-1.701491005374542,-0.043383648537237335,-0.028606283658715398,-0.010751302171904077,0.13499214071854165,0.14598744890303003,0.15514715241063198,2.785781309483553,2.8185893647385543,2.8741759077428664,1.5805511506723042,1.6081445522784072,1.6371560785912131,2.6973016813682333,2.740336356354187,2.787866993686783,4.05247396121129,4.079704753168405,4.137797624540627,2.4616167674421803,2.4704060847442797,2.509855270188912,True,3859.4638875068595,3472,3802.318236754264,3460,57.1456507525954,12,3555.8438200985543,226664.29814822867,0.22169250487831496,1163500,18400,940.6915762741119,1.1115967417934502
166634-M6_166634,166634,M6_166634,0.8526999950408936,182.10000610351562,7.300000190734863,170,20261000,11.244761534154172,11.255157907522833,11.26595566412688,-2.902956232481827,-2.8618780815077587,-2.820104855099311,-0.18435023783717722,-0.1484987265828398,-0.09524593382545934,0.6771269789539132,0.7101312909956351,0.7512777269884865,5.698386343980727,5.731005512903206,5.741262673848921,5.2690570644777965,5.290285637239592,5.296069769687883,5.730554104733489,5.743821962709612,5.747437045489794,6.192051144989182,6.197358288179631,6.198804321291704,0.9027345516038208,0.9070726509400395,0.9229940805113858,True,4068.097889433742,3530,3956.8479581042143,3518,111.24993132952751,12,3371.5081413332846,229740.42812441208,0.185212437965986,1033500,16400,836.2773605072871,1.1524356627291052
167056-M5_167056,167056,M5_167056,0.8932999968528748,227.0,8.100000381469727,167,20260997,11.179887968671482,11.208112868982191,11.230597878091622,-2.064517332530173,-2.006260177091136,-1.9264582485975577,-0.19136633457200014,-0.17577291109557472,-0.15714265010755935,0.46126095052492455,0.48411519435893413,0.5020484383137673,4.210712381099055,4.491535618812257,4.64542426866914,3.2007903087015173,3.495791030795792,3.6543180610928254,4.2867294002767595,4.550060616992161,4.652495098681872,5.423693896515777,5.606137575618629,5.6486046474189635,2.001622746698439,2.0941264800446007,2.218314209049455,True,4112.126175498129,3808,4063.6623789593755,3796,48.46379653875334,12,3440.8172672365667,251057.97383894105,0.21461848229547054,1079000,17100,910.7201966354623,1.0798650670950969
172669-M5_172669,172669,M5_172669,0.6036999821662903,223.8000030517578,105.0,0,20260830,11.10236450407694,11.109538461848217,11.117713001275206,-1.7322845686033137,-1.7215400558651106,-1.7090075560251639,0.12135008952479522,0.13432479855262747,0.14889549670622845,0.005875558754338621,0.010719761055746851,0.016026288305974044,1.6530251829730191,1.665577916441225,1.7073193856062816,0.8395788488740229,0.8427356195193481,0.8507044312698175,1.651130332006947,1.6572359536243368,1.6746354594129982,2.46299628632101,2.4715633584040577,2.4973734630047053,1.6236286114480625,1.6296027287911607,1.6470240922189057,True,3995.5021340607495,3614,3825.8781560263456,3602,169.6239780344042,12,3161.539116474917,232729.29071411278,0.2317589068047571,1183000,18700,995.3789228480309,1.1055622949808384
173928-M5_173928,173928,M5_173928,0.9589999914169312,179.6999969482422,13.300000190734863,140,20260970,11.514303887803875,11.523673939323636,11.534270117289452,-1.5067594655296965,-1.4677979086551016,-1.4195214542459553,-0.19069780637954997,-0.17226245387842215,-0.14921838891842568,0.699916029664262,0.7183751160994819,0.7350636055785648,2.9057417550625733,2.9458798494154212,2.992793407092171,1.698053928193221,1.733176390123456,1.7706154916262677,2.869246046399422,2.922964390491817,2.987017002545646,4.1490555915327665,4.17788957842715,4.22663967989495,2.4297553053063226,2.447888973903088,2.4762957166512165,True,3773.9855742631594,3848,3629.196385390634,3836,144.78918887252541,12,3816.7586900294637,250192.96910999654,0.23239716695879034,1495000,23500,1186.121167234145,0.9807654818771204
180774-M12_180774,180774,M12_180774,0.6782490015029907,149.0,22.200000762939453,91,20260921,10.89010885754139,10.940473098039526,10.971177700993952,-1.577947186366155,-1.5597775661267743,-1.5351599408797054,-0.060547081654070474,-0.04282764202962864,-0.025744334643316324,0.1875820541643044,0.2039122462903401,0.21568501089412692,3.3024798112491065,4.021726417014746,4.351959983301912,1.6605885779596303,1.936894670163272,2.212194264012736,3.0652461656874803,4.048268474220443,4.749856588218908,4.79260996505658,6.115599039427307,6.4112873234590015,3.1155725886761196,3.946972746843693,4.404365321305535,True,4110.842911555308,3396,4068.8365528683453,3384,42.006358686963125,12,3614.0278633616076,222042.58090681903,0.19629394120473057,1183000,18700,1029.5596920698881,1.2104955569950848
181421-M12_181421,181421,M12_181421,0.9584800004959106,270.0,11.300000190734863,154,20260984,11.311432950235321,11.37030125417607,11.409682481662768,-1.863220761989928,-1.8069327977079261,-1.7348486024055558,-0.1756422491689409,-0.155678023007369,-0.13758628790633903,0.3317253119700622,0.3678180938773533,0.39861156122167024,3.334476160489079,3.854116145613509,4.146487300113768,1.9758709893604767,2.802742339126643,3.2441053649558858,3.371787426674287,3.9641959758572938,4.23907360587097,4.566279984680348,5.022875445361922,5.273172574496659,2.0047246715255707,2.257359573150014,2.5380555414875916,True,4449.200029296214,3812,4400.815918571627,3800,48.3841107245875,12,3414.1346738669563,250817.92253466477,0.20439578456314658,1150500,18200,962.637679153122,1.1671563560588178
181945-M12_181945,181945,M12_181945,0.6795139908790588,254.1999969482422,61.79999923706055,3,20260833,11.275679404652042,11.283858190549335,11.289756117884343,-1.8104507786897328,-1.7918575130116514,-1.7723282455003329,-0.14516237646292246,-0.1349138764730059,-0.12393726439618681,0.18155008779797221,0.19159757793214788,0.20131351379579412,2.757971566109112,2.7777093079623016,2.804403201462436,1.555318516485017,1.573431010921614,1.5908797301835518,2.6622344710193437,2.6874560035110546,2.713139592532384,4.02772224469631,4.046268938133927,4.071568332584402,2.4642879408237266,2.4706021390072936,2.4907708385891714,True,3892.5822026369406,3444,3735.8499309259296,3432,156.7322717110108,12,3961.415115062433,222965.6578905,0.19389846548438205,1300000,20500,1080.1637594606727,1.1302503491977178
182890-M12_182890,182890,M12_182890,0.7444409728050232,240.89999389648438,16.799999237060547,122,20260952,11.290300742449851,11.319746179330753,11.348582768565423,-1.8631624820146995,-1.8309741697191435,-1.7977648529469155,0.0012512131774934155,0.023692182613490056,0.046513383216525976,0.4446433782729406,0.4631143457105127,0.4818509907110189,3.5497460447359455,3.9189871847916136,4.315275319192109,2.033288071372635,2.3016345410857095,2.685996142741484,3.5009181784761423,3.9014260101043687,4.441744256276533,4.771420849617496,5.441885249850994,6.031851009303252,2.689681733185409,2.9119401391979287,3.5453421795387463,True,4358.455431671964,3581,4239.797508992122,3569,118.65792267984179,12,4064.9915142932787,232847.21172800747,0.29153072059901175,1085500,17200,923.9294473202899,1.2171056776520426
184916-M12_184916,184916,M12_184916,0.6794000267982483,257.70001220703125,30.399999618530273,55,20260885,11.422563541444086,11.442653665162823,11.456987719237967,-1.4476168596588377,-1.39673183528059,-1.3479898033367856,0.01598351312021183,0.04760707409535203,0.07545518968940738,0.10918877588773213,0.12751880365130797,0.14916661628057834,5.809739783246633,6.01678823871436,6.086592376099432,5.208549906783684,5.385094417063634,5.432005005190893,6.036529564231781,6.14686988315675,6.1761890007362865,6.864509221679878,6.908645349249865,6.920372996281681,1.4883679910907877,1.5235509321862315,1.6559593148961926,True,3899.717812162328,3595,3820.6748446542347,3583,79.042967508093,12,3537.5350201021665,231818.75490943913,0.28505862502614593,1137500,18000,947.1575319822878,1.0847615611021775
185631-M12_185631,185631,M12_185631,0.9253259897232056,95.9000015258789,4.900000095367432,182,20261012,10.924846582267795,10.943123774326661,11.005157610309643,-1.4162267949677791,-1.346568832385596,-1.2842128185842265,0.06880881439352321,0.10486989145471734,0.140337721558182,0.09751077421390396,0.12329619489396682,0.15375647368982914,2.723828226004139,2.863599521505507,3.6768649593647087,1.5099687384528644,1.597147310432859,2.0749081451329943,2.610828046056168,2.760659508810305,3.800247545415796,4.004182311900086,4.162635442641973,5.240340859188805,2.465589147950416,2.55909946134845,2.96854385182617,True,6951.400893119873,3852,6927.5148740518325,3840,23.886019068040362,12,3319.171047246112,250941.64365853398,0.23277566238409372,1092000,17300,884.0828679315746,1.804621207975045
185653-M12_185653,185653,M12_185653,0.6776310205459595,173.8000030517578,21.5,93,20260923,10.887280129330007,10.89550896493213,10.905673095863873,-1.9006123311795318,-1.8775394296772314,-1.8471146833555454,0.25494558715842774,0.2792836112763371,0.3047850749222255,0.0921663813241995,0.10415334765266239,0.11702130373935042,2.996475238266908,3.0174066511462043,3.1412395059399842,1.7870724456003257,1.801267771176432,1.8412989927005203,2.9881794118192953,3.0113143357184526,3.109248973899898,4.201370781832976,4.220537848168451,4.347655890290754,2.407049441095058,2.4232848521738726,2.5026648442570996,True,4057.656111749792,3589,4021.057174846108,3577,36.59893690368429,12,2964.776842762751,233802.41243025856,0.2633524335353672,1046500,16600,859.6677810642868,1.1305812515324023
189698-M10_189698,189698,M10_189698,0.9257839918136597,166.60000610351562,7.199999809265137,172,20261002,11.15673988308296,11.197623584936073,11.224014665199675,-1.8600916389955675,-1.8201085338260397,-1.7718321442424612,-0.1394173118283294,-0.11828187449593491,-0.0995078161393724,0.10983141992506706,0.12234557064783544,0.13641873173810992,3.1161036570474026,3.5680298033257776,3.8857822859084736,1.8513585205218226,2.1415925607524793,2.4459838374659126,3.1204718613759836,3.626594164966507,3.996837009882368,4.335460797406105,4.819811833657985,5.394612061456539,2.426781514767809,2.5333462670332247,3.137394549263174,True,3878.688988061286,3687,3821.6435685748197,3675,57.04541948646647,12,3209.90916263536,242896.87389177852,0.17434327559374987,955500,15200,799.4501982042566,1.051990503949359
191718-M10_191718,191718,M10_191718,0.9840289950370789,230.1999969482422,6.800000190734863,175,20261005,11.1456071027018,11.160777936040493,11.175407629579514,-1.6967143775541123,-1.6621778233493243,-1.6315644278312254,-0.1763157685929995,-0.15013005026706777,-0.12474622069688504,0.3857646672332937,0.4140233722402008,0.4428732422589658,2.9974292822447053,3.0282537183018934,3.1517333524848468,1.7934941739722638,1.8075625300298226,1.8696603003579613,2.9980682488057964,3.033348599948179,3.1709144273200796,4.202591796379576,4.240348350343558,4.368837094094795,2.410120256015964,2.4308427733085187,2.492356126913546,True,3595.4971140202865,3801,3520.0102825109843,3789,75.48683150930219,12,3375.8776510092484,251791.16039104297,0.2129174508024436,1066000,16900,870.1682961843908,0.9459345209208857
197591-M10_197591,197591,M10_197591,0.7959700226783752,227.39999389648438,23.899999618530273,83,20260913,11.42342730275691,11.433497647957417,11.44491618330895,-1.7909861805970468,-1.777079004338824,-1.761836924371504,-0.1319382526445588,-0.11995844897475227,-0.10623557187816009,0.5218751305664109,0.5371601218519105,0.5516602825568666,2.9968274061988645,3.0197821278003296,3.162170951776848,1.791057018873596,1.8023028755792843,1.8548572293674428,2.9950112502474826,3.0164383551623475,3.1468967861260597,4.201425469543188,4.227003440027852,4.381600877443117,2.40912994118124,2.427152501591756,2.525812838883936,True,4107.95716506035,3801,3997.734063309027,3789,110.22310175132333,12,3387.039954641048,248298.26610211688,0.18354361658615198,1306500,20600,1075.8501292970031,1.0807569495028546
201233-M10_201233,201233,M10_201233,0.8177419900894165,148.10000610351562,9.300000190734863,164,20260994,10.799617525072,10.809805198190768,10.821445454483488,-1.9830807891124484,-1.9550434016336515,-1.9272418049452165,0.12518738275991745,0.1470225184542806,0.1681603503403159,0.391098165602653,0.4120490407401297,0.43226960407898735,2.9976586043302134,3.0188188277868844,3.1392203631252626,1.7932986552338495,1.8018875225602193,1.8489664243393313,2.9972469246068263,3.0179191138426558,3.13252282649378,4.20175905946268,4.224711745144891,4.354128212342146,2.4081418291226204,2.422705992163805,2.502606662020707,True,4088.97719193761,3821,4045.4326844471575,3809,43.54450749045231,12,3360.674172698798,253149.4027765191,0.3095878553487461,1105000,17500,900.2260143645108,1.0701327380103665
205715-M5_205715,205715,M5_205715,0.7465000152587891,200.60000610351562,33.20000076293945,40,20260870,11.265481792130625,11.274119965222223,11.285698034199728,-1.8188031704745806,-1.8045083037260818,-1.7875801811465348,-0.199096980950771,-0.19658554330559697,-0.1916074488654208,0.2185077659095795,0.2276766235358426,0.23744832152770146,2.9992830469711347,3.0253945946384078,3.1293998929559446,1.7902213015381687,1.8042652504202337,1.8382228858409548,2.9933336503327364,3.0174686651122866,3.1061272579098556,4.202380992595825,4.229516263603862,4.338058130036819,2.408216662091767,2.429261493150108,2.504625010885966,True,3976.901469620633,3423,3913.4456246320506,3411,63.45584498858247,12,3227.077465334054,223159.90555786682,0.21031418355919757,1137500,18000,933.1609393898398,1.161817548822855
205742-M1_205742,205742,M1_205742,0.7272999882698059,210.5,42.79999923706055,12,20260842,11.253835212172095,11.351762128747925,11.397584128337812,-2.567356983263236,-2.3655548235695187,-2.162249814431075,0.4273293106653694,0.47607985291497656,0.5288045765885769,0.15587763703227348,0.16593977404620608,0.18630388406177198,3.0100808246603354,4.377102848502591,5.026228344657963,1.801841489245205,3.117805898884952,3.78030037553666,3.0091417264359688,4.366330418395542,5.034767377400581,4.212143973714735,5.9055256895124675,6.300380681450255,2.41094763271124,2.528842071345818,2.7713334298760506,True,4257.188815716832,3535,4079.6164661817775,3523,177.57234953505494,12,4329.243932517792,229151.7386514994,0.2805990119473705,1261000,19900,1086.067323056981,1.2042966946865155
205765-M5_205765,205765,M5_205765,0.7286999821662903,212.60000610351562,14.300000190734863,134,20260964,11.314421750183508,11.3406220840579,11.381675507125511,-1.474123340420389,-1.4127113740722645,-1.3608476338848052,0.054704701908616246,0.0706245219859235,0.0893054463532285,0.659481738522739,0.6743015119159383,0.6879108838174477,3.2735573597977514,3.5921786718002675,4.0295380488666535,1.906823965231831,2.111276251733197,2.5788128923321842,3.254617583131073,3.578114042381387,4.015715748763961,4.481884375376079,4.804104653027778,5.498293439731888,2.564535473303543,2.6936313885710654,2.889953380329115,True,3952.143388869323,3516,3644.7352631364224,3504,307.4081257329009,12,3421.6796975645298,229601.61696266572,0.22926063950675923,1508000,23700,1234.6732104280964,1.1240453324429247
206501-M1_206501,206501,M1_206501,0.9261999726295471,186.39999389648438,30.5,53,20260883,11.613170879394687,11.622011699338003,11.63061341568088,-1.8983855209757658,-1.8750856366765025,-1.851244553468641,0.00704585657477338,0.04322162541829283,0.06878051460486385,0.8261117767675147,0.8404765207494005,0.853648492706852,4.519510396433864,4.558589011177603,4.5950797204547555,3.575310770992724,3.615362154577231,3.636252142799693,4.545736091008653,4.573949015236089,4.651954048806777,5.514309783219131,5.528381592413833,5.57738995763626,1.9097886657317893,1.9232135698110948,1.9531868427171983,True,4662.160330218745,3842,4386.896899233381,3830,275.2634309853637,12,3460.9430493544874,251880.24014635515,0.27079199161942175,1365000,21500,1199.1209637103602,1.213472235871615
206545-M1_206545,206545,M1_206545,0.7282999753952026,210.0,31.399999618530273,47,20260877,11.235538202117777,11.243308247253339,11.250747314718478,-1.681172856445771,-1.6587526221312363,-1.6371331227067016,-0.13550888612684128,-0.12360293482709436,-0.11220447721866579,0.17551334727590534,0.19134268974353308,0.20383105807935337,2.9288352907039736,2.955123625618352,3.0074328645768613,1.7168786143972026,1.7373212229585773,1.7607806888204443,2.889550565714476,2.923976069792048,2.9686176829514688,4.1597361734825045,4.179553919670438,4.237736199288722,2.431839677529438,2.4428233524021303,2.4920340766950604,True,4534.128214011584,3434,4401.005871311458,3422,133.12234270012615,12,3992.4870699624876,222102.43228354462,0.24048017961148643,1202500,19000,970.2603704053909,1.3203634868991216
206669-M2_206669,206669,M2_206669,0.6715999841690063,213.8000030517578,35.20000076293945,31,20260861,11.210446843975921,11.232944339139124,11.25643716819518,-1.7730149576912002,-1.7538047506245171,-1.7328690554743187,0.09016720172104209,0.10270090830421999,0.11563657308653905,0.1443313754985599,0.15542778464794843,0.16540085976913943,3.5591666273997133,3.8084848250459014,4.157808154332717,2.0039390547046714,2.183456379076067,2.479739987713243,3.473486370650642,3.7446382320564524,4.101229895405591,4.790556121775592,5.173005602420617,5.8624622634466865,2.7168230244819456,2.996992653367791,3.4785451867716404,True,3988.598677772473,3606,3896.297791136227,3594,92.30088663624625,12,4103.923360457909,234091.56597818373,0.271483347580342,1170000,18500,1014.0816055191681,1.106100576198689
206771-M5_206771,206771,M5_206771,0.6294999718666077,165.6999969482422,12.300000190734863,148,20260978,10.712340448596356,10.733234683074228,10.747417734739846,-2.3444411492985195,-2.307588074859922,-2.247157572152515,0.5371230647290964,0.570084882889661,0.5905072111317311,0.18718910239716302,0.2064080669484879,0.22679631362745264,5.1229091037411285,5.3509975101510685,5.4441244559053015,3.681484468223126,3.934837607896635,4.025466121088553,5.11561283798257,5.356066488784087,5.534132263325066,6.676721607345429,6.772903067666036,6.844129377482428,2.6567943818453053,2.836457383896824,2.9290628701433206,True,4141.202511083993,3583,4106.403031762439,3571,34.79947932155421,12,4092.308617528749,235550.98290498066,0.28046431796701,1118000,17700,911.658953349106,1.155791937226903
206858-M1_206858,206858,M1_206858,0.7247999906539917,163.1999969482422,33.400001525878906,39,20260869,10.792733029261633,10.802336600319911,10.809574945989445,-1.7984163110555889,-1.7741258806465423,-1.7520089796412441,0.44778305195821294,0.4662788054239346,0.4894483825966517,0.3556584075698316,0.3656052560777446,0.3754195715768086,1.6458913496006187,1.6530916013386685,1.673677087047271,0.8276658489121085,0.8348599643339853,0.8403027421045471,1.6433594002309744,1.64950756834267,1.659476927537901,2.4600667334104402,2.464653344777793,2.4791300591641487,1.6270415351693828,1.6323095790311708,1.641477097866944,True,4031.6632503359674,3557,3968.85683907274,3545,62.80641126322715,12,3503.461940318158,233388.49047292923,0.3483532959177568,1235000,19500,1021.7978334724903,1.1334448271959425
208364-M2_208364,208364,M2_208364,0.6678000092506409,161.3000030517578,25.100000381469727,76,20260906,10.760089211452625,10.768532190250522,10.777842349629822,-1.774062815465909,-1.7463228799321278,-1.7224822339891244,0.12750118379486583,0.141070905475598,0.1568076871413248,0.11364823061882029,0.1264093593383642,0.13876253492099128,2.8662535732523042,2.9064284225820094,2.9656666426872866,1.652557222217735,1.6868873645738263,1.7328826704596865,2.8028904324932657,2.851910155774168,2.9369697239485,4.117336263168174,4.147501357748947,4.200025112820787,2.4465786163510623,2.458658321240467,2.4896324679462003,True,3825.6078158006662,3593,3760.265070217665,3581,65.34274558300093,12,3925.862558817824,237075.77477043957,0.17509923203207137,1183000,18700,1013.6197825614363,1.0647391638743853
208622-M1_208622,208622,M1_208622,0.6478999853134155,196.5,17.899999618530273,116,20260946,10.502873654828942,10.512063532173796,10.522967150594532,-1.8690496068555356,-1.8441566297248624,-1.8206511886762209,0.08713869418674128,0.10468625802400952,0.1236577414540809,0.15828982585602627,0.17036073711328115,0.18361000681769074,2.9993215525969092,3.0192416093493075,3.097524953307657,1.7906868067587487,1.8000538932182408,1.8220647279664335,2.994824229872497,3.011904374515483,3.076096986695688,4.2029120791349985,4.223703102205095,4.2999317859373525,2.4089264609775833,2.4250128928647006,2.4792492093900584,True,4089.4304107565613,3553,4026.04790530015,3541,63.3825054564115,12,3248.6768389852728,235575.4016606964,0.20406459576471359,1118000,17700,916.1886303778738,1.1509795695909264
210210-M1_210210,210210,M1_210210,0.65420001745224,259.5,62.20000076293945,2,20260832,11.48002749348551,11.487595254895721,11.495676090649532,-1.2714772199648419,-1.2525930366852587,-1.2404465056572411,-0.0013785601866332605,0.005886824277753357,0.014646552966129864,0.2801357735693922,0.2901462643614252,0.3013410567264662,4.445371455835505,4.502715137290301,4.570418186801525,2.6005435025487493,2.696260709356187,2.824647189207037,4.604311643651019,4.681588561779278,4.84305332491187,6.384398457738745,6.418600664251609,6.489225143842457,3.6188167386233125,3.7315901862975887,3.8208186614511104,True,4035.359569315846,3535,3919.1991145245743,3523,116.16045479127179,12,3438.9379883838096,229449.03022326116,0.19151264690704736,1384500,21800,1196.4338115956634,1.1415444326211728
210940-M2_210940,210940,M2_210940,0.6948999762535095,158.10000610351562,13.699999809265137,136,20260966,11.077107255283028,11.092011622706849,11.147532147976577,-1.6994436486542044,-1.6508104325653097,-1.6185774088372373,0.23184950504394553,0.2596273708999588,0.2831647948212314,0.5288710617696157,0.5524363820794673,0.5712273867951936,2.888470365688544,3.0611720365132533,3.9624803814960234,1.6660086061696089,1.7410584088522456,2.1086980873971095,2.8295528163653794,2.979278100670397,3.8888500188281925,4.138565061754722,4.3201179550317885,5.931617971972755,2.4473503086946087,2.527996289410128,3.0636086361968227,True,3468.818829084456,3589,3382.2589976223544,3577,86.55983146210147,12,3510.6125316294206,234545.00851467333,0.19895340327340721,1066000,16900,949.644189809449,0.9665140231497509
211157-M1_211157,211157,M1_211157,0.6069999933242798,239.39999389648438,35.099998474121094,32,20260862,11.065779109884648,11.100928067902863,11.126675820186396,-1.7097331244435203,-1.6775307148888183,-1.6548810125445976,0.13036291314087278,0.14947692409288518,0.1661735753060047,0.2433620429387286,0.250943794998021,0.26084026485563133,3.333125140134994,3.884720877861888,4.219677646404531,1.8954321989455898,2.086329976264348,2.238288618564693,3.2411845295736637,3.6990884890338673,4.111015410401485,4.526200388524358,5.642730560811048,6.253618581164262,2.6281398301443875,3.5658479669375156,4.02315444183782,True,4418.432975266141,3579,4330.775748643798,3567,87.65722662234313,12,3101.2305023760673,232626.9156153903,0.24697244321408957,1137500,18000,964.5749941924587,1.234543999794954
211347-M5_211347,211347,M5_211347,0.6972000002861023,184.3000030517578,29.200000762939453,58,20260888,11.138368233173631,11.146616225254286,11.156805906396407,-1.8747225826637788,-1.855051767659072,-1.8360275167510842,-0.0711384692578478,-0.058691626271190844,-0.04475357367288359,0.19912256215182517,0.2087259065346929,0.21967181852658907,2.9578190543954412,2.9881017742990483,3.094686507589719,1.7449353455645653,1.7658338756380838,1.797987126663672,2.929391194370704,2.9639406976123532,3.0451994882505624,4.17952350376235,4.204381570701461,4.318002809732607,2.4239226507986644,2.443809352286509,2.534139297236335,True,4013.6877838663777,3425,3902.177253537585,3413,111.51053032879261,12,3406.52000402501,223247.57411288435,0.2773828504288571,1144000,18100,951.2992439232767,1.17187964492449
211767-M5_211767,211767,M5_211767,0.6674000024795532,239.39999389648438,28.5,65,20260895,11.339769076964235,11.350228759898185,11.360622673035857,-1.6633929592344414,-1.6473214057091174,-1.6290242123423149,0.0422173655620675,0.055112899057354614,0.06709041350685024,0.5043924899372183,0.5198772133385714,0.5347427943172554,3.0001124541600928,3.0230719480782886,3.11117711024648,1.7943458379921338,1.8022707869808312,1.83145949125063,2.9985087248886546,3.0161960683616194,3.088086940773316,4.2036205012528844,4.226341613798807,4.311401203751055,2.4093699520852097,2.4238980462877873,2.4808857658579453,True,3766.804416413677,3398,3610.709850511792,3386,156.0945659018847,12,3534.610611752211,220618.97378879008,0.2424509882236814,1306500,20600,1072.1535673206672,1.108535731728569
212391-M9_212391,212391,M9_212391,0.7262700200080872,222.3000030517578,19.600000381469727,103,20260933,11.224908057517782,11.233249620804033,11.240492725628554,-1.8226536971835374,-1.789126959500122,-1.7578509872135564,0.35463773682957733,0.37500738817540746,0.3913314168961396,0.11093572163683516,0.12200619993567886,0.13654162662878447,2.9385251994946504,2.9884132167521678,3.02628845158544,1.7260107751087965,1.7666158543527193,1.7993268001063178,2.903426214194352,2.9683125239368975,3.0095374879329855,4.168658102089622,4.200157385721996,4.239306330495614,2.4139327487951423,2.434526538619904,2.471097231221255,True,3974.1709782727053,3569,3944.7968146003195,3557,29.3741636723858,12,3581.035902773391,231354.9846615871,0.26266598792171114,1150500,18200,934.7911101663485,1.1135250709646134
212718-M11_212718,212718,M11_212718,0.8897830247879028,221.10000610351562,11.5,151,20260981,11.533003756444362,11.553249772984852,11.573015610807445,-1.7515733618054896,-1.728304915756145,-1.7029734592666663,-0.11596548513138719,-0.09970702203242299,-0.085622297323842,0.6139289826991259,0.6324501916109074,0.6521734724851797,4.423738290204004,4.581346851432832,4.76854540951176,3.417559238890604,3.5731247651154954,3.7150581199124533,4.470623804404317,4.634563669612286,5.063597703336022,5.563198472090216,5.651665153437959,5.821224301139285,2.0192715071093095,2.09134188716551,2.179978959171033,True,4339.125758217687,3806,4212.186801659878,3794,126.93895655780838,12,3971.4710646305575,249997.8790427271,0.2799060066186854,1332500,21000,1141.708862690255,1.1400750809820512
213004-M11_213004,213004,M11_213004,0.7464920282363892,247.6999969482422,39.400001525878906,19,20260849,11.498180035573828,11.50583459761576,11.514938162797437,-1.6067680752404445,-1.596146082322617,-1.5865348142119742,-0.10371249110426486,-0.09372914333408874,-0.08310251783079627,0.3171052622803841,0.3285975625070162,0.34008657709873225,3.00290079237531,3.0233509705044055,3.1206985729584966,1.7991760448776768,1.8067715149625532,1.8414871358316247,3.001961898217884,3.019757413096319,3.103192770121999,4.204299214408839,4.224546090186869,4.323186559096004,2.4052036752005828,2.4177835322025167,2.4823067178838985,True,4090.0999414747944,3451,3869.607943045005,3439,220.49199842978925,12,3506.5108958392925,223801.49093729514,0.3160605710137908,1300000,20500,1055.5366418967023,1.1851926808098505
213587-M9_213587,213587,M9_213587,0.8900439739227295,265.29998779296875,27.100000381469727,69,20260899,11.457029555022894,11.464858600173816,11.472968913554682,-1.9253009506585568,-1.9138253995023828,-1.9011139068576994,-0.0794369465102411,-0.06730633197000677,-0.05699106635401499,0.38262604147401663,0.39731688958328615,0.4128613960171277,2.9995632804706673,3.00759005657987,3.042968737436056,1.7972655521881227,1.8011330801942456,1.8155480442329344,2.999657388264943,3.0087088341738397,3.0476380591610424,4.202040545984101,4.211044727562175,4.248991537099652,2.4045388899138045,2.4102163247452593,2.4319693839118464,True,4236.799696224426,3750,4115.536699947424,3738,121.26299627700229,12,3795.1469087889877,245317.56735832387,0.29918744665203306,1261000,19900,1038.4106066329405,1.1298132523265136
213772-M10_213772,213772,M10_213772,0.7003939747810364,270.3999938964844,40.900001525878906,13,20260843,11.595692167402069,11.621932815889746,11.635263207959051,-1.53690077383808,-1.5221749365533848,-1.5026886182506434,0.0005627570590005139,0.017606671482841965,0.03061623692103182,0.1619996301473297,0.17269545422254634,0.18499901871623714,5.37609976063595,5.63281518393585,5.7343697125479185,4.270209467629414,5.152397847080102,5.251834474787802,5.76313293285841,5.955947013366656,6.018094905683968,6.682370547449912,6.759496179653211,6.784355336580136,1.5325208617923343,1.6070983325731092,2.4028577696504057,True,3760.2831596680508,3577,3664.8119777965294,3565,95.47118187152152,12,3795.0152031609064,231049.24572725812,0.20460807492261732,1267500,20000,1077.4845594624057,1.0512393513189966
214296-M11_214296,214296,M11_214296,0.6797130107879639,237.5,19.100000381469727,107,20260937,11.271805876214847,11.281513123809011,11.295217938288491,-1.5060439166760409,-1.4667785140621614,-1.4074651251296983,0.04679307066677889,0.06762122302138832,0.09021710416102223,0.9083876596662441,0.9326863866041608,0.9577584650147355,2.3326307094903433,2.4247918074108457,2.5876481385157515,1.2074563167469425,1.2650491819054805,1.3217118428087555,2.1877733227480585,2.2691807568200315,2.374030113289462,3.4153995916051456,3.603864672604869,3.885917631630579,2.196393801263247,2.338610536182813,2.5930102130505976,True,4001.5510310518157,3439,3844.3359542698704,3427,157.21507678194544,12,3605.177332614528,224667.80407425304,0.3244202108060642,1222000,19300,1019.4315115725622,1.1635798287443488
214430-M11_214430,214430,M11_214430,0.8910719752311707,246.10000610351562,15.199999809265137,126,20260956,11.494976619947801,11.513341521533341,11.533021910410765,-1.6962232509994406,-1.668170920614581,-1.6415261484161598,-0.16780556350272083,-0.15126006274571047,-0.1371168262576706,0.5910938380085193,0.6105960616044295,0.6268766843165006,3.8420348084654767,4.008837376833551,4.166440866560755,2.5937228915128743,2.9465886136467554,3.1405291692553874,3.922572587930221,4.089663115791492,4.246361814948171,5.042517710905931,5.257586839877495,5.4165730421724305,2.2177180722684557,2.3294934898401713,2.4964311488944295,True,4635.451512099324,3822,4425.768701861249,3810,209.6828102380749,12,3596.1231327595956,251152.74454661654,0.23517189413278294,1326000,20900,1092.2518583536148,1.212833990606835
214899-M9_214899,214899,M9_214899,0.6750689744949341,171.5,18.799999237060547,112,20260942,10.748896884385251,10.757086188226957,10.76826843659733,-1.4751984331841979,-1.4411574667373197,-1.4097480569556624,0.08916570070259151,0.10277556894982087,0.11580522907656646,0.12910437833668334,0.1422715690229841,0.15583792827448395,2.90819215496583,2.9637557868041178,3.0888870833972932,1.6889552228758422,1.7299531099429646,1.777965367222846,2.852142875705798,2.9209472976054762,3.017975844459118,4.1468608547360395,4.189415106759734,4.330567824754793,2.4390818888744574,2.4612126646933428,2.5785160234888043,True,3809.2290175991375,3505,3784.8999648124704,3493,24.329052786666946,12,3747.0694586055015,231604.74322437219,0.20074482848277533,1137500,18000,927.7490179426968,1.0867985784876284
215519-M10_215519,215519,M10_215519,0.6146249771118164,186.5,17.700000762939453,118,20260948,10.79642327010826,10.808801855288415,10.820428535577431,-1.9401835725030963,-1.8994987330869488,-1.852783686707228,0.26531903133123164,0.29129596989425355,0.32350207585740726,0.19917733415954533,0.21938955784525596,0.2381584902080078,6.020591530577567,6.209749812158883,6.266990603512994,5.2577994306134075,5.457541386391341,5.500009912915644,6.215165395478101,6.340004117839309,6.366546946916999,7.172531360342794,7.222466849287278,7.233083980918353,1.7330740680027104,1.7649254628959365,1.9147319297293866,True,3681.632594511244,3587,3657.983289548685,3575,23.6493049625588,12,3319.5343218939015,236428.0807733125,0.2945097814445538,1105000,17500,932.8837931370363,1.0263821005049467
215585-M11_215585,215585,M11_215585,0.7487310171127319,303.70001220703125,35.599998474121094,29,20260859,11.57683979773732,11.592912119141344,11.608012710561935,-1.9126496018447599,-1.878587932370721,-1.8421870949318084,-0.05663055852941251,-0.041352137625089144,-0.02827921695340159,0.4438882738828571,0.4593149408114371,0.4760485131634674,4.607799047182572,4.71811461518326,4.829346494299237,3.390687009215248,3.5025024187127016,3.6128489827713453,4.615098773870653,4.728029267459895,4.837097044531657,6.027054761447068,6.091951092012018,6.146753729262791,2.5319284973974536,2.585657663624883,2.6387958854670104,True,4513.056744466157,3769,4303.033858506717,3757,210.022885959441,12,3899.7461067482177,245159.06856699378,0.31036211235577316,1371500,21600,1095.2180584389716,1.1974148963826365
216730-M10_216730,216730,M10_216730,0.8937180042266846,254.5,36.70000076293945,23,20260853,11.379215222603415,11.387588430880722,11.394905473351884,-1.4964908617767894,-1.4824343136091835,-1.4667130693524386,-0.05414242669989738,-0.03934093553586937,-0.02423606754944812,0.2403201094945732,0.256167493089582,0.27244877871807366,1.6419871276313311,1.6510506482893557,1.6606760667794294,0.8186645047187839,0.8342709371573017,0.8401894220183692,1.634613921072179,1.6479492810164422,1.6534647440392705,2.457694614470536,2.4624313462156797,2.46970465814662,1.6245906959940575,1.6308851223236647,1.6433427426193494,True,3590.6825240369094,3430,3550.58645593106,3418,40.09606810584972,12,3749.940678246312,221153.67814136253,0.17957929128562186,1170000,18500,940.252039664425,1.0468462169203818
216899-M11_216899,216899,M11_216899,0.697825014591217,193.6999969482422,21.100000381469727,96,20260926,11.072623497730843,11.105483084410325,11.14631245559816,-2.054553074252667,-1.9998445123277362,-1.9318659607924193,0.07966219979785522,0.09830504931136651,0.118561295707138,0.0798936805109766,0.10161051734974988,0.11883876702482073,4.245917465284827,4.605702599512864,5.027743029801112,2.860340719253807,3.2937059602533303,3.728525555875921,4.208874337198966,4.581882477836755,5.08179660773707,5.826445695966554,6.162570257777419,6.418643778691828,2.695214324054985,2.8696494873932226,2.956349403868885,True,5919.16602204306,3442,5874.166398884105,3430,44.999623158955565,12,3744.453943646808,221939.95829051503,0.23836239631826756,1248000,19700,1003.9367768159136,1.7196879785133818
217020-M10_217020,217020,M10_217020,0.8934249877929688,288.1000061035156,12.800000190734863,143,20260973,11.208161546805272,11.218939020457096,11.23183351848619,-1.3075717299727816,-1.2714572453773658,-1.2475644537202644,-0.1953430816810644,-0.18576339717026175,-0.17310599310554944,0.13400607534283734,0.15587999112983797,0.17485848394251716,2.7330983524218513,2.7823308129585778,2.928200108216609,1.532822315587438,1.5640195553965963,1.611745663630564,2.6313282958438196,2.6876755154931593,2.8004838170636805,4.006247429424729,4.055295729378221,4.256838697452552,2.4642124526846807,2.4871662342078698,2.6640405064351094,True,3629.9838617917835,3455,3528.184081197288,3443,101.79978059449542,12,3274.9834522834517,225043.72444196785,0.2724254742470284,1124500,17800,920.2758824378252,1.050646559129315
217564-M11_217564,217564,M11_217564,0.8899400234222412,204.5,3.700000047683716,185,20261015,11.345777125342098,11.366859653743873,11.392209616727095,-2.067313105011754,-1.9581738024105364,-1.8595824938900303,0.1556424389719651,0.22960442979369072,0.29744988326019245,0.8637333011560356,0.8968858766311929,0.9337261305031282,2.785977261332209,2.9623052064956195,3.2973429378704195,1.5589459857236914,1.7065728214965925,1.832223177990832,2.6848890839383577,2.9355992775235507,3.2518341936897497,4.070365015126325,4.218139031599772,4.6691323884874425,2.4649662306292264,2.5267301648580567,2.8162906637240734,True,4472.094885702663,3839,4330.4472751547855,3827,141.64761054787806,12,3480.4192535512443,249287.32688167036,0.30901508129613064,1020500,16200,862.5178932016715,1.1649114054969167
218207-M11_218207,218207,M11_218207,0.6817629933357239,164.89999389648438,36.79999923706055,22,20260852,11.309286158610888,11.317643690301356,11.326026730805001,-1.5197083670013725,-1.5067599985331013,-1.4934695738506647,-0.07861504674903808,-0.06784297144527143,-0.05625775038638955,0.38959799265953565,0.4056930145676623,0.42213769657353917,2.9991598644882917,3.011844921129436,3.065550523781974,1.7947264276292183,1.7994535674734944,1.8156912188948306,2.997367838599969,3.0071477094148893,3.047222572416947,4.202101474790273,4.214201013736511,4.267609836000947,2.406778324796071,2.4157396818019103,2.452910525351899,True,3897.778099044351,3436,3700.8898791015963,3424,196.88821994275474,12,3448.365237027024,223496.43020899847,0.3935669571569242,1287000,20300,1054.3293769117445,1.1343940916892756
218701-M9_218701,218701,M9_218701,0.695285975933075,177.10000610351562,30.700000762939453,50,20260880,10.840550404966233,10.851463160089942,10.860256472868434,-1.669071360520361,-1.6468837171897073,-1.628801245545288,0.0968987609743715,0.11261995412976546,0.12995510090663856,0.06972623350935594,0.07974294720036315,0.08954321466370588,2.666494260937621,2.7180998170159674,2.784143550192155,1.4701189570236444,1.5044110370809314,1.5403243450635795,2.55059529508925,2.6028844517606697,2.6720775681750677,3.943790605696259,4.000956920209031,4.072971256835224,2.4630182747602256,2.4841680847601655,2.5574238850282236,True,4044.5531870867844,3592,4008.4886673519886,3580,36.064519734795766,12,3401.130062568767,235733.14729221593,0.26772797782655305,1176500,18600,988.657724766992,1.1259891946232696
221163-M11_221163,221163,M11_221163,0.6975380182266235,220.5,34.20000076293945,38,20260868,11.432547334240063,11.449753687385325,11.464835260063808,-1.6151403301930825,-1.5918976411860195,-1.5715828305471633,-0.05721068064140602,-0.045968900837552895,-0.03741850660167845,0.5532529361482919,0.5683973576169665,0.5794472336806838,3.7374377890604027,3.955796745788195,4.1391573654668115,2.1251577653704077,2.288501476708236,2.4872809984904785,3.680928233163405,3.8982251452620167,4.128760374648627,4.992140008835014,5.517346567107694,5.960845896761976,2.842942403162203,3.075625313705685,3.7048468933746266,True,4274.689917266455,3627,3998.9594931325664,3615,275.73042413388856,12,3275.465004224459,235507.18905872875,0.29499965860364846,1514500,23800,1287.1796114249155,1.1785745567318597
225431-M9_225431,225431,M9_225431,0.7014380097389221,205.39999389648438,19.899999618530273,101,20260931,11.06663063244649,11.084086233496262,11.10629377669673,-1.5238865027179624,-1.501427337241784,-1.4569474539758274,-0.06296815156915606,-0.05132577324052921,-0.04104588213654645,0.1266823884977593,0.1386672528310255,0.15044960031352456,2.969917726670954,3.141270145320757,3.6141883253342497,1.734231593860686,1.7915784531585563,1.9643117017815395,2.9457897208449504,3.0866047010591595,3.515193181088605,4.197597881358154,4.3873660872049625,5.123945793231375,2.4517833544002623,2.5937254131668728,3.1657344709904236,True,3769.120874283783,3451,3716.7141283340334,3439,52.40674594974969,12,3466.218858402697,225456.79192013605,0.22359267709902028,1150500,18200,971.8957058805972,1.092182229580928
225441-M10_225441,225441,M10_225441,0.6823199987411499,171.10000610351562,28.899999618530273,64,20260894,10.739116529811252,10.746731136920074,10.754211132143531,-1.7895372369139497,-1.7675695153209066,-1.7476318308365435,0.4997003245095339,0.5212863164043516,0.5418397277854198,0.1317970469005241,0.14094814893663477,0.15044361063247635,1.6511040911333086,1.6567251298293666,1.674390702210537,0.8361618573809254,0.8391019342560698,0.8433203337413832,1.6491851298282587,1.652118765142627,1.6609137886373209,2.4619517800506836,2.4658614469539417,2.478490427095132,1.62432079519699,1.6279225270694901,1.636852894935862,True,3799.754712075459,3547,3780.67500963673,3535,19.07970243872872,12,3314.3773731831093,231864.04059919273,0.19508525891609857,1189500,18800,978.31457362324,1.071258729088091
225678-M9_225678,225678,M9_225678,0.7325549721717834,176.1999969482422,12.300000190734863,149,20260979,11.177923505610188,11.209300710153318,11.244114718069493,-1.7054795965891438,-1.673346552143407,-1.6230084735993158,0.21430628291941362,0.2462972751007189,0.2770937848720902,0.6196853922560986,0.637633159736205,0.6573001883002755,4.015654297350708,4.455553865930085,4.91278413298244,2.0987329997835307,2.3534669181372982,2.632933554281813,4.146329666601712,5.059019924600356,5.651752125620646,5.916257135222542,6.29271422355162,6.529807103959736,3.636834204992389,3.864802146292096,4.086220442843266,True,4103.273992345345,3453,4025.3735872476773,3441,77.9004050976671,12,3568.4678968435273,225525.73397078298,0.32633308535309574,1157000,18300,1051.100597428158,1.1883214573835346
226316-M9_226316,226316,M9_226316,0.6087539792060852,197.0,51.5,6,20260836,11.415751065329696,11.430139906453725,11.43945415946147,-1.8135736524994008,-1.7956431905519545,-1.7756490473719246,0.00994788403762675,0.025786587342287268,0.040534712980628565,0.14471127371320044,0.1540979132017165,0.16449115488341864,6.179693332463619,6.287905009388338,6.327475854714177,5.402758342942574,5.493368189068825,5.525823979111253,6.319752818849786,6.376383972678692,6.3966688414552095,7.236747294756996,7.259399756288559,7.267513703799167,1.741689724687913,1.7660315672197338,1.8339889518144221,True,3807.9482115354313,3597,3702.2792635540227,3585,105.66894798140856,12,3381.624748070375,232831.09999589415,0.25504688170217366,1235000,19500,1072.31773842033,1.0586455967571395
226721-M11_226721,226721,M11_226721,0.7373420000076294,211.0,29.0,59,20260889,11.074361215916657,11.118493326965648,11.145662718280152,-1.6465885092496222,-1.6232872908602223,-1.5963287246406692,0.01119375762987312,0.025883828486845718,0.04022657776800413,0.1861040257583,0.1964859942704028,0.20769843166536398,2.853292163690646,3.4598159633635612,3.760234421501176,1.6326710798548236,1.852940164688109,2.070372077706862,2.777975440518535,3.4003730698014873,3.7521723395409263,4.113942014278145,4.840374263574557,5.402153280945195,2.484579264499759,2.963946844875511,3.2920005903371448,True,3894.114578010365,3417,3853.661235387148,3405,40.45334262321747,12,4221.926097739955,223848.63275296363,0.3051324174959412,1280500,20200,1125.7111811684445,1.1396296687182808
227516-M10_227516,227516,M10_227516,0.7792009711265564,252.1999969482422,29.200000762939453,57,20260887,11.499637485015464,11.512168334870923,11.525556039876827,-2.1442855777752943,-2.118055637255202,-2.095695020161935,-0.19334889814767597,-0.17949168946716137,-0.16605357941901253,0.23073838257711612,0.24287816012714986,0.25637271252513405,4.549226135074807,4.62533601095356,4.712037001228752,3.375588925681272,3.4573049273001644,3.538822601234448,4.565459946920329,4.645138978395302,4.745671014299531,5.9058880813056955,5.957576621576263,6.0110449234025145,2.461846677599729,2.4983902578602386,2.5341814007344534,True,4096.624480972769,3698,3970.115867662872,3686,126.50861330989693,12,3517.1298276908274,238754.49871143998,0.23092031128286872,1332500,21000,1081.4000176414847,1.1077946135675416
227630-M9_227630,227630,M9_227630,0.7295899987220764,203.60000610351562,19.100000381469727,110,20260940,10.861235793220155,10.870708732324271,10.880862575295364,-1.8350768358472667,-1.8134405302846506,-1.791811807720815,0.08234077644992151,0.09767390463842579,0.11012227496217013,0.16808411634292966,0.17953810088224031,0.19280903306082536,2.9756621237408774,3.019435366330594,3.1685431381622835,1.7605696057343536,1.7905999729559887,1.833971500780427,2.954847638637023,3.0034390550381973,3.1242933940357496,4.1920243575716425,4.233619879686154,4.394768027023685,2.4180764858033696,2.448221096549142,2.558961373731214,True,3953.7339883554664,3502,3905.7622794880162,3490,47.971708867450076,12,3979.6983141027213,230158.79819659743,0.22217769172397137,1131000,17900,931.1946484930813,1.1289931434481628
227672-M10_227672,227672,M10_227672,0.6092709898948669,162.6999969482422,19.299999237060547,104,20260934,10.637061151930526,10.646299822158209,10.657095721666819,-1.897380788397989,-1.8667234637636274,-1.8418140994874885,0.22902628685681722,0.24882501842639082,0.26784891458242377,0.19114525417130535,0.20390860815286754,0.21631594230148676,2.9975266646058443,3.0190952459117013,3.104650959135784,1.789952267093208,1.8004152700751463,1.826962527786789,2.992828223377467,3.0100912656861323,3.076437313178211,4.201767949154199,4.220239382399688,4.303824116486642,2.4090086845344163,2.4229445494903894,2.481642843551091,True,3828.8282819493525,3567,3726.9475071343522,3555,101.88077481500021,12,3171.799070026652,235645.49646535158,0.30760805852428796,1124500,17800,934.1518755508587,1.07340293858967
228215-M10_228215,228215,M10_228215,0.6108589768409729,228.60000610351562,36.79999923706055,21,20260851,10.928610621578422,10.94401255137351,10.962767315287882,-1.5455690480504851,-1.5306901971822564,-1.5164092257909916,-0.04084258417025187,-0.032210478263380055,-0.025431188892738422,0.10870548437237543,0.11598028798280954,0.12393784805084693,3.0756341018661235,3.343564701196586,3.569745765103919,1.8189368942776438,1.9101911205311985,2.0147934731648,3.055140739924941,3.265001490614768,3.4633209965958107,4.275832405166095,4.543099959181546,4.801100883204675,2.453716149332477,2.615240359228661,2.788433631620319,True,4118.69747032056,3571,4005.350347734826,3559,113.34712258573373,12,3695.8458909457995,235054.9036128033,0.25980423708000167,1267500,20000,1083.7141525121406,1.1533736965333408
228380-M10_228380,228380,M10_228380,0.6113759875297546,259.5,36.099998474121094,25,20260855,11.080148049949358,11.087768588224531,11.096589093112312,-1.846316226471701,-1.834847633973186,-1.8215142287408421,0.07870652882425648,0.09150858803944983,0.1035981137788012,0.33220869459007524,0.3428298221445041,0.35152539186961596,3.0013603210695234,3.0194279749070616,3.096434329152143,1.797741055293776,1.803113359786571,1.82802929469586,3.0001061337062738,3.0133587185885347,3.073038643814321,4.202936903198868,4.2198640432746775,4.290775676732421,2.40568327232724,2.4170611576533045,2.4631119454040205,True,4389.234815285982,3580,4043.983887766172,3568,345.25092751981055,12,3553.6393882695825,233317.47413298278,0.36056309677393844,1267500,20000,1055.1410017814487,1.2260432444932912
228717-M10_228717,228717,M10_228717,0.9398990273475647,296.1000061035156,14.300000190734863,132,20260962,11.889596042703351,11.91858141696998,11.94121246353702,-1.608109001601135,-1.5855811350426519,-1.5642721476023829,-0.19848213884173185,-0.1939664695693607,-0.18816118240295493,0.6529408417371791,0.6617473007903991,0.6739539452223843,4.172104245140246,4.476450043933134,4.783529863486501,3.2350408946430056,3.4912508910563504,3.812830075196607,4.265968078600292,4.592129484100309,5.178901042006512,5.334881565910889,5.54254577209139,5.733459763724812,1.8937125075873857,2.053244689609543,2.153684072245659,True,3939.662293690743,3847,3742.6799928855944,3835,196.9823008051483,12,4857.735907948492,250104.02829441358,0.3352753220269998,1404000,22100,1202.3758586086333,1.0240868972422
229551-M11_229551,229551,M11_229551,0.6957730054855347,209.5,32.79999923706055,42,20260872,11.1639270599385,11.172553060195277,11.18137737923911,-1.8385603732686093,-1.8154447085729164,-1.7930676691261265,-0.011097360002270464,0.006402366811274828,0.018813230269718602,0.25091690938723543,0.2624128366888223,0.27355344632678136,2.889372570052218,2.9176097127669784,2.980449279705966,1.6793192691137473,1.699692595379372,1.7212734146987163,2.8365425655106042,2.869437701335745,2.9159699594994826,4.132775223423425,4.1552150169508035,4.224179199622034,2.4440735574426955,2.4564651437776623,2.502083508217349,True,3941.089558269014,3475,3841.7484423339315,3463,99.3411159350828,12,3230.7833836148066,226353.85399144294,0.24358257475518494,1215500,19200,981.8788767848164,1.1341264915882054
229883-M9_229883,229883,M9_229883,0.7279890179634094,224.0,22.600000381469727,89,20260919,11.13731530569537,11.173854412702735,11.197315060398548,-1.3982251881357655,-1.3712079817809255,-1.3489168914802057,-0.08367896521837755,-0.0694747755392843,-0.05256689720475555,0.3255156728976051,0.33771860030041834,0.3482850310611958,3.2459764936839792,3.6973301479034606,3.984006137102306,1.8179107148468576,2.0046744019226477,2.2278208635239727,3.151505571049264,3.6083251829614245,3.9942738055834472,4.514618850185846,5.256474650953687,5.794262294647791,2.685873215492688,3.1608788853162126,3.7038681447085353,True,4236.599981681733,3556,4135.827972346019,3544,100.7720093357135,12,3937.535810417855,233285.80664028795,0.3735928004742817,1248000,19700,1090.6654074629769,1.1913948204954254
230747-M13_230747,230747,M13_230747,0.6984639763832092,161.3000030517578,22.600000381469727,87,20260917,10.855648726235527,10.863534022029512,10.872654397770836,-1.9028926365772707,-1.8623622013025065,-1.8283286694693808,0.24029701212306576,0.25998019541415096,0.2803634851817925,0.13609173229217317,0.1478792004933218,0.16213069507781538,2.898238786880331,2.937243678527201,3.006253492103158,1.6852718281273578,1.7193644573974165,1.7643068870469636,2.848304179682319,2.8993619879163646,2.9716756742961197,4.138906173994209,4.17135799711318,4.2332589446827535,2.4344984629031345,2.451059167276462,2.4944501112710715,True,3997.7702463090577,3574,3974.074578232123,3562,23.695668076934872,12,3392.3337557107448,234306.68292545,0.23404811652155527,1092000,17300,892.7757548270747,1.118570298351723
230983-M10_230983,230983,M10_230983,0.6960690021514893,185.39999389648438,21.700000762939453,92,20260922,11.07867219382386,11.11585174580582,11.162040388550773,-1.504644745172808,-1.4789565773397175,-1.4529069332690911,0.09109498579167898,0.10273593211414409,0.1153790726543581,0.12704731612280082,0.1378233359621811,0.14905031928174398,4.472943392808146,4.892111289648284,5.444640648388817,2.317287464246383,2.7546012416395564,5.059673726243046,4.926803609151573,5.510900296679924,5.90727188320765,6.373756219743992,6.596321405561163,6.754870040172253,1.6951963139292068,3.7315262150904296,4.03430949515229,True,3764.363971092908,3598,3708.1030006303304,3586,56.26097046257752,12,3936.8067924977313,235177.51342517853,0.27822659177823533,1189500,18800,994.3587498813868,1.0462379019157608
231276-M9_231276,231276,M9_231276,0.6540570259094238,238.10000610351562,40.099998474121094,17,20260847,11.352470654327554,11.372847321999975,11.401665430103828,-1.4616048334524525,-1.4097577061514879,-1.3615832555919256,0.01626714918391499,0.030881647315480487,0.04912982499678638,0.2415906244606589,0.2543516489136117,0.2644241744629747,4.052366256625382,4.240104748118197,4.754162036706402,1.8515098804142396,1.992317158118377,2.1786563473386273,4.107583459803394,4.481757108046503,5.511167916560464,6.186471091520664,6.397834886939718,6.744709522719209,4.257406089741575,4.410003461018759,4.616450320369028,True,4021.2780108577826,3534,3917.7424661530235,3522,103.53554470475888,12,3186.1156350242436,229238.9763165193,0.23068212763948912,1183000,18700,1065.1047689598054,1.137882855364398
231544-M10_231544,231544,M10_231544,0.6547650098800659,169.39999389648438,26.100000381469727,71,20260901,10.796516432761516,10.804565066603766,10.814101443652081,-1.847029484900612,-1.8220461229379166,-1.7932183586347916,0.23961027848911542,0.2617718153389282,0.2807611991669793,0.11416794950669695,0.12626391677273563,0.13961639003098697,2.9208479519929362,2.9727612217485166,3.0135124233715094,1.700015241013976,1.748452261866368,1.7792585370380212,2.875928650622882,2.9523474914585566,3.004814361675114,4.159076386066041,4.196415622964815,4.238435736172057,2.4311914632223077,2.4505468178537466,2.4874136910912883,True,3751.7060565027723,3504,3717.5239918473053,3492,34.1820646554672,12,3569.9923191606154,230680.94963078087,0.1652670748815978,1150500,18200,991.0750480471179,1.070692367723394
231554-M13_231554,231554,M13_231554,0.6973369717597961,151.3000030517578,10.899999618530273,156,20260986,10.80074990605298,10.847309234688115,10.891171696829842,-1.7130914168023361,-1.667684090368577,-1.6166297750464247,0.020391032915915347,0.05530361762482659,0.08570408638510388,0.03656391056677984,0.05515210749377252,0.0798987339612255,4.421679313528819,4.957671875769652,5.547516445221022,2.6554138144585258,3.450978910903873,5.0315412491491545,4.494504835689562,5.3164222247255655,5.886964199392999,6.1507913905872895,6.51417035976987,6.742387149636843,1.7108459004876895,2.875073688787555,3.5531638088030855,True,4382.743372809066,3598,4349.007695305917,3586,33.7356775031497,12,3731.2484150192,234982.47466025277,0.2691492750839437,1066000,16900,895.2827961407602,1.2181054399135816
232005-M9_232005,232005,M9_232005,0.6111199855804443,190.89999389648438,29.0,63,20260893,10.842805525705918,10.854926611728523,10.879878804210882,-1.6922366023603657,-1.6713360104132766,-1.6526094784431604,0.09092965662021603,0.10413324185356268,0.11267465543470284,0.15913963849989501,0.16645943399034616,0.1760773441211853,2.9744022093633067,3.1114920935725716,3.4971296919923383,1.7543124018771312,1.7967504921548976,1.8966740194061382,2.947328783466954,3.052501975341668,3.3332802213082324,4.194442404497578,4.325462685587048,4.796177133433142,2.4358206446150166,2.5332485970703993,2.901517246129761,True,3962.5039634240657,3506,3875.8089742913744,3494,86.69498913269126,12,3263.2060968220917,230696.2993357863,0.3485018896831306,1189500,18800,1050.2333158487454,1.1302064927050957
232627-M13_232627,232627,M13_232627,0.6210529804229736,216.6999969482422,36.400001525878906,24,20260854,11.24464354437755,11.273026215083904,11.308252399014192,-1.804782444216998,-1.782290685304181,-1.7593590742793843,0.04557384085486865,0.06002918513424817,0.07564853078770266,0.07883636330479911,0.09050325944927633,0.0992163867172256,5.115244257666154,5.491432495487046,6.006483097584077,3.605346583545412,4.075027587728869,5.271928458370809,5.222453236983842,5.800874017810973,6.208796055293534,6.751126524892383,6.982494837223236,7.1456636522162595,1.8737351938454503,2.8957735417200063,3.142125436599398,True,3767.6746955752747,3538,3674.7871087304507,3526,92.8875868448238,12,3825.383281616551,229475.01008621138,0.12912813632631107,1176500,18600,1045.2090062759817,1.0649165335147752
232890-M9_232890,232890,M9_232890,0.7656890153884888,154.3000030517578,12.600000381469727,146,20260976,10.814379459890942,10.824189097586569,10.83377487372318,-1.7773940652753462,-1.7480891385040742,-1.7054506661522868,-0.05059830793174537,-0.03108876310884167,-0.011649795842612887,0.3226973518113189,0.34115373455799125,0.3603573048688937,2.9854943523641775,3.008995159308107,3.086045638661616,1.7726952020741522,1.7968862790398128,1.8206656320169703,2.9706710098942186,3.00416591636737,3.0696113321547225,4.1963147592347925,4.2150535070027155,4.294041078379017,2.4102495072492096,2.4260510976858973,2.4859491645342318,True,3968.622513843631,3557,3936.762979570095,3545,31.85953427353624,12,3599.6037505662443,234903.69974398962,0.2446940886842745,1105000,17500,889.6933318935335,1.1157218200291343
232962-M11_232962,232962,M11_232962,0.6976969838142395,230.39999389648438,30.799999237060547,48,20260878,11.189009128586514,11.206984013007954,11.261882710658236,-1.7826631204847254,-1.7415382139230875,-1.6908148912422691,-0.019053337637291275,0.008149746151122529,0.02941358530669129,0.2946729299383213,0.31383069938557057,0.3342950713413117,2.7214921056399812,2.891916676850186,3.807913106800762,1.5053603764090355,1.5533133504187655,1.7518771207697141,2.60454218169333,2.7129779893574044,3.630192069680749,3.999830197261314,4.221438515448538,5.988808970500884,2.4758969783650553,2.679973743578641,4.242794259397189,True,4086.084683744086,3410,3964.3575366475716,3398,121.72714709651437,12,3386.3319647761896,220988.56078034162,0.17927933436175933,1144000,18100,1005.9066867278889,1.1982653031507584
233129-M10_233129,233129,M10_233129,0.6186460256576538,224.10000610351562,75.5,1,20260831,11.275342661881313,11.283372467516536,11.291086404988825,-1.89067158967669,-1.8705902585770304,-1.8502481429973194,0.2714105098562389,0.28476759191456746,0.3007053397138744,0.1364302694945959,0.14286897515550923,0.14867974655260016,2.702939777496708,2.729699181310096,2.762660610611303,1.5085032887383265,1.5271611160104819,1.5491522685789263,2.594941116173438,2.6226702065437952,2.652030115328335,3.976755468833603,4.002336996734364,4.036377368138348,2.462718594315404,2.469783385735343,2.4951040034375165,True,3827.3791615368245,3468,3653.069250620876,3456,174.30991091594848,12,3297.4863667328054,224035.7928783991,0.1886991723039157,1280500,20200,1059.7899845549837,1.1036272092090036
233169-M9_233169,233169,M9_233169,0.6103590130805969,285.20001220703125,51.400001525878906,7,20260837,11.372630230726964,11.388372405892392,11.399363529414833,-1.8674556835294818,-1.849627987515845,-1.8335656335619408,0.1303216452068085,0.14344102128470126,0.1548014812938588,0.19494998068716166,0.20320235487900778,0.2111331528103283,5.176685887923436,5.362217248801393,5.468931617745606,3.6963042819459266,3.8943841444127285,4.016393321288754,5.194845674119844,5.406341037053821,5.657470706661685,6.78064979588369,6.86524794105728,6.965699808900426,2.9172460922286816,2.9797469019409495,3.098462273665035,True,3757.1567955269293,3512,3661.016116617887,3500,96.14067890904231,12,3765.904004560163,228762.9149287263,0.2544523394178872,1267500,20000,1092.6435719542205,1.0698054656967337
233902-M6_233902,233902,M6_233902,0.7293000221252441,143.39999389648438,19.100000381469727,108,20260938,10.867186707087445,10.897333744713716,10.948800464409516,-2.4028085072548144,-2.3683004146283624,-2.3317970693582266,0.3517662727145567,0.3755361750789941,0.40882936102891676,0.5160627556972747,0.5323333610379244,0.5488928956065812,3.9229751078637873,4.308508919077603,4.945037954353262,2.209090122779442,2.533710324129872,3.270715999406993,3.8778971544664653,4.443757768258401,5.494165741226723,5.536203306944922,6.080591741029197,6.477517250866652,2.7436563398101295,3.369870280872067,3.6950257331347935,True,3750.6587570537495,3394,3712.3001805806134,3382,38.358576473136274,12,3686.8432205221097,223708.59315839258,0.3191887088034757,1176500,18600,1043.9700161665678,1.1050850786840747
236682-M5_236682,236682,M5_236682,0.7342000007629395,227.60000610351562,31.600000381469727,45,20260875,11.263602689083832,11.279369752564644,11.294637576813338,-1.8801265705294192,-1.8616909317817756,-1.8438284587551494,-0.18103949853822263,-0.17266879981073596,-0.16341798653616232,0.31384771550602275,0.32271206228011784,0.33209086508651503,3.0255726396323106,3.2763553857394347,3.449566637199111,1.8081069398883638,1.8903822136164457,1.9610211513225526,3.022212575737377,3.2226224690019545,3.3785839181367696,4.226356814668418,4.493623492532176,4.73347110527145,2.418868072708416,2.5885369609793996,2.781466245287961,True,3979.2956410243446,3399,3877.1674640598876,3387,102.12817696445696,12,3120.4194751068767,221812.78509110335,0.17938731413432202,1092000,17300,921.4503754656762,1.170725401890069
236994-M5_236994,236994,M5_236994,0.7297000288963318,264.1000061035156,31.799999237060547,44,20260874,11.221107095036245,11.229049368371916,11.237317258780232,-1.7999545980650846,-1.7693583728951987,-1.7356311361016479,-0.15647645009187283,-0.14264243110101069,-0.12712604953812845,0.31820431831983836,0.33089307594277617,0.3439935604848474,2.8874033830458607,2.919922784663332,2.962063524583067,1.6766335498482916,1.7033883201530142,1.7304883177153216,2.8352269907434207,2.8747664234610957,2.9209750540535206,4.132566812667636,4.156680195315126,4.195560053033179,2.4401286307863757,2.452607807905901,2.483422391880857,True,4132.6704009659325,3435,3939.5424093973265,3423,193.1279915686058,12,3809.059440370119,224039.5196376367,0.2606356721165403,1280500,20200,1048.4516271203756,1.2031063758270546
237437-M6_237437,237437,M6_237437,0.7336999773979187,213.89999389648438,25.0,78,20260908,11.281061120133048,11.291210491675535,11.310768782156535,-1.5579646150242559,-1.5373607061236783,-1.5231355198057688,-0.06541597441613886,-0.05097871126507289,-0.03864814488323869,0.42855567104298736,0.4409543634567205,0.4568591024941992,3.001441854882581,3.0738547028473335,3.3240366599934443,1.796703704904921,1.819968371892697,1.9268467290138949,3.0007296901486615,3.058229573558887,3.300156162427221,4.205585482706906,4.280133139755813,4.544254767964118,2.409597508510453,2.460951231851025,2.6219423739833156,True,4275.990827313743,3475,4203.045345164824,3463,72.94548214891852,12,3223.264113509692,226826.03099901002,0.26468548240208084,1235000,19500,1077.1083182338625,1.2305009575003576
237641-M6_237641,237641,M6_237641,0.8579000234603882,196.89999389648438,19.299999237060547,105,20260935,11.251777640998208,11.261747577103197,11.270857108429931,-1.8722844231114837,-1.826894729333766,-1.7910505197513906,0.031551960136676924,0.05523203629401774,0.07580139549395475,0.3748502040060964,0.39640421303038054,0.4170742089602225,2.813076805196672,2.869115370202259,2.9529048706736623,1.6050572823258962,1.6474207802659706,1.6959825802336217,2.737492371850207,2.8050554395714453,2.8958350018771624,4.078412491314732,4.125810194334431,4.232698193888762,2.4579262710244008,2.4732537388405627,2.5570560862019818,True,3945.0837006859565,3444,3907.8183878626437,3432,37.26531282331271,12,3546.2505915339175,223790.43890661068,0.21765655486626423,1196000,18900,999.8309889892116,1.1454946866103242
238314-M5_238314,238314,M5_238314,0.7319999933242798,201.5,34.599998474121094,35,20260865,11.281788302641697,11.289881211493714,11.301608053176258,-1.9062545568637597,-1.8911300318539808,-1.8747493045121957,-0.06710200484284004,-0.05576890836385057,-0.04517571103536532,0.3174177455245245,0.32900881099196777,0.3399069312462387,3.0034226183159327,3.0524456406080844,3.22028921844881,1.7969332069818982,1.8111983170390864,1.8675072942933582,3.0015164790632163,3.038812835909675,3.176084873303596,4.207370193983549,4.255776544727047,4.439992201105192,2.411242997547137,2.443154484832511,2.5623077980746056,True,4115.769379813157,3429,4027.4702277730294,3417,88.29915204012718,12,3350.8928524445337,223048.25427300256,0.3088547053612663,1189500,18800,966.7172017619014,1.2002827004412822
238580-M5_238580,238580,M5_238580,0.730400025844574,222.89999389648438,24.299999237060547,80,20260910,11.467025073155886,11.476020168371027,11.484278933514345,-1.4349898664893406,-1.4067381162604082,-1.3826073372523788,-0.06158441931390581,-0.04910598434851943,-0.03757878544371211,0.17781282822336406,0.19128259078431536,0.2053233587164745,5.466783108661716,5.50962395989324,5.5527674752767915,5.140563680282504,5.172993415002998,5.197929766682353,5.885486779315065,5.9057553635153734,5.921340583314971,6.630409878347626,6.63851731202775,6.644751399947588,1.4468216332652355,1.465523897024752,1.4898461980651219,True,4178.979108832045,3569,4093.703958193288,3557,85.27515063875703,12,3948.6320714792946,231214.52525777195,0.2826253690200589,1254500,19800,1025.5743462396786,1.170910369524249
240899-M6_240899,240899,M6_240899,0.7394999861717224,177.3000030517578,15.600000381469727,125,20260955,10.87508972526378,10.905113901349642,10.926199638652065,-1.6014310057898238,-1.5707396306753114,-1.540337924922976,0.14304768614305274,0.16598704383373614,0.18826260128253477,0.4925338634800414,0.5109103751672796,0.530898780965895,3.2192228236398077,3.5643007649414695,3.8555342364185976,1.2596898877362248,1.3501218865696618,1.4724040217478491,2.628054085269786,2.9131473685687013,4.170719376690042,5.446022316520965,6.008432900837348,6.231459506843935,4.085092693599664,4.66285523802285,4.828912169976839,True,4055.014046871382,3491,3995.1583254257616,3479,59.85572144562052,12,3375.2055727038883,229056.19087648363,0.33009276758819706,1157000,18300,1017.229055927135,1.1615623164913726
241189-M5_241189,241189,M5_241189,0.7286999821662903,246.8000030517578,29.0,62,20260892,11.251206386366391,11.267635678661879,11.283289177410468,-1.5367263037748822,-1.5196974202936575,-1.5007520970548351,-0.13222648140944585,-0.12202756861207617,-0.11155235795559522,0.16696335592355468,0.17649358403702214,0.18403838284428967,3.0344917648349883,3.283232000791968,3.517798504503505,1.790744821741634,1.8745868780010249,1.947701387913972,3.0186194388762315,3.2338225039895256,3.4090748336993566,4.246782818794325,4.517551055999015,4.846998503429616,2.4558857075980747,2.6249822979777564,2.916589615834364,True,3925.778288244733,3471,3850.876127336839,3459,74.90216090789423,12,3845.223194514303,226704.91037707837,0.18868821227647056,1209000,19100,1016.9953310070559,1.1310222668524152
243871-M13_243871,243871,M13_243871,0.7333970069885254,213.60000610351562,22.299999237060547,90,20260920,10.983295402701021,11.00512299344863,11.039342069453314,-1.7143331850216152,-1.6767363964379096,-1.6401488193962592,0.2861003437714316,0.3073519776384169,0.3254562798884906,0.1625047428478174,0.17955248089940712,0.19272207812714945,2.8101987309620835,2.9663384687463688,3.533639978062306,1.5547039650065952,1.6574545714934514,1.8380657835629783,2.711380494203578,2.9231064747768203,3.433308667663936,4.096923612903939,4.261961768689325,5.07663700696176,2.5116140858710057,2.631522794812822,3.1895327820093833,True,3860.1471020898794,3551,3837.734519042231,3539,22.412583047648447,12,3769.197072239696,231930.49576942436,0.23540744502758335,1176500,18600,1039.740671516396,1.0870591670205236
244239-M13_244239,244239,M13_244239,0.7378460168838501,219.0,24.5,79,20260909,10.999790142701396,11.00786371944689,11.018483426179342,-1.8698980549226074,-1.8528341475765986,-1.840057323775136,-0.1256276926852288,-0.11422718197083295,-0.10032824931342077,0.24318518859138338,0.25364323048867676,0.2655389019928926,3.0035732121922276,3.041579283439095,3.159629479167558,1.7999009294063797,1.8134257514561156,1.8584907869021003,3.0023433782037707,3.0352652392716593,3.1403611602598307,4.205119791994412,4.245823065478773,4.365738352297516,2.4063055226828665,2.431771286210738,2.5073699985953746,True,4017.171039791437,3580,3971.257324517445,3568,45.91371527399202,12,3089.3207817906264,235659.34032148815,0.22681057139740832,1079000,17100,872.2229875922203,1.1221148155842002
244680-M13_244680,244680,M13_244680,0.9575620293617249,194.8000030517578,4.400000095367432,184,20261014,11.101403661977855,11.113224921963688,11.130204060714703,-1.7809088014750214,-1.7254279976006908,-1.656451155621397,0.08536489512181357,0.13029163244219916,0.17585962759062174,0.45184667941450546,0.4827592807012546,0.5148524786194087,2.9237164876950494,2.998139682193036,3.141705230500777,1.700010829424773,1.7687377626521519,1.8245686470806168,2.8829232206105657,2.9886048469683866,3.1247391107862197,4.161793573564581,4.222526154345346,4.4381285220979345,2.4283087723805306,2.467440138744995,2.607630194924662,True,6005.235833410216,3861,5961.3080303136885,3849,43.92780309652788,12,3737.3468595410245,252256.97256055305,0.2970126739117016,1144000,18100,920.9933595592156,1.5553576362108823
244738-M11_244738,244738,M11_244738,0.6970810294151306,212.8000030517578,29.0,60,20260890,11.12846958004428,11.136883181451607,11.144338033363596,-1.8359321155877586,-1.8218640609566745,-1.8063620042512871,-0.08686895411446853,-0.07524651199723703,-0.06315704692291603,0.19673251227216954,0.20759561369283577,0.21771302420165267,2.9993791317332987,3.012980593460897,3.0708812263608642,1.7929559160835562,1.8005090136134683,1.8167404236112614,2.994557445099046,3.0074720865166364,3.0500972142885683,4.201674327991767,4.214348344908128,4.275552773758187,2.405685981561112,2.4162618123821042,2.4581213356230824,True,4034.756908167814,3454,3835.092871997633,3442,199.66403617018074,12,3066.9738252796624,224672.25357797777,0.25943373627115035,1092000,17300,874.3218363123015,1.1681403903207337
245252-M11_245252,245252,M11_245252,0.6943770051002502,266.6000061035156,44.20000076293945,11,20260841,11.335036096743366,11.342511303843786,11.351558229836892,-1.789195422493038,-1.779721553547033,-1.768943802594643,-0.1534242077733716,-0.14486676744606786,-0.1347619209101195,0.22388147254416393,0.2326463839697327,0.24192233833497853,3.0041497725166653,3.0232361108900903,3.0947197933698765,1.7997566078115632,1.8057430667103278,1.8280678046646572,3.0024678083849206,3.018538428374551,3.073558998198675,4.205398853630098,4.224562624286738,4.2988554846042435,2.4062656694432123,2.419431720426644,2.467054656580314,True,4148.814372075507,3528,3875.767415255512,3516,273.0469568199954,12,4077.3049111496234,228069.13190007734,0.24538138980425636,1254500,19800,999.6570903602988,1.175967792538409
245621-M11_245621,245621,M11_245621,0.7350419759750366,168.1999969482422,17.0,121,20260951,10.951467816928592,10.96096086863966,10.970117163566407,-2.125811681397754,-2.094728527393439,-2.0608905271661695,0.5594462251963233,0.5797127524069186,0.5940828918172558,0.21304118127063798,0.22678438669719142,0.23845126889662088,3.0018340463144195,3.0186157946829173,3.1097554016017597,1.7982634358923872,1.8046893511391435,1.8388379411342444,3.0004642793991954,3.015326279052377,3.0997215594501677,4.20361954214605,4.220266787784681,4.319037714827643,2.4056728853365277,2.4165693134676607,2.4819701445593934,True,3921.668404326069,3554,3881.156774342404,3542,40.51162998366506,12,3509.934207690965,231939.9005480318,0.22568606709491826,1066000,16900,883.5772123150527,1.1034519989662546
245763-M13_245763,245763,M13_245763,0.7542309761047363,139.1999969482422,9.399999618530273,162,20260992,10.87592500763092,10.902745188855612,10.931267158230927,-2.437610897885338,-2.378990640133014,-2.3378170399044382,0.01328889805329405,0.05295293073463088,0.08699843858978637,0.5000299355540256,0.525334156931226,0.5514243089901915,5.094300310308174,5.529659590620638,5.957663624492037,3.8847780304518547,4.766343777572363,5.3755458722745475,5.189693452716818,5.707966333284888,5.983839890239527,6.274475333195422,6.481784485422651,6.592133908204506,1.216588035929958,1.7154407078502873,2.392274665488283,True,4404.348320583466,3832,4345.921248333651,3820,58.42707224981536,12,3509.7692436369107,252450.14757953584,0.19064119039363092,1040000,16500,862.5939241088927,1.1493602089205288
245864-M11_245864,245864,M11_245864,0.6980879902839661,178.39999389648438,13.300000190734863,139,20260969,10.634166425589182,10.643884742786312,10.65679661223935,-1.8824530831538935,-1.8409012254414003,-1.804600714105316,0.05207799802856913,0.07610407295327992,0.09636033539776584,0.21262613475945508,0.2328534791999159,0.25241901023969565,2.880304606624458,2.944813881465083,3.099309970895001,1.6615961125661307,1.7073809731586138,1.7779354373722935,2.8195245980042416,2.8965262873076467,3.0375949338239168,4.129474854298099,4.1820415730121105,4.350512193824929,2.448439265337649,2.472431271868434,2.5850379845150075,True,3968.6903978387213,3534,3927.9663865382527,3522,40.72401130046856,12,3915.41250769238,232312.75581775652,0.31478797695139854,1163500,18400,963.5570246335119,1.1230023762984498
246149-M13_246149,246149,M13_246149,0.7345340251922607,213.6999969482422,26.600000381469727,70,20260900,11.155185144753636,11.188677524013407,11.215334035172509,-2.093851214117005,-2.0305803575021075,-1.9637464534121554,-0.09801672474486098,-0.08052245737665253,-0.0668871419217708,0.32589447396274007,0.34318253765219225,0.35864849128677023,3.139276433641626,3.608681830481861,3.9234075780476165,1.8466075348220201,2.0829535294275576,2.4057899949368933,3.121358821175746,3.5774801252497963,3.906636474505948,4.344763627880973,4.852070889595122,5.385908900393402,2.489958109521394,2.6990350117290367,2.8913141523253527,True,4082.332551810595,3701,3992.0827047503335,3689,90.24984706026113,12,3550.649761989657,241809.933575131,0.2625420838371541,1176500,18600,1010.4379869662225,1.1030350045421764
248217-M13_248217,248217,M13_248217,0.6109169721603394,219.5,30.600000381469727,51,20260881,10.80044594647275,10.811554323596749,10.834090724381031,-2.0059886175691237,-1.976315998548102,-1.9477171078262592,0.1721039570611173,0.20604357380850546,0.2354701606482623,0.1242240483357532,0.1340236913462619,0.14201182362179043,3.008784993601125,3.0942381334141467,3.5090498222085102,1.8003312747315594,1.8256340095402614,1.9655860012985622,3.0049765490055025,3.069570838091414,3.3903062774875696,4.208973518217822,4.290098629416159,4.720148175854077,2.410312253024306,2.460709278474108,2.7289492635413377,True,4103.49595996903,3599,3996.931464780495,3587,106.56449518853522,12,2991.858360248183,235230.41181362077,0.2980380638375654,1053000,16700,889.6292546354234,1.1401767046315727
248829-M11_248829,248829,M11_248829,0.7634689807891846,164.8000030517578,19.700000762939453,102,20260932,10.928432590852958,10.935377932812472,10.945168783399126,-2.0511128554785154,-2.011137250238053,-1.9640946116402989,0.045729282788734615,0.06848796771730356,0.08988292391986094,0.2539282642872794,0.26841460607676737,0.2835879318263875,2.8647718246524514,2.9098881855835845,2.9747506807041484,1.656242621153033,1.6930105028320839,1.7338849979342827,2.805367987270461,2.8606149744844567,2.9250155231967345,4.115888382636511,4.151565313213686,4.219046900703514,2.443221894124846,2.4587336865086673,2.5080461059645027,True,4134.8560546628505,3455,4077.909524150818,3443,56.946530512032076,12,3365.644969868722,226308.7714108334,0.2507793838537195,1105000,17500,897.801882667467,1.1967745454885241
250391-M11_250391,250391,M11_250391,0.88926100730896,176.60000610351562,35.79999923706055,28,20260858,11.07227577399118,11.088362506349576,11.102878706694677,-1.5083965654760711,-1.4842592878538765,-1.4580128982201697,0.31896746966538164,0.34618104861887955,0.37385571646526233,0.6798517367562118,0.6937356376663386,0.7075186158370443,0.8216033659645897,0.9077307995838888,0.973579065120299,0.32551136762597627,0.34632921838042535,0.3641895342273893,0.6512923267431943,0.6912455445270599,0.7263490703641814,0.9778959312467712,1.2821113087229365,1.5558227199212744,0.6516559862227986,0.935141677093662,1.1905584334637993,True,4391.93494280086,3861,4169.466035317371,3849,222.4689074834884,12,3753.5086061896404,251957.65451182536,0.31051412707066245,1404000,22100,1164.4041240895167,1.1375122876977104
253688-M13_253688,253688,M13_253688,0.8370350003242493,89.5,4.800000190734863,183,20261013,10.931333988457412,10.973353034228943,11.014049066197217,-1.4922313699504568,-1.3766256292649905,-1.3039872464746722,-0.08931856071999607,-0.04221023233540583,0.024348385370383804,0.32157657286010183,0.3538465289394914,0.39137399774463755,1.7464149176814272,2.3955059274070614,2.9347414372279843,0.8570288920910764,1.0015106420585875,1.1761105063853772,1.6969055466281022,2.04715624442402,2.460853978463676,2.527371106456752,3.5262685821901343,5.270368141963379,1.6760705219080307,2.4737225781820547,4.201974599550462,True,8502.341009412272,3332,8479.693353078723,3320,22.647656333548674,12,3673.3185931690996,212371.6553536039,0.2494157481356651,1137500,18000,954.2285539675504,2.5517229920204896
254350-M13_254350,254350,M13_254350,0.6691629886627197,167.89999389648438,13.5,138,20260968,10.918259978762165,10.941044336869236,11.006318965070026,-1.9289599596804594,-1.8771105963379924,-1.8243563667419946,0.35391896442145254,0.3996778590196417,0.4403037995145749,0.26689464997920975,0.2897506377520881,0.3150148184967487,2.936873371952643,3.1591502618904013,4.258787649654268,1.6616677317104254,1.7631982299200564,2.2507626440465205,2.877946588054961,3.065043565520365,4.402475676606171,4.195348362058862,4.459923366454326,6.2259307808948865,2.482648011605495,2.6893241335780043,3.4628680340899116,True,4079.649006674841,3588,4011.4984923162983,3576,68.15051435854296,12,3424.840911119176,232356.35295737223,0.35444556509933417,1033500,16400,884.9047204004601,1.1370259215927652
255047-M13_255047,255047,M13_255047,0.8642939925193787,162.60000610351562,9.399999618530273,163,20260993,10.990611804237384,11.003011605113972,11.015906450854766,-1.616926728320271,-1.5720101336075185,-1.5305702395023506,-0.03426853226731633,0.0030605461418371453,0.03527352372616698,0.3665214453078204,0.39092265828274675,0.41841240692069304,2.7487013255615986,2.8121897392101944,2.9056770270954506,1.543271333334432,1.5954911677277055,1.652254602741611,2.6531592773692574,2.7335098766138355,2.825752344344956,4.025304533610879,4.082921009585313,4.192529524082093,2.464464440518385,2.4781186429068534,2.55480728197331,True,4957.247066196195,3814,4921.600821162889,3802,35.64624503330659,12,3694.4095272141435,250183.13293116647,0.3359999152247916,1215500,19200,1018.0248817764223,1.2997501484520702
257455-M11_257455,257455,M11_257455,0.665710985660553,135.10000610351562,36.0,27,20260857,10.928668264209202,10.93625273413943,10.943635809766993,-1.7597558400635511,-1.734751092884837,-1.7076040996086905,-0.11949403878522949,-0.10579227162270415,-0.09244508492730029,0.04687868681856836,0.0579109742231004,0.06904627838908745,2.8703272247709566,2.896287852418853,2.9320318385414055,1.6615658332020145,1.682878821259405,1.70547496104829,2.81258121674055,2.8421765146833975,2.8776031943205957,4.118404230945845,4.137988821996194,4.171338766461021,2.445657094901472,2.4553451284690597,2.478289996434002,True,4076.2027720266815,3549,3985.0247719244267,3537,91.17800010225469,12,3815.1230490890744,231934.86393302438,0.20602713821015073,1222000,19300,984.4021893693134,1.1485496680830323
258753-M13_258753,258753,M13_258753,0.9096279740333557,149.3000030517578,8.100000381469727,166,20260996,11.09071365374856,11.131283808415573,11.155760747631193,-2.0898101183086237,-2.0469507289932256,-1.9901044015611877,0.05908905228157726,0.08638759445109362,0.11118480867058304,0.2748244312897288,0.29519743144657384,0.31653644598969455,4.486354805732562,5.218468033506429,5.427904461400933,3.5232085879844246,5.054597673656876,5.189212223861778,4.580009219531209,5.497792168306686,5.58192626218475,5.58088178262772,5.940986662956496,5.974640300507722,0.7854280766459429,0.8863889892996197,2.0777804509298896,True,5370.464340414084,3830,5339.104563005844,3818,31.359777408240102,12,3427.362143933128,251801.05535975398,0.2938174334120608,1118000,17700,954.2445056159049,1.4022100105519801
259737-M13_259737,259737,M13_259737,0.7028210163116455,209.89999389648438,14.699999809265137,131,20260961,10.890128619313725,10.905034197957928,10.949144467055685,-2.027413458327207,-1.9893818535110968,-1.944549956072607,0.38325914817314066,0.4143339636112616,0.4597344735401756,0.18680059350313238,0.20758001929452258,0.22944551273034003,2.967483014757206,3.030956683293451,3.7452098971521095,1.741311754614498,1.781805605728412,2.0193631597339867,2.9573745690295654,3.0185228237528694,3.6682542550951447,4.1929152071806675,4.257239151017849,5.447489700610355,2.437688107292276,2.491661536740129,2.9438351147908506,True,5587.04802494352,3604,5484.284860122664,3592,102.76316482085635,12,4081.974944524288,232528.58855603077,0.1912612596691015,1157000,18300,982.2266706572846,1.5502353010387127
