target,object_id,spect_id,z,sigma_star_kms,catalogue_sn,manifest_index,seed,logmass_q16,logmass_q50,logmass_q84,logZ_abs_q16,logZ_abs_q50,logZ_abs_q84,alpha_fe_q16,alpha_fe_q50,alpha_fe_q84,tau_dust_q16,tau_dust_q50,tau_dust_q84,age_q16,age_q50,age_q84,t20_q16,t20_q50,t20_q84,t50_q16,t50_q50,t50_q84,t80_q16,t80_q50,t80_q84,dt_q16,dt_q50,dt_q84,passed,joint_chi2,joint_ndof,spectrum_chi2,spectrum_ndof,photometry_chi2,photometry_ndof,ess,lnZ,lnZ_err,n_calls,n_samples,wall_time_s,joint_chi2_per_ndof
27068-M14_27068,27068,M14_27068,0.6783069968223572,178.10000610351562,21.200000762939453,95,20260925,11.474278314736809,11.489987685415985,11.508295859022574,-2.385185489558167,-2.3429700725817835,-2.3037855175447466,0.0538740505390564,0.07744965977259194,0.09968379317987257,0.7702995586274477,0.8158543342965247,0.8647756713733263,5.3255876954296495,5.4601994707671455,5.612836512445283,4.002627232097196,4.194046893234907,4.542683762983626,5.437374009169435,5.618724608180905,5.791933249149641,6.628686746059651,6.7012269856642375,6.770510442051732,2.22821372733396,2.506629236853367,2.623553847594575,True,3797.7134812032764,3464,3767.0052984194804,3452,30.708182783796175,12,3932.663144444886,226345.97433745585,0.3484129888325778,7029238,19700,397.7418690752238,1.0963376100471351
31835-M14_31835,31835,M14_31835,0.67740398645401,202.39999389648438,27.399999618530273,68,20260898,11.094526744206433,11.121181536344373,11.150381259502531,-1.839074197581464,-1.808915753139795,-1.7790541755398892,0.06417449628444262,0.08222381602534652,0.09840581608186559,0.3521107035015843,0.4046784837112267,0.4483561812308679,3.019932004529171,3.3948070846299956,3.7606528042362757,1.8033090825326237,1.9544647451159034,2.1504032371380157,3.015166426561682,3.343070050440544,3.681850846572713,4.220555790619031,4.593372530854723,5.153568349121369,2.417420972145806,2.6514404550842547,3.0329177129188,True,3845.759731540957,3570,3841.813781990574,3558,3.9459495503829314,12,3636.8389311779433,233881.6050860942,0.2839155756901371,7134611,18400,376.9478589569917,1.07724362228038
36550-M14_36550,36550,M14_36550,0.7386149764060974,80.5999984741211,8.0,168,20260998,10.991974798017814,11.024143486149185,11.051537364618628,-2.6507151096284978,-2.5730511777881704,-2.4780513577215864,0.000972276453663791,0.06586957913434902,0.12928022248264212,0.4644945103038704,0.5365659759536492,0.6001315568629753,5.068904941020775,5.261957114576395,5.492067025197035,3.799741860856859,4.056937920525961,4.548574098781078,5.215741911185007,5.460053110324095,5.683433859730269,6.33550873673376,6.433233216389396,6.5225855161518655,1.9723546071333748,2.373558113650713,2.5446386581978615,True,4018.3829734071187,3373,4008.709454746268,3361,9.67351866085076,12,3638.8751774237503,219992.51845647438,0.21112863235664223,5414291,16000,386.6983227819437,1.191337970177029
37023-M14_37023,37023,M14_37023,0.7354879975318909,225.10000610351562,21.0,97,20260927,11.331848317459238,11.358291039160989,11.385430943858134,-2.0208596641060823,-1.9806347219035132,-1.9400580892965205,0.050774259798398474,0.07309779334869826,0.09416255324900309,0.5837009766706869,0.6053687877454745,0.6341629822498075,4.017230568924508,4.29364159644941,4.587935611492056,2.424862322346261,2.803308902844521,3.2179755077360226,4.009498763850272,4.339598123246584,4.68905267777646,5.600455482625233,5.934999110553602,6.149675994786049,2.8464047761797353,3.057664060863973,3.2581059369793373,True,3730.6231565213448,3405,3697.0337289484987,3393,33.58942757284609,12,4702.936072509305,222459.7993568196,0.24941805535241401,7614991,21600,424.59068681672215,1.0956308829724948
37219-M14_37219,37219,M14_37219,0.7346779704093933,182.10000610351562,15.0,129,20260959,11.022039649385384,11.049019100294023,11.075315468863371,-1.9836516474950419,-1.90591764200061,-1.8551604330212543,-0.0312917286791929,-0.011944861655431759,0.014144956218728915,0.2931523317938614,0.3182518614066808,0.3409014398605303,4.1074831428640755,4.413302436357114,4.733965381267136,2.554685023098237,3.045982069138356,3.378080377993136,4.107995526833885,4.470455746294267,4.903422178410998,5.705424348678642,6.0078741498769626,6.231146891272984,2.7483977612277757,2.966762936445844,3.141953718602049,True,3834.3076338934097,3552,3806.54524977861,3540,27.76238411479986,12,4584.181397548173,233722.90346650023,0.27551090549855417,6888220,19700,387.00233541056514,1.0794785005330545
37723-M14_37723,37723,M14_37723,0.7360039949417114,204.0,22.899999618530273,86,20260916,11.14373542602238,11.165925434179584,11.184742217939817,-1.7133963869607214,-1.6851611313983867,-1.6497539808497612,-0.09921215388500093,-0.08621500627215517,-0.07433436957080171,0.319748040156966,0.3440877160208926,0.3668201757283138,3.6950376928446667,3.9132467279240495,4.096307730781103,2.152615056983938,2.331897201823205,2.534420569840115,3.6659544267226756,3.8936922821232756,4.099386677136493,4.953837616154812,5.451808365738068,5.718142598852566,2.79588429733038,3.0647193328330755,3.24190473776732,True,3706.4811648294644,3420,3667.845697138429,3408,38.63546769103543,12,4164.451024006806,225032.78687322902,0.30054878352640996,7722699,22700,433.73111098993104,1.0837664224647556
37843-M14_37843,37843,M14_37843,0.9693750143051147,148.10000610351562,6.5,178,20261008,11.351690244859167,11.386120277657998,11.409710498483197,-2.7838376939077767,-2.7233822432092296,-2.6388326058197253,0.013246815077874848,0.06029601401527142,0.10637354643968681,0.4777807631634193,0.5384063450584522,0.6019884693191692,5.363586209185958,5.483155976939493,5.488696610858154,5.129977291868733,5.194057995141668,5.19549709152834,5.447840280398138,5.487890719943722,5.488790155185392,5.765703268927543,5.781723444745776,5.782083218842445,0.5865861273141044,0.5876654496041085,0.6357259770588092,True,4111.753429341162,3829,4106.340244810279,3817,5.413184530883308,12,3338.0469462983633,251186.61310847377,0.23295431501927952,5083776,15400,298.83722704299726,1.07384524140537
38646-M14_38646,38646,M14_38646,0.9688860177993774,120.4000015258789,9.699999809265137,160,20260990,11.38458171132684,11.412807402799327,11.463735036818658,-2.0764289585843403,-1.7770044932393012,-1.7247222595696412,-0.028428708033715812,-0.00017223487755558853,0.028601176234960342,0.38452910898402276,0.4176684040304356,0.44086685790847496,3.3892441470609604,3.7076266001762166,4.491525267760024,2.0297536694238616,2.3510390530866827,3.553080162857717,3.450125334746739,3.822388095178012,4.603135203778877,4.638915400509418,4.992758973666309,5.48623102146157,1.9526574421163014,2.571152385883022,2.6927742658073908,True,4437.982532784749,3829,4368.451956306711,3817,69.53057647803841,12,7432.687783831196,251213.7158732059,0.2862104200909156,7870081,23000,552.4506330949953,1.1590447983245624
38648-M14_38648,38648,M14_38648,0.6742770075798035,308.20001220703125,52.70000076293945,5,20260835,11.539713931022073,11.558569117417761,11.581803843900639,-2.16282449800274,-2.114782576147272,-2.080462869209856,0.14450702992082973,0.1633804141636081,0.18773729378502743,0.7193291118967527,0.7653287662604074,0.8142026083265865,3.126119226563428,3.273879952063849,3.4680212623319697,1.8310759651284212,1.8897436196110977,1.9740348300673942,3.101118043071546,3.2308497948226513,3.407079400084438,4.335720114643392,4.481489506308966,4.704335260659004,2.5043856427586055,2.5940680697770855,2.721923818887073,True,3786.5311509999133,3578,3756.2413135276884,3566,30.28983747222483,12,5208.244136107609,232882.29744257036,0.39844925280015603,9342499,25800,521.9859623685479,1.058281484348774
38771-M14_38771,38771,M14_38771,0.6757680177688599,165.8000030517578,12.300000190734863,147,20260977,10.712294365856954,10.748627971692809,10.78396121271106,-1.6854634010802585,-1.6146523710514202,-1.54722831278358,-0.15646651395295397,-0.11379920118317477,-0.05098503596574687,0.4786756868987938,0.5261063529486658,0.5743257039241539,3.1567064377566125,3.6425323032118344,4.155422626047438,1.3382412230105447,1.5778644644536581,1.9857289070485822,2.799993095870958,3.5379628053356504,4.415602605373276,4.868833424540603,5.796305407658602,6.275091877376822,3.4747489155372864,4.1181426678209885,4.407194268529287,True,4035.484000852711,3562,4026.2632697742965,3550,9.220731078414362,12,3239.837956015196,232809.84766192996,0.23999425270773064,5149375,14800,292.44992734119296,1.1329264460563477
39865-M14_39865,39865,M14_39865,0.8291419744491577,150.8000030517578,6.800000190734863,176,20261006,10.962026254723991,11.00299453997652,11.043867217882509,-1.8677481383443155,-1.775222632122961,-1.6892939665854942,-0.11501669540588082,-0.07036736118772793,-0.026251870452472507,0.47909992043787214,0.5517732876092023,0.6267445423653933,3.433851605471118,3.8574942692250045,4.273036866176995,1.9303084510211999,2.293261541389709,2.962894157317745,3.4509385747944723,3.9247766826474506,4.442446723386755,4.7712650795224985,5.410836092035778,5.787980967315504,2.6742314545326886,2.920653926941739,3.1744509947282706,True,3745.9268131763706,3450,3740.9463694577134,3438,4.98044371865728,12,3681.9858519995396,225453.60634080076,0.2277371194438388,5036293,15200,289.05602248199284,1.0857758878772088
77632-M15_77632,77632,M15_77632,0.8252720236778259,273.1000061035156,34.5,36,20260866,11.747988198345535,11.764103975255154,11.781836520954718,-1.9154071486563093,-1.8856564295260765,-1.8557224076492416,-0.19902997364402394,-0.19696782117133416,-0.19199399936339312,0.450988356824867,0.46545462057299325,0.4852903476372132,4.7253974158935055,4.858068155331366,5.028291111893005,3.577365570170933,3.7199092812542256,3.9226610806369364,4.878181720086422,5.084179428329838,5.288536622629537,5.940210689096078,6.013334149707433,6.095077027427311,2.161938197890896,2.2784003615980746,2.39764961233893,True,3972.5518232553736,3443,3920.078875962007,3431,52.47294729336702,12,4658.018932916182,223890.59311418404,0.2412833244321011,8434014,23000,452.24935054499656,1.1538053509309827
77745-M15_77745,77745,M15_77745,0.8255519866943359,312.1000061035156,30.700000762939453,49,20260879,11.6938794915402,11.70990932171452,11.725325605573566,-1.6579316839866804,-1.635451358716407,-1.6105917863950376,-0.19933493557752804,-0.19764348330590337,-0.19425655945039474,0.3750690280708034,0.39226772814049393,0.40604155264874353,4.454115500225154,4.6070736312832885,4.764824646713083,3.1793276479390435,3.3502732632892402,3.5117706997166693,4.629245605864778,4.921043931378861,5.153512639233761,5.856555921041332,5.958196730968027,6.040239810269087,2.485553309864804,2.5951859469766823,2.712796158842277,True,3824.8168859349803,3462,3784.669138184162,3450,40.147747750818226,12,4413.896246435116,225309.55065493783,0.28712794260636065,7985083,23300,449.7156866621226,1.1047997937420508
84337-M4_84337,84337,M4_84337,0.8388000130653381,256.20001220703125,14.899999618530273,130,20260960,11.697190630724823,11.723696692428556,11.7465371864264,-1.9708059112508598,-1.9223168976231988,-1.8825890541778048,-0.1771346227357133,-0.16042774341256347,-0.1435040525018694,0.27636258443039646,0.32238581167449376,0.4587473445228866,4.935702666601556,5.1109301290840685,5.595755805269121,3.8349143533240198,4.087616919702299,5.2078364419855125,5.160374967551312,5.3650824787630125,5.71738142037278,6.004123817631461,6.086006822116142,6.226926398760049,1.019089956774536,1.9973863698178485,2.1643036551099213,True,3996.6908826068648,3707,3984.1622790904808,3695,12.528603516383917,12,4427.852378611103,242135.4919179233,0.3623762791764107,6524195,18500,358.70669513905887,1.0781469874849918
87207-M15_87207,87207,M15_87207,0.8325369954109192,133.8000030517578,7.5,169,20260999,11.076022681374457,11.110647509629299,11.13238400167069,-2.295650132667264,-2.2019294425365987,-2.124074845791347,-0.08031600401993798,-0.03746954225859084,0.00554889997032729,0.29323572278883214,0.3354668709752398,0.4488163104871112,4.9787159972406405,5.280086063076065,5.750874681821224,3.8769040218444166,4.454905822692721,5.301014560352338,5.169542774105014,5.5016981984313755,5.787053932058611,6.026088840583447,6.1589510103139915,6.2730933037648855,0.9720787434125477,1.7040451876212694,2.1477330569264095,True,4550.6635782773965,3825,4539.5551726121,3813,11.108405665295795,12,4554.579115469704,251056.83227604834,0.22797592814314646,5949940,17100,335.26396969892085,1.189715968177097
88032-M15_88032,88032,M15_88032,0.8392300009727478,248.89999389648438,22.600000381469727,88,20260918,11.437781552488904,11.464547922698722,11.488723748047777,-1.8548535240384791,-1.8209987932370715,-1.7904165672444923,-0.19757263884306908,-0.1922957106804014,-0.18315216971225207,0.37931934836482484,0.43983210635492165,0.4962467056579604,3.864004267193867,4.052303283111344,4.2283873171673045,2.4409299426535074,2.7020151055231847,3.037005724922286,3.914177671139826,4.129630839504076,4.335875546426539,5.230147106850244,5.502946610364786,5.681328851779101,2.5809731922535843,2.755562075053114,2.9189328179755356,True,3934.7545428931085,3661,3930.168697332796,3649,4.585845560312643,12,3511.5319815084385,239680.22080464792,0.2848788927226483,5984711,18100,341.9302134679165,1.0747758926230835
89072-M15_89072,89072,M15_89072,0.836991012096405,181.1999969482422,7.099999904632568,173,20261003,10.930091763714575,10.964286549367051,10.996496063683017,-1.981858798660571,-1.9185756015062854,-1.86367715262822,-0.14426251862267925,-0.10981962551709412,-0.07227010852752476,0.4485282011299496,0.5144218615200618,0.568133194173544,3.436189054009097,3.820815609523623,4.1259672135573915,2.014044426942571,2.3427198570891212,2.7500062053213106,3.4373778027831556,3.8630981927786467,4.219853811498336,4.693656899184154,5.221918098048507,5.614753835610455,2.59785550949541,2.764469693091196,2.9703517474178707,True,4205.51212124805,3673,4199.668112483332,3661,5.844008764717861,12,3523.4062772402394,241129.99551525217,0.18156192883257594,5702912,16500,335.45597642473876,1.1449801582488566
89153-M15_89153,89153,M15_89153,0.8350780010223389,160.10000610351562,9.800000190734863,158,20260988,10.997311629580118,11.102029930527836,11.199706498751347,-2.552527995842542,-2.150240016918147,-1.9764111860017848,0.1773877390735025,0.2750890977980017,0.3946769800578784,1.0788615148016765,1.1697106299591726,1.2632796422198969,3.8214890855738206,4.671595310610655,5.268388528091573,2.218873608012723,3.489472448390943,5.046085067586338,3.922276760715511,5.0874998043733015,5.623073252488509,5.419776052444344,5.985832058144598,6.200061437390681,1.1539763698043426,2.4823478761086926,3.069303360571947,True,3645.7985057499877,3426,3637.410791172091,3414,8.38771457789645,12,3707.415023256384,224549.83932062986,0.2722101377571948,6415440,16600,335.5719534379896,1.064156014521304
91529-M12_91529,91529,M12_91529,0.840624988079071,300.5,34.79999923706055,34,20260864,11.44965520726111,11.482296625870159,11.51298859452069,-2.2774671123569723,-2.2427999720057263,-2.146923199141824,-0.05306726251271834,-0.04012066275861284,-0.02530740815652482,0.2678110249126611,0.3615633606126563,0.44004465066424686,2.975844440495321,3.027390939475236,3.0864755573918847,1.7297318684275527,1.777863408652627,1.8183732799251207,2.939228497226434,3.0137814862060828,3.075533744068567,4.212115770766284,4.254481484483266,4.316825469242181,2.4433208775579978,2.479785959695283,2.535436352387263,True,4209.25872827688,3833,4192.303171778809,3821,16.955556498071267,12,4137.553459554732,250288.42030344176,0.3066749610092151,7636375,20300,412.83348333498,1.098162986766731
92132-M12_92132,92132,M12_92132,0.7475209832191467,107.0,16.100000381469727,123,20260953,10.991364993337099,11.016963059431838,11.044265695181418,-2.3682308520812647,-2.3352650122796126,-2.303342701544182,-0.03715906986244526,-0.01481136509166842,0.013073873673453662,0.28062057309692867,0.3350578742764292,0.3878760807101634,3.781458893770864,4.012933414451884,4.208848450705953,2.244669330575119,2.4830776195588506,2.7404283963503624,3.7716239972788257,4.009159699601732,4.237636570447106,5.05956761524018,5.545252210739045,5.824058020286391,2.808124522920537,2.9819953236105463,3.1971786553868022,True,4191.530226766098,3829,4172.877171811522,3817,18.65305495457597,12,3464.719135926335,251558.54663785297,0.2667331511755504,5741283,17000,338.7983102798462,1.0946801323494642
93943-M2_93943,93943,M2_93943,0.8799999952316284,138.89999389648438,13.100000381469727,141,20260971,10.959303447838021,10.985947778740972,11.012427555357982,-2.7721038124349544,-2.7236345143784932,-2.6783039147207677,0.09498442936129281,0.13008572118538864,0.1578318581107795,0.3951351812507865,0.45406546687867955,0.5216623827712559,3.239157950248077,3.4530263007491597,3.623081884716807,1.7004580139533179,1.7984374444695665,1.9155792800384022,3.164762431902804,3.4563502672269477,3.706288387416947,4.7088455167396255,5.047477533827842,5.367642405636899,2.954170409142367,3.247762379760405,3.493126866602111,True,3860.332299117356,3848,3847.3315518391883,3836,13.000747278167855,12,3586.4239254301924,254424.53527812072,0.19742353312076755,5613374,16800,328.89899582602084,1.0032048594379823
94494-M2_94494,94494,M2_94494,0.7401000261306763,203.8000030517578,30.600000381469727,52,20260882,11.325429539146697,11.33714270826917,11.351758526390345,-1.7260246850386278,-1.7085649324049976,-1.6862840439030586,-0.09139079619404585,-0.08073659483951803,-0.07051454223128324,0.4062160910166593,0.4195083412972309,0.4313960128704031,3.039634841800499,3.123585669573334,3.277054165333008,1.8094156122962513,1.841883071949204,1.903699243873602,3.032595999765744,3.110010636778256,3.248658140704169,4.244376642036567,4.330891838964414,4.499043532321576,2.433875985476874,2.4886122018057315,2.5959699009374724,True,3675.454545883603,3542,3606.761030886094,3530,68.69351499750877,12,4019.189680156121,232092.6976333032,0.2212558563434224,8656283,25500,493.98842278693337,1.0376777374036146
97310-M2_97310,97310,M2_97310,0.942799985408783,147.5,6.900000095367432,174,20261004,10.968009610698163,10.999631269937202,11.032489744443378,-2.2726079693711116,-2.2191865485964684,-2.147502674822402,-0.11481728466121019,-0.06334165595268046,-0.00946611744542553,0.4234453647336404,0.46488039091851635,0.5051846322498742,3.014623254606247,3.4056306036666846,3.766493966519737,1.4606263891534126,1.6715403908659803,2.002106786675422,2.9206695775563185,3.531976917285811,4.102283819253121,4.553883997127152,5.096035525923707,5.453946418537196,2.987884224639806,3.3038354903308877,3.5617716574810183,True,3677.4332318812735,3818,3665.226023991677,3806,12.207207889596582,12,3496.912844707843,252031.8781776857,0.30031562459271266,5524943,15300,300.343222636031,0.9631831408803755
98104-M12_98104,98104,M12_98104,0.9814170002937317,223.5,6.599999904632568,177,20261007,11.252402427256449,11.289456756111978,11.319171460519428,-2.5947753952162613,-2.524570968935917,-2.431796350193333,0.08328294522522334,0.1351681122123131,0.18375042277529588,0.4292563448951881,0.4892838833094524,0.5657234399506413,4.2291272389727315,4.4876890709033415,4.669067814038294,3.2392443455614073,3.561842060110818,3.728625759992131,4.385280354309296,4.650804596255629,4.978272077310614,5.341606086930618,5.466923624369215,5.552424041752249,1.7955112535165296,1.8869836591091784,2.120640161545453,True,5924.686237458818,3816,5920.3530353484275,3804,4.333202110390756,12,3505.336934070303,249682.06072084687,0.27214231958262874,5778158,16800,328.1527818888426,1.5525907330866924
101089-M12_101089,101089,M12_101089,0.8510000109672546,183.1999969482422,8.300000190734863,165,20260995,10.92548673476087,10.967832005474223,11.004878548714869,-1.9803520681638669,-1.8919677481697152,-1.819942989898041,-0.1638406238920047,-0.12652946302084472,-0.08923669416516372,0.2859870403609068,0.3366259660187502,0.414073424267341,3.213362844966966,3.6748639381329418,4.090026517920232,1.887194959396995,2.1882885430983126,2.6982918860596894,3.212503660144022,3.710872334340949,4.197994742114034,4.4472242688719215,4.969233103652552,5.579088832767092,2.52508580674212,2.6862333480886935,2.9189767956074375,True,7534.302354221319,3442,7528.119250782805,3430,6.183103438514481,12,4272.112335344365,223273.93967143173,0.419837103637436,6094688,18300,353.31189850345254,2.188931538123567
101830-M12_101830,101830,M12_101830,0.9873830080032349,243.60000610351562,11.300000190734863,153,20260983,11.886492834998165,11.912082792401508,11.932687125986774,-2.3184027469534,-2.290324412282087,-2.254539304154374,-0.14880299225293353,-0.11789350833037225,-0.09062178490394666,0.49666954507914224,0.549651817173952,0.601594991869652,4.475035234891006,4.622717932255121,4.847451236463224,3.5537145178893006,3.6914401783019892,3.969144240601522,4.57079219529506,4.822662516475492,5.191859233067795,5.410029677182016,5.504983730150384,5.61847496474451,1.6307565272709235,1.7853908912220517,1.8937352202671642,True,5778.116464099176,3826,5771.075400360554,3814,7.041063738621449,12,3515.0637371591292,246176.9263640976,0.2781952047489925,6533787,18500,364.73232115991414,1.5102238536589585
102456-M12_102456,102456,M12_102456,0.6779490113258362,170.3000030517578,34.900001525878906,33,20260863,11.55738174271689,11.572409383795225,11.582147126730778,-1.9187547209590738,-1.8934326564070978,-1.8689771720224102,-0.07462987136898713,-0.06161431313746887,-0.05027036972460682,0.4351254835500862,0.4492544261527492,0.46269978035737963,5.933735167265407,6.204416235675685,6.205968581294614,5.21039557536185,5.481983439513693,5.482908047712051,6.04086962373389,6.210612038828791,6.2111899189527655,6.87134367210593,6.93924063814389,6.93947179019348,1.4565637424814282,1.4572571986301979,1.6609480967440797,True,4008.9626393761628,3475,3968.1197273998105,3463,40.84291197635251,12,3818.014049126519,226152.4492685757,0.2954966500201586,8287789,23300,475.11043171212077,1.1536583134895433
102968-M14_102968,102968,M14_102968,0.9393450021743774,259.79998779296875,9.5,161,20260991,11.434880237001726,11.458902938153894,11.482365244535016,-1.5688558568901494,-1.5144713715509661,-1.4609360014148889,-0.14100946271198841,-0.118707676055611,-0.09397110929545537,0.4494638342164592,0.46776364353331873,0.48329553987910207,3.33355131201161,3.5842301113383535,3.8790934991388166,1.9769389305055067,2.1946567633228193,2.584199806931886,3.376741707263205,3.6689376516329126,3.9932938017856636,4.579543393757151,4.8514470920590265,5.21794595980603,2.5226513433734796,2.610458026396177,2.728354322066683,True,4317.045414333924,3825,4217.545129352602,3813,99.50028498132154,12,4466.906051090063,250446.8672646828,0.41969457520364006,9381355,26600,525.5262714475393,1.128639324008869
103366-M14_103366,103366,M14_103366,0.674206018447876,194.60000610351562,14.300000190734863,133,20260963,11.010824063914908,11.05621635197878,11.09037712844657,-1.904354778863386,-1.8423770525139003,-1.774701764832942,-0.02252108433620867,0.014936796773619521,0.04325452891769835,0.5239756373529896,0.5547176111411596,0.5935457410793293,4.66677957780185,5.144690212100833,5.474231117372537,3.1516711948730145,3.707596329704253,4.2098172765347135,4.7533593876200095,5.329102173072903,5.662498434393299,6.369747871717004,6.599829662050458,6.733188166578616,2.519215482801859,2.889743787697576,3.2167914159910267,True,3823.311865659786,3559,3804.717365344332,3547,18.594500315453836,12,4213.521646133202,234587.62646277354,0.3108479053977786,6892461,19100,378.7561102267355,1.0742657672547866
104877-M14_104877,104877,M14_104877,0.9544000029563904,151.8000030517578,3.5999999046325684,186,20261016,11.369055441068447,11.406482173113812,11.44083144754996,-2.419683592117569,-2.3606889754869016,-2.2902384732729666,-0.10245666011244181,-0.033843616583919225,0.032846741969009594,0.3590043475455312,0.4209410724858964,0.4809169852433273,4.295291356083403,4.630593179625645,5.126318661908526,3.1509152078392773,3.613921202567566,5.052124007522942,4.514837389401343,5.061689970247647,5.422910454565212,5.482517452487507,5.6492087078804545,5.793696901607481,0.7415728940845389,1.9872971039473466,2.3218278309760443,True,5868.581204077955,3812,5862.236874339496,3800,6.344329738458242,12,3825.5787484815614,245343.26710685104,0.1730038982142538,5567687,17000,318.8009539570194,1.5395018898420658
105474-M4_105474,105474,M4_105474,0.6732000112533569,181.8000030517578,37.29999923706055,20,20260850,10.883980839139767,10.896534682998933,10.911069507366273,-1.7596710347186495,-1.7402320873258923,-1.7295743899865221,0.044838755875391816,0.06450961631434199,0.08162516056155755,0.39152799042270753,0.42975280947083805,0.4694732782390023,1.526646388388533,1.547443707021734,1.5878576237646709,0.6779440731266966,0.6926015438820348,0.708210444092429,1.4774158858368653,1.5001619872313299,1.5290498979787477,2.393479764173758,2.407149318996806,2.4364917669582655,1.7044317978626813,1.7134094517870202,1.7443071897569216,True,3661.7611476328107,3401,3632.432390469712,3389,29.328757163098526,12,4806.378200100073,222208.01390133996,0.28920934351139443,8356094,23700,472.22888046794105,1.0766719046259368
107362-M3_107362,107362,M3_107362,0.6766999959945679,239.3000030517578,23.700000762939453,85,20260915,11.437476871886494,11.460662258810734,11.476885745566099,-1.8070971257752602,-1.7792122253457228,-1.7390485131440938,-0.19235159080317094,-0.17911341237925293,-0.1657056145801739,0.4967706779092503,0.5154701950175531,0.5330711039546533,5.062187452510796,5.305266451016647,5.526900145798355,3.642225319472486,3.958802113179616,4.33301486687023,5.200227530120962,5.501392507552886,5.71733213511459,6.539482637778288,6.659948628751058,6.746324479775739,2.4131768488765757,2.6674042023875497,2.9205743093911836,True,4053.1872323674056,3496,3989.969450001665,3484,63.21778236574074,12,4356.165091163015,227455.4296840508,0.3070741836844966,8254686,22800,451.2713481914252,1.1593784989609284
107370-M4_107370,107370,M4_107370,0.8435999751091003,181.8000030517578,17.799999237060547,117,20260947,11.292781334519015,11.305442220658593,11.320313693564913,-2.357558384539737,-2.315510978291717,-2.271598050472564,-0.08048739256780423,-0.05932567195107136,-0.03228459107589446,0.34484865711143914,0.368023735750338,0.39177379047914856,4.768860097283528,4.910618444739337,5.05751287793219,3.6893178710622836,3.8211545452562485,4.02216395805024,4.914187164320656,5.1346362261660685,5.33192617707298,5.898390022105204,5.979893455333695,6.058809435696461,2.0336190037778517,2.1461294352181737,2.207375471631804,True,3650.455964450577,3400,3625.308880031721,3388,25.147084418856203,12,3964.5133150893103,222138.08800736937,0.1327970291664944,6543946,19100,370.77472330629826,1.0736635189560522
107643-M4_107643,107643,M4_107643,0.7343000173568726,248.1999969482422,21.0,98,20260928,11.209717147156683,11.222636051641462,11.241856336690242,-1.8634433119642653,-1.8262181087757248,-1.793605354358262,0.21494956771463464,0.24597436606270684,0.2822232437099855,0.28503826919689706,0.30672566243345045,0.32897367669480754,3.0613483873788296,3.1739288525355933,3.4305052140534475,1.8111099742856147,1.8545378551443195,1.9723184934999447,3.0491965208317144,3.149727164371026,3.38810202337681,4.271056393500992,4.389249238217307,4.671146474064875,2.459745237857759,2.539828813564662,2.6895662939844667,True,3821.349798881654,3508,3791.186346210206,3496,30.163452671448074,12,4597.357981978985,227991.0485890683,0.28947472227408044,7398269,21300,410.19165458797943,1.0893243440369595
108989-M4_108989,108989,M4_108989,0.8277999758720398,310.29998779296875,21.299999237060547,94,20260924,11.816935117287557,11.837957256339587,11.86091862339595,-1.9338492895258648,-1.904421372611047,-1.873658571025561,-0.1974128160707629,-0.19136868325960005,-0.18113241944806854,0.28471733601738247,0.3527905037552011,0.4114314300876183,4.561485703738807,4.690962716958888,4.829710369457919,3.4024447820473394,3.535486647564479,3.685325789545422,4.656705068964432,4.856127498851974,5.0734716064932615,5.8400411233500495,5.926747438525746,6.001587566289167,2.28208784637185,2.3768671325723836,2.4771452226555954,True,4225.765056334026,3747,4212.471318119732,3735,13.293738214293736,12,4414.861636313506,243346.83148812182,0.3098172897716035,6954716,20000,385.6373652849579,1.1277729000090808
109352-M3_109352,109352,M3_109352,0.724399983882904,248.39999389648438,23.899999618530273,84,20260914,11.550667960482627,11.566512309257096,11.586551180634473,-2.0912957710200724,-2.0529636995957077,-2.0207492011181047,0.029476052556372718,0.05200054254135101,0.07522841094421001,0.5303131643419753,0.5589689363417818,0.5882157463842113,5.282317122901151,5.40251616198468,5.625773771685539,4.047013379622998,4.2374578548362045,4.871288050600664,5.421862299315525,5.5679613693388035,5.786744101582802,6.46484948833684,6.523289116346152,6.610802209243752,1.7395141586430871,2.2860885981175545,2.4178801899868607,True,4042.6512872482554,3542,4026.291428930713,3530,16.359858317542102,12,4153.862034737395,230800.51926916133,0.22754794152144348,7835439,21300,425.39116006402764,1.1413470602056057
109713-M3_109713,109713,M3_109713,0.7275000214576721,181.89999389648438,24.200000762939453,81,20260911,11.338506426703077,11.350446957928213,11.363460315797726,-1.9743913433894984,-1.9411530150038676,-1.9121092064413399,-0.06990571797866682,-0.05697581791070518,-0.04163308672521709,0.40696407308959676,0.42545391650486086,0.4447592923678546,5.2600040326959805,5.349497180121837,5.4880489676976225,4.024971574915902,4.157083000224143,4.4365397758102985,5.3923743804028295,5.510586797370639,5.660629642825604,6.442760398973688,6.490045365760811,6.550062503942798,2.1134612052894415,2.3348100459536454,2.4176496239465095,True,3915.9500402591234,3446,3892.8891956156986,3434,23.06084464342502,12,4676.342567418966,226120.24589392284,0.30142673960870675,8222925,22800,463.2186876926571,1.1363755195180276
109843-M3_109843,109843,M3_109843,0.7243000268936157,115.0999984741211,12.899999618530273,142,20260972,10.994487226329916,11.019487604463233,11.046530074149068,-2.2474960937416393,-2.1804881209666522,-2.129076152285795,-0.0029540852323805497,0.02413327479951779,0.05054968961407373,0.3861716351115924,0.4126433782294793,0.43593978099575004,5.344790516692892,5.646405977756589,6.060776166605459,4.143105704905792,4.98360452250259,5.424662423968735,5.513353485505046,5.807517996648603,6.0756872116368,6.501778508852163,6.619444313309585,6.726711999304864,1.3020495753361283,1.6358397908069948,2.3587639973459362,True,3895.731583309757,3430,3867.802368936539,3418,27.929214373217885,12,4064.653339436688,225789.68541572543,0.13740402351696393,7172200,19700,391.14499552804045,1.1357818027142148
111390-M3_111390,111390,M3_111390,0.6672999858856201,133.39999389648438,32.400001525878906,43,20260873,11.15887702681128,11.187243873859959,11.21981880098851,-2.123595882661876,-2.0733326155954117,-2.0314533340266503,0.07929039018784566,0.0989721490355423,0.11797446392976976,0.5062911478584062,0.5235201797481885,0.5395506498764903,4.662030315145685,4.9944604443443446,5.3116930142742715,3.179428595415131,3.5356418078718512,3.9581309075456557,4.708189243034728,5.174056617264402,5.5225041726371975,6.357352523106517,6.562310144502643,6.701689166651761,2.7156142226616207,3.0109395920815194,3.2135523296983224,True,4100.574003586742,3565,4018.281401731439,3553,82.29260185530339,12,5191.201662164589,233315.82252892156,0.22822371741994324,8656535,22500,462.0517964065075,1.1502311370509795
112534-M4_112534,112534,M4_112534,0.9836999773979187,283.1000061035156,6.400000095367432,179,20261009,11.376496035047099,11.406188620840165,11.443090713409536,-1.7939773789357654,-1.7322191302432854,-1.6665091561191991,-0.19853461321882088,-0.19529826233032516,-0.18765513656215846,0.4866290861944771,0.5520676879574684,0.6211324889404248,3.3570197908817887,3.6128255500417095,3.9051621409205586,2.0119559381234198,2.261051185733443,2.6595010280543163,3.428214327046391,3.71235537948389,4.0518553563918225,4.593034104670093,4.885268208766432,5.21478561231568,2.4433226794442335,2.589268394743601,2.7016755005978066,True,4270.585642006055,3840,4259.974202352204,3828,10.61143965385178,12,4067.4747216043233,249788.67229023945,0.19194343420679177,5728318,17700,332.64462118782103,1.1121316776057435
113852-M7_113852,113852,M7_113852,0.6751999855041504,292.20001220703125,39.5,18,20260848,11.808108102311024,11.819038465148868,11.829948369935869,-1.8808444743073995,-1.8598611608600502,-1.8409683117917996,-0.10471647544094531,-0.09225236154736063,-0.07695762483252268,0.5567536558480651,0.5695606436793524,0.5811744204677018,5.316753251520257,5.432064475437795,5.5431008583162775,3.9856939914247933,4.132959390843137,4.325855517542919,5.3939326397183365,5.559130319503763,5.695337432393607,6.622252594027525,6.688331665941696,6.742814511097634,2.419002598175193,2.556311322937966,2.636843616520533,True,4106.036833250975,3516,4045.3456424851574,3504,60.691190765817865,12,4216.801482789843,228624.1420451452,0.2139707082611506,9010015,25400,496.13663196901325,1.1678147989906074
117010-M3_117010,117010,M3_117010,0.6765999794006348,163.39999389648438,18.299999237060547,114,20260944,11.020570972023682,11.046470032311802,11.066217356017132,-2.2722881613410055,-2.2182252106091633,-2.1570630269595625,-0.0041214108140714785,0.017214715831109634,0.0379633044340555,0.39753977206169183,0.4489479323654284,0.5061500213340117,5.131042664838743,5.268597203358964,5.4455248527010385,3.7672764804727206,3.932552184297277,4.1720739976168435,5.229550993449488,5.426650333161563,5.62695668659272,6.551564309204356,6.630404045089186,6.710526586461649,2.534100707277118,2.6765337385591907,2.806645018766321,True,3763.260210687973,3426,3751.331255592573,3414,11.928955095400067,12,4072.1179389803374,225996.04190059134,0.31115733808211415,6582435,18300,359.41149144491646,1.09844139249503
117400-M4_117400,117400,M4_117400,0.6686999797821045,245.60000610351562,36.099998474121094,26,20260856,11.544823158859606,11.562453347110527,11.578069565945713,-1.527600393511092,-1.493637104478802,-1.4595763567441382,-0.05273754794699668,-0.04377843493189613,-0.03477617538524528,0.3576802402900249,0.3731105544592713,0.38682365941817354,3.9034917785754097,4.106365470938551,4.298912576305526,2.298877657735546,2.499171370840405,2.735391138673724,3.8383730722850053,4.043586961765959,4.259468212077929,5.32154710194931,5.746626040466278,6.018264102661775,2.993211270343195,3.1600990711728105,3.3355670455055417,True,3916.486530438754,3378,3832.29288229767,3366,84.19364814108403,12,4599.277709201334,219460.2767973619,0.3250263448996095,11184052,25700,573.8733250689693,1.1594098669149657
117694-M3_117694,117694,M3_117694,0.6830999851226807,194.60000610351562,24.200000762939453,82,20260912,11.124272078397217,11.176741064729937,11.200538744738527,-2.1904904992425425,-2.117711689055061,-1.9938068706625907,0.1688085137404055,0.27111258328007865,0.3111779830416367,0.4081625862870457,0.44602178591805897,0.4858287781375385,4.880561039021199,5.414711678996886,5.748880021104526,3.3676378013658432,4.140727033302716,5.0546038360282886,5.112799992375317,5.5871776559915975,5.932213090651659,6.482057105964492,6.671808171411004,6.809822345275028,1.755218509246739,2.530129538803361,3.083245311392447,True,4231.5686687616635,3520,4209.899672503712,3508,21.668996257951083,12,4962.858861824954,230684.86440029184,0.35639052426405693,7562604,19600,395.94404255598783,1.202150189989109
119474-M3_119474,119474,M3_119474,0.680899977684021,265.6000061035156,35.400001525878906,30,20260860,11.53728363072282,11.565062003637946,11.599142695409743,-1.6690140377681848,-1.6505134811504085,-1.631447128049045,-0.08963568414106741,-0.07638265093062874,-0.06479313810618956,0.23877327960573938,0.2830711643037778,0.3345016233453249,4.900376722179914,5.16287556603756,5.429836178005817,3.3961511614875324,3.717052243828193,4.210292583945686,5.162262992791224,5.45989585279955,5.710433851812871,6.5095415784579025,6.628594722461234,6.728809922066562,2.513279999355612,2.907511324597275,3.1268164327534578,True,3976.697054073137,3485,3938.4747297857703,3473,38.222324287366945,12,4123.175820396666,226351.40457478867,0.3856292032977066,7391953,19900,391.39289206801914,1.141089542058289
119802-M3_119802,119802,M3_119802,0.6819999814033508,202.0,25.399999618530273,75,20260905,11.38133056766482,11.412849985412851,11.42909553141814,-1.936066104854241,-1.90632059435708,-1.8620763364929813,0.051888489108862526,0.07624466950647377,0.09956225398764043,0.6380662609482597,0.6631865173000215,0.6894426065377802,5.12179779760098,5.406903039185758,5.574543343014869,3.687556911473522,4.127664377291449,4.477560920916917,5.359504843227666,5.59972739619675,5.765663098232523,6.584586134777707,6.680675155965339,6.747049436779649,2.2687806218801185,2.543633927844058,2.8832608572115173,True,4051.7386593108463,3473,4031.241796630078,3461,20.496862680768224,12,4026.152702955362,226338.13632956165,0.32617933256486575,8096480,21600,438.0576399061829,1.1666394066544332
119809-M3_119809,119809,M3_119809,0.6801000237464905,105.5999984741211,5.699999809265137,181,20261011,10.715628789474822,10.843416878722888,10.936940955296627,-2.931332752218531,-2.598126636545703,-2.133757987031397,0.2817735876505706,0.44830781698121236,0.5471896456680133,1.4895037798341075,1.6121863417474502,1.7224002768144315,2.261907285598467,3.074343649803528,3.840700701703433,0.7370864840888596,1.1627771125782242,1.7453231341658597,1.9765324090397702,2.6575608137340927,3.851673636035174,3.4461445609961174,5.196597374496785,6.055025034325623,2.4859012141664927,3.850459615471809,4.5644969576371714,True,4281.153529524566,3569,4243.634625282268,3557,37.51890424229802,12,4832.676432370844,232820.5194986127,0.1261461280873379,5976486,15800,323.86357350461185,1.199538674565583
120308-M3_120308,120308,M3_120308,0.7279000282287598,222.6999969482422,29.0,61,20260891,11.49245251295785,11.511237524111413,11.52904140119366,-1.6528375014652643,-1.6327776805937615,-1.607218434548355,-0.19940470949259398,-0.19749614179995229,-0.1940595188720447,0.5327921722438458,0.5482707328726144,0.5664879123221276,3.9852048772396733,4.212692328560772,4.393635280660842,2.3168880271609793,2.5653948188468068,2.8256102402905134,3.960158473894045,4.236825124505297,4.512754986096785,5.572231008538516,5.895653939568183,6.110939138052159,3.090539755263784,3.2554063659197254,3.494454097982515,True,4271.954504154119,3544,4215.916733732124,3532,56.03777042199475,12,4331.1697868174815,230797.11858387067,0.2643021826193323,8472019,23400,465.40540831908584,1.2054047697951802
120372-M7_120372,120372,M7_120372,0.9415000081062317,267.8999938964844,19.100000381469727,109,20260939,12.06655623096055,12.07520747391117,12.084773308024367,-1.607595886758805,-1.5841194302265436,-1.5649402771920806,-0.19385711685278692,-0.18191995950279138,-0.16978500929727527,0.5524536112921031,0.5616017617061942,0.5716363866934744,5.531699012737456,5.5383329508078845,5.539436502733113,5.214833927634898,5.217468962007793,5.217845617320007,5.545361433053525,5.547008329536585,5.547243739106718,5.875888938472152,5.876547697065376,5.87664186089343,0.6587962435734224,0.6590787350575829,0.6610550108372535,True,4536.6638941060855,3799,4344.707219023059,3787,191.95667508302628,12,3830.3616359995885,247166.00978437366,0.20962063573323952,10133523,27500,560.4476915895939,1.1941731756004437
120488-M7_120488,120488,M7_120488,0.9334999918937683,267.8999938964844,13.600000381469727,137,20260967,11.535276535114093,11.55842063544434,11.576447249981156,-1.6325975010676625,-1.5941307277164163,-1.5559673920793673,-0.06583369939153584,-0.051020468296845534,-0.03409751977069956,0.49748324564748986,0.5077486510940151,0.52072254230933,4.362694081616143,4.588755117266913,4.802715203488895,3.319487430850361,3.5919412063328697,3.8182340509967,4.519634428748132,4.817487813997215,5.187097332017149,5.506560835683257,5.63421179587616,5.753419421030288,1.890975676393278,2.0009754676234217,2.248379461866646,True,4415.454773116451,3814,4312.823707971409,3802,102.63106514504182,12,4085.599708344341,251095.393841574,0.3398400203224539,8782132,23300,474.43664407357574,1.1576965844563323
120540-M3_120540,120540,M3_120540,0.9553999900817871,163.89999389648438,15.100000381469727,128,20260958,11.389640688046741,11.408238703155362,11.426825068058486,-1.704649126355523,-1.6714948378362047,-1.6339526280268986,-0.044012937990499754,-0.028156115449745306,-0.013400542845656957,0.43372741355712463,0.4463200979125648,0.4577594696126207,3.305286925279526,3.5116940115628634,3.7089711726913612,1.9682052304192206,2.1380249672438234,2.362774125113453,3.359188427529568,3.589772688708334,3.815735538553219,4.552757576973631,4.775079118221219,5.012688363352966,2.535943909512487,2.6065847685176315,2.7029413044405235,True,4410.467620875634,3825,4312.627195870866,3813,97.8404250047678,12,4101.494129857689,251585.71001201545,0.2693870473759769,8794575,24900,483.48358005005866,1.1530634302942833
120758-M7_120758,120758,M7_120758,0.9365000128746033,244.1999969482422,9.800000190734863,159,20260989,11.326488807218283,11.353724362968194,11.373538705594175,-1.9778608379052327,-1.9149711584345726,-1.8619918012053764,-0.14720323898917004,-0.12018252870044699,-0.09375277707813244,0.3144332818124718,0.34204657556204676,0.3629088835870661,4.364378392540745,4.615843054141946,4.788182496868415,3.3165132842365916,3.6181514983075242,3.8127810448163055,4.5129927848773335,4.870956592623474,5.129020330504322,5.5034681292306695,5.63981151741122,5.72235334682175,1.8926330144114416,1.9805726555871594,2.196366180088776,True,3966.308398272878,3784,3934.3785074478874,3772,31.929890824990704,12,3883.5172772554865,250458.80927784968,0.33012137563700944,6409168,18400,359.40650139562786,1.0481787521862787
121482-M7_121482,121482,M7_121482,0.9359999895095825,223.8000030517578,7.300000190734863,171,20261001,11.1801157713615,11.208782744049987,11.234137254279997,-2.302680484874522,-2.2663454459644043,-2.217531557316742,0.07744437056836555,0.11287075287537789,0.1468114222355133,0.3851932588972408,0.46649576748693355,0.5305351304030476,4.664921019920195,4.785858344145382,4.985441758544337,3.6923454205894575,3.805230127314145,4.095122049169681,4.77014878090651,5.0216435118440845,5.243802362199531,5.606278222880936,5.6807067379707155,5.769570278112895,1.6779582360548297,1.8736596322893193,1.8996532459976714,True,4333.944993245939,3830,4330.523294093983,3818,3.421699151955747,12,3445.4844776321283,252879.91388993955,0.2406858458351054,5232404,16000,306.28144686855376,1.131578327218261
122025-M7_122025,122025,M7_122025,0.7476999759674072,155.1999969482422,14.0,135,20260965,11.12061295494094,11.154638542828282,11.181072499766552,-2.1462678245103493,-2.090860080538935,-2.0240174744877026,-0.1593098142196458,-0.14041183037888455,-0.12214595341970935,0.3970324232768102,0.4573147723241699,0.5144037555994556,4.463209569531175,4.720552525230987,4.907332297084086,3.1705160787026325,3.437423854893832,3.6493457977481767,4.502591354226237,4.8223229088764015,5.054669120661498,5.982231967822397,6.152113525874379,6.241520307733993,2.5655754567174003,2.6889710006772956,2.86767481797258,True,4378.6621453051675,3790,4372.376442413235,3778,6.2857028919326625,12,3974.4632113915627,249718.07144451063,0.2698171277516687,6023462,17600,349.3723729066551,1.1553198272573002
122242-M7_122242,122242,M7_122242,0.6032000184059143,124.5,26.0,73,20260903,11.083941404708295,11.119351217774497,11.12949730081938,-2.1431068547676557,-2.1109173278242097,-2.0786543088862146,0.057417623674962406,0.07698067065531039,0.0935248380177959,0.4096255150695502,0.4274904378948513,0.44590417461868365,5.745322724543322,6.39058274180584,6.430148019100631,4.414156114790277,5.5370023734477645,5.571807488365074,5.875995943904384,6.41698140734116,6.438734604164479,7.080566255859845,7.296960441234555,7.305661719963882,1.7338542315988084,1.7599580677867905,2.6661753786892435,True,3824.9516461908943,3528,3785.9239059694573,3516,39.02774022143698,12,4193.384264127221,232061.35153103602,0.27958234354690475,8520654,22500,468.06043291278183,1.0841699677411831
123161-M4_123161,123161,M4_123161,0.7994999885559082,195.6999969482422,21.0,99,20260929,11.219483922378911,11.237212198488727,11.25844825382074,-1.8918106183868753,-1.8299555375431649,-1.7884279911554322,-0.08650215043220306,-0.07230505172208834,-0.05547651089714057,0.28004104073361974,0.2995101017029589,0.3250475542169952,4.03348494104245,4.245677322305753,4.494062570213633,2.534652541515868,2.9015271603230874,3.1745923095474797,4.077556283403783,4.331819078545486,4.713062841211378,5.526024772218705,5.7745589120940135,5.96846830844649,2.675152933355604,2.8656391558642715,3.0606530090195325,True,3847.2321477232804,3633,3832.0197559729804,3621,15.212391750299872,12,4627.191176655982,238462.45255004632,0.20570889713418303,7365024,21600,420.00811611302197,1.0589683863813049
124231-M4_124231,124231,M4_124231,0.6771000027656555,211.0,34.5,37,20260867,11.551593224133901,11.565943941111613,11.578696381278046,-2.2550423952105962,-2.228881711260405,-2.1994583822045244,0.15780934843210767,0.17963359610556265,0.21102940609926182,0.397527229939779,0.41873474385983056,0.4426041699274774,5.2286020757113345,5.321712650304822,5.4800555428875235,3.8933951399589097,3.9927600318124856,4.216483202708085,5.28294481077532,5.448288428541945,5.624090732608965,6.571161040059345,6.637298487165995,6.707619408792803,2.4919562005870453,2.6355468293424,2.684466836408454,True,4225.719152137844,3578,4196.406218246935,3566,29.3129338909086,12,4466.425779331522,232194.27675889686,0.27861820089873457,8253752,22300,449.4568130876869,1.1810282705807276
124875-M7_124875,124875,M7_124875,0.6025999784469604,168.3000030517578,31.5,46,20260876,11.088812483558455,11.104246840076582,11.116425775546762,-2.094068147476909,-2.0595631404300394,-2.0262402827787382,0.06871724575155098,0.08596090866658146,0.10516941126891655,0.430246739199944,0.44839306629367903,0.46781834701774194,5.483753807313758,5.640671582560778,5.780487678619444,4.015762273700259,4.240376453528583,4.520991561233974,5.593221190094776,5.786833867136462,5.940569721634315,6.969768657409926,7.0472137282266,7.108708070025742,2.58790840705802,2.805050272386606,2.964107158812557,True,3815.3864893059304,3502,3744.9390598249965,3490,70.44742948093365,12,4078.770468653975,230049.30331884907,0.2779237614123161,7625951,21100,412.723086402053,1.0894878610239664
125213-M4_125213,125213,M4_125213,0.6772000193595886,245.89999389648438,27.899999618530273,67,20260897,11.383633309270516,11.395616725633815,11.40843927236104,-1.9548216968747598,-1.9307043874817977,-1.9044987134565035,-0.08867315805292733,-0.07502836766962274,-0.06126729319757908,0.49952088950991447,0.5141974846182329,0.5296374604326528,5.3265114741260975,5.452154615656484,5.5922421602784125,3.9999855513484053,4.169043360063011,4.435239449602393,5.4156114042029,5.586385171099602,5.747190118190471,6.62387560356219,6.692185110320872,6.7565070891572185,2.3212676395548257,2.5243325892924586,2.6220376908687486,True,3983.667568848781,3470,3923.7137705233245,3458,59.95379832545635,12,4197.534666586263,227175.85451115065,0.26672061374595196,8333632,22800,460.8081181719899,1.1480309996682365
126153-M1_126153,126153,M1_126153,0.6822999715805054,115.0,10.300000190734863,157,20260987,10.865503481951686,10.889532459890663,10.90614962570997,-2.4554901128873596,-2.3896533550032126,-2.320568884811824,0.014736931237548006,0.06347018649231839,0.11031810427893526,0.5695032001031664,0.6229787643669782,0.6714208851184866,5.73288353958719,6.1319377764594165,6.174228878398366,5.011919085098396,5.4438255254358285,5.469199853155132,5.907283505987504,6.1772250311984,6.193083986022964,6.802647926876613,6.910624536960972,6.916968118890797,1.4477682657356654,1.4667990115251426,1.790728841778217,True,3919.3732817757373,3505,3910.129813388921,3493,9.243468386816264,12,4273.30950665751,231296.2427169763,0.25756694255568346,6483349,18600,372.60656577162445,1.118223475542293
126578-M1_126578,126578,M1_126578,0.7504000067710876,169.39999389648438,15.100000381469727,127,20260957,11.570454598438388,11.598979302849399,11.621712559556393,-2.000002831579597,-1.9572243301780845,-1.917965322477959,-0.17655100538871318,-0.1444198837988021,-0.1190369632414123,0.4270719636310773,0.4704382378714034,0.5366084469431621,5.242357942751156,5.660959400031453,5.932489019320969,4.0614959360302185,5.119006408778587,5.366125883762284,5.446383712625831,5.831209398734976,5.9856590705997865,6.389482114247707,6.543412388691365,6.605192257437289,1.2390663736750047,1.4244059799127782,2.3262273530136737,True,4124.426273330733,3557,4112.69859313777,3545,11.727680192963303,12,3675.8314522680826,230093.14066911596,0.29139946259525323,5943171,17000,333.4520304761827,1.1595238328171869
127946-M5_127946,127946,M5_127946,0.9387000203132629,199.8000030517578,5.900000095367432,180,20261010,11.420182588278823,11.453243019050994,11.485643139015863,-1.4435360695681365,-1.3387331127176654,-1.2652915130464713,-0.17695036516360496,-0.14485551079371878,-0.10837499530433373,0.2832617170013357,0.33913980040700503,0.4022315278166048,3.3536163060259114,3.76537057188101,4.142307609756315,1.7019928826818536,2.081095811912126,2.7071761181241816,3.4568529828891092,3.9950950901147815,4.7339583615303695,4.997769607283719,5.371991535901637,5.623835989386752,2.8050840993273276,3.1848465876222267,3.4414310234829357,True,3778.790519644659,3782,3775.240226516335,3770,3.550293128324209,12,3669.762186357143,247087.4032320781,0.34023778293392953,5450051,16000,305.1211581270909,0.9991513801281489
128311-M5_128311,128311,M5_128311,0.7303000092506409,276.20001220703125,26.0,72,20260902,11.617095477319493,11.632760099952623,11.650283987443137,-1.6153609576544177,-1.5862249721630604,-1.5618860281800426,-0.15280254558620107,-0.1415222372340772,-0.1286551807748565,0.44614930120483853,0.4618757641633128,0.4751812060940691,4.3671722808249545,4.525032098655162,4.683966860496752,2.9375173436456943,3.120538386669754,3.2695190031717973,4.403210180439835,4.620724350372978,4.876501957640743,5.975076717430244,6.11963372625007,6.237039892380198,2.881056382354833,2.994480155544754,3.107018417235895,True,4188.9647228386275,3693,4126.101689783836,3681,62.86303305479114,12,4036.091208813542,241204.01753746168,0.2570328680055352,8154022,24000,455.5008805759717,1.1342985981149818
129596-M2_129596,129596,M2_129596,0.6955999732017517,184.89999389648438,18.600000381469727,113,20260943,11.054856928153471,11.066180399663033,11.079792821406006,-1.8780580528854813,-1.849793732722838,-1.8240522315638394,-0.05108389678770875,-0.03483653814016956,-0.017989508366714074,0.4325566490412984,0.4521840232956076,0.47205407542496336,5.2603121194861675,5.4113168128550715,5.54933880127671,3.9597731694073586,4.163084332605175,4.432008765497426,5.36443409770029,5.567376167327798,5.712790242585253,6.539349324977632,6.620526152828635,6.678691782931617,2.246779687028258,2.455968707303615,2.580013368968235,True,3723.76961683742,3575,3694.710689314449,3563,29.05892752297097,12,4359.796567687851,236303.67778960118,0.3656235529792559,7284968,21200,414.814399221912,1.041613878835642
130005-M2_130005,130005,M2_130005,0.8341000080108643,246.10000610351562,18.200000762939453,115,20260945,11.489492938435548,11.512308883733358,11.537730892236493,-1.8042536763122599,-1.754023322470477,-1.7045312011582867,-0.1954721279940531,-0.18406164771577027,-0.16735206133098746,0.3079937965948872,0.35066713909279873,0.419962395639292,4.034883545902671,4.257191421084764,4.498926421975944,2.54416923453007,2.942741089703522,3.222781220147836,4.128034347216215,4.429885842447714,4.823059390561503,5.540609277817132,5.754089214001924,5.911630200469885,2.6304668462886114,2.804762533379259,3.0140317415852818,True,3644.1696390950933,3381,3637.5760115892363,3369,6.593627505856875,12,3430.613259663611,219434.77042208973,0.18886595980478163,5722863,16800,322.70150414668024,1.0778378110307878
130052-M1_130052,130052,M1_130052,0.6040999889373779,208.5,44.29999923706055,9,20260839,11.415534572906523,11.432938990323791,11.4531547466883,-1.7119803053986962,-1.6932561857959185,-1.67574639627085,-0.04400682996909212,-0.0339328696667054,-0.02454612490357824,0.23214481028001185,0.28303699575819985,0.3437775441086314,4.911776801440126,5.159672508363454,5.41366948924321,3.24318038191631,3.5084877373135503,3.852521422035234,4.999077348521876,5.401296414213519,5.703034238455381,6.726327074748305,6.887221538040616,7.007916667737361,3.1402604428851473,3.35160679858651,3.5227277898546427,True,3758.907553046936,3602,3749.575343252698,3590,9.332209794237608,12,4137.923569227609,234920.70938440683,0.1828720584798315,7473775,19900,399.1864271685481,1.0435612307181943
133240-M1_133240,133240,M1_133240,0.7282000184059143,130.60000610351562,11.399999618530273,152,20260982,10.87529222305533,10.907077628922359,10.92617351019283,-1.839934012627374,-1.789797772222213,-1.6985116820495767,-0.10723139001048698,-0.0861116847050567,-0.06454951971611632,0.39738994391483035,0.42142114627166877,0.4431459938541122,4.854905616634994,5.1988205457480205,5.366555249329517,3.491920981115924,3.9501069170456025,4.194183073885893,5.01332172946879,5.340042692616548,5.552226586326237,6.288820179318193,6.419508564577296,6.5043821220611715,2.304486331396616,2.4612156569272376,2.7704270537240205,True,3791.6618192288024,3572,3761.5727483698493,3560,30.089070858953097,12,4292.3770423184005,236773.12270306816,0.34929476129366427,7278816,20900,406.62473048001993,1.0614954701088473
133501-M2_133501,133501,M2_133501,0.729200005531311,211.5,57.70000076293945,4,20260834,11.343210343791197,11.352766100660702,11.361551745123833,-2.0115230381374523,-1.991735344147402,-1.9804138617119649,0.03308479716012843,0.04600137324810172,0.05724987312190465,0.48837000716033807,0.5016330968404288,0.5151079555440987,2.8979728158856166,2.9272402394026664,2.978760075176078,1.6871485729593867,1.7098808647778023,1.7417336633696618,2.8554390577710493,2.895898419616179,2.946221035038474,4.140946312459574,4.1667669482435254,4.214380203389679,2.4433135191084787,2.454676002028216,2.4851819025514215,True,3729.5934227034054,3594,3667.8668296466885,3582,61.72659305671688,12,5544.412804635238,234224.01441682258,0.313425401563115,9766913,27600,544.4121972849825,1.0377277191717877
134021-M2_134021,134021,M2_134021,0.7493000030517578,239.39999389648438,25.799999237060547,74,20260904,11.2164894153244,11.231300954519192,11.247290348831166,-1.858942918830614,-1.8145723616842648,-1.7764126974707473,-0.06875399834581426,-0.05130162777424391,-0.03442932204804943,0.6142465525034124,0.6590391401499023,0.698466406599156,2.9942710154637595,3.057596277493219,3.1803232206168865,1.7646487915449567,1.7947723929142496,1.838254434757678,2.9820125594746907,3.0408638051968078,3.155929760598232,4.214790210490679,4.280624438883454,4.418208397059208,2.4444252149656487,2.488267122803913,2.580199138470649,True,3738.286690873104,3570,3712.129174428233,3558,26.157516444870694,12,4207.522297208484,234620.01087311126,0.44101205156196505,7677221,21700,424.165587741998,1.0471391290961076
134391-M2_134391,134391,M2_134391,0.6834999918937683,247.8000030517578,44.599998474121094,8,20260838,11.490781351399141,11.50263853033451,11.514860498829943,-2.149037245532478,-2.1312453367560016,-2.111843491059295,0.020846477569559763,0.0325598416552134,0.0491713953555466,0.46006895219947436,0.48241273889191627,0.5105768781452855,5.251161046878904,5.329171698970285,5.449103419590377,3.9310934614255038,4.0157913436228725,4.182180482788138,5.303552075809207,5.424935695229698,5.591398937972062,6.556960240810758,6.605513688578954,6.672098985675899,2.4891888570237377,2.589552627176479,2.626278915183648,True,3851.237994172759,3579,3834.751115948542,3567,16.486878224217147,12,4338.939874877798,234052.94744617035,0.2775368344925075,8672586,24400,483.5568900570506,1.0760653797632744
139423-M1_139423,139423,M1_139423,0.7494999766349792,187.10000610351562,28.100000381469727,66,20260896,11.11426838594469,11.133585405622451,11.158923963906753,-2.3999128286199527,-2.3535715819462384,-2.3049403081519815,0.1899321268402453,0.2177565065060733,0.2403611045452601,0.5249321975888619,0.5733209380371228,0.6188346379275538,3.0420260977054356,3.160415206997534,3.422521638476941,1.7921992019182422,1.8386437573533219,1.9607596403199057,3.030651835911902,3.134788429249358,3.3906192210925594,4.258911122529393,4.387348112875996,4.687566105873094,2.4662842608551077,2.5486919859047785,2.729014461557229,True,4026.987731175718,3468,4003.23039550057,3456,23.757335675148134,12,4536.788081066565,227163.5933541945,0.18736545399065163,6890587,20100,388.2786144010024,1.1611844668903455
139662-M2_139662,139662,M2_139662,0.6705999970436096,206.0,17.299999237060547,119,20260949,10.954054222524027,10.984512010643922,11.024506856535004,-2.0843326514865126,-2.0238435719025403,-1.971937620654373,-0.06973242642142116,-0.03833730082651722,0.007581758954320198,0.5956680081370477,0.6395161342601957,0.6887133425178488,3.2855766186586925,3.662379579540211,4.134960928863072,1.897952432133737,2.077464220759208,2.452360543273831,3.2321345624589415,3.5774880767872,4.077336435958238,4.49882960663917,4.9171810944914345,5.869882104784049,2.6013964925022774,2.829501729110201,3.2933761315508217,True,8820.850511521174,3442,8800.90775533268,3430,19.94275618849288,12,4552.595587693286,222566.79343516284,0.21254251083754142,6617406,19900,385.6140008158982,2.5627107819643156
143127-M7_143127,143127,M7_143127,0.696399986743927,184.60000610351562,12.199999809265137,150,20260980,11.086789446559164,11.115261579061679,11.139418840528663,-2.0617668961698996,-1.9751418511881438,-1.898855626194213,-0.05856317616872052,0.028107460329074546,0.09879501320814664,0.43831616614241065,0.47675748694812536,0.525890537974832,5.0093394718605815,5.357989920656595,5.618229396769323,3.5919255147482025,4.094267372948435,4.759242238021184,5.2526988561486565,5.547793222997781,5.828510153971188,6.491902125267977,6.609939872007628,6.72222664439699,1.9617713525992373,2.5103029478849592,2.884253960964735,True,4279.00159200123,3549,4262.543309724622,3537,16.45828227660823,12,6049.838384225149,231539.4591375831,0.25378618608564996,6745074,18500,365.88855489506386,1.2056921927306932
145276-M8_145276,145276,M8_145276,0.7505519986152649,161.3000030517578,17.200000762939453,120,20260950,11.037931152018,11.096581775480757,11.129751265009885,-2.3939287504049047,-2.3182586257254645,-2.2122111420544925,0.30057603819999523,0.33480745610765517,0.37266883252981503,0.22855542911149232,0.25388673269395357,0.28351685701260515,4.264663576501329,4.911647503934744,5.225524482613534,2.775112587435585,3.6075734945755356,4.033984427966528,4.294193834930797,5.1000873516358105,5.4324669544501525,5.852470060388975,6.2504732958907,6.383425137016437,2.3410064016202745,2.5986892551997682,3.0044275249972987,True,3811.6224158618834,3528,3800.690828365973,3516,10.931587495910025,12,4492.8467418376395,231386.84385343833,0.24316579830149931,6602083,17900,355.06658609898295,1.0803918412306925
146213-M7_146213,146213,M7_146213,0.6875,165.6999969482422,19.200000762939453,106,20260936,11.107580375283534,11.134292774116934,11.172644202320807,-1.93634325926775,-1.8788463225818242,-1.8385681545033825,0.08339663499053467,0.10524064732294433,0.12922674041777382,0.39856075849587924,0.42242303113521396,0.44689040090337767,4.3566135924697775,4.704935589859565,5.129383213585846,2.858358417187485,3.2305424571692707,3.746122568250122,4.3485595611126415,4.831540893853179,5.320512884720367,6.0626499825330376,6.360802850261426,6.549804693826955,2.758818514798004,3.0602912575617984,3.2509661164080637,True,3876.6375429755567,3569,3850.3634656219874,3557,26.27407735356916,12,4831.036113562057,233793.65793883541,0.2381712654902918,7636494,21300,414.90325460699387,1.0861971260788896
147270-M7_147270,147270,M7_147270,0.8472999930381775,230.39999389648438,20.799999237060547,100,20260930,11.504690535825203,11.51652242623814,11.529747826008789,-2.1431831588750145,-2.108577160861043,-2.0777532753782064,-0.19780180839966513,-0.19303868057251755,-0.18437431703856297,0.3749018922693025,0.39108891097476706,0.4116350057060113,4.792512450823005,4.901242553404931,5.0336361834982135,3.7202386329117014,3.8193727987457287,3.9775488962464536,4.866124444963999,5.0721960215936885,5.256012654669028,5.8692129788309275,5.944227876214875,6.0177545294450105,2.0387420096166875,2.120778973527945,2.1443596070339512,True,4232.3687188363465,3855,4197.036396376434,3843,35.33232245991217,12,4280.012679878415,252916.11141743793,0.18737477945215428,7769912,21900,423.59772301395424,1.0978907182454856
147539-M8_147539,147539,M8_147539,0.6958330273628235,136.5,30.5,54,20260884,11.29421357993849,11.303482656502034,11.316146142543042,-1.9190284584443595,-1.9012854117764528,-1.8821153088033797,-0.03503007931755922,-0.022705741455193783,-0.011591091218371595,0.4159068519291034,0.4304244215676717,0.4450625412538608,5.1924845730887315,5.278421487528318,5.423228387119052,3.8939535233952887,3.9820033125873158,4.177262528484068,5.2321357041713545,5.373814349748098,5.567486146668484,6.485627681066186,6.542299139296883,6.619767858065038,2.4423009765334047,2.5594687005908954,2.591319620758362,True,4004.8671503783926,3570,3954.059097371944,3558,50.80805300644873,12,4346.732798829188,234444.97644147478,0.34153815533681336,8513746,23800,467.8487874669954,1.1218115267166366
147849-M7_147849,147849,M7_147849,0.677299976348877,231.0,29.799999237060547,56,20260886,11.46019065758161,11.471463008655476,11.483471983150613,-2.026851352660497,-1.9852833979081,-1.948451254388244,0.03478512490036082,0.050233434169925636,0.0659631743124858,0.5242664116640846,0.5390721745186153,0.5529859909948663,5.291419119726696,5.400825893742729,5.5258053993958836,3.962125616712677,4.093312087199186,4.296738196640649,5.359959578332098,5.518422089248293,5.675311877636012,6.601263051556417,6.664648055922895,6.727403971277982,2.4310761399118253,2.5711529322557607,2.6391089597274737,True,3946.2497396205404,3572,3894.6016398373063,3560,51.64809978323425,12,4255.928494777466,233292.25182741904,0.3805217937998637,8412996,23500,462.28975777397864,1.1047731633876092
148698-M8_148698,148698,M8_148698,0.6755419969558716,144.60000610351562,33.0,41,20260871,10.740833953358248,10.752011489837221,10.76196074396955,-2.3148634433802333,-2.2686720522222408,-2.2370104139618734,0.3341768425505003,0.3562207889180784,0.3843838381046856,0.18328506032276567,0.20792059417493255,0.22925106702745585,2.503903624258607,2.5721300599457164,2.654835937716297,1.339159417211088,1.3747961775147486,1.416217307139547,2.366151173011509,2.4308898494506748,2.492875874058838,3.7423410776897055,3.840496030890409,3.9510314920141703,2.4000757984540075,2.457740081519227,2.5318408955986746,True,3758.3875451118606,3599,3746.956423321675,3587,11.43112179018537,12,4771.226183776691,237549.1917602239,0.27404876499899417,7633480,21500,428.40932076238096,1.044286619925496
150848-M8_150848,150848,M8_150848,0.7011280059814453,270.5,40.900001525878906,14,20260844,11.389390224581351,11.407982743973552,11.434831084304411,-1.85128159781175,-1.8206675378078399,-1.7906665771132946,-0.0582765765808874,-0.045538550766529975,-0.03339243782515233,0.4943237344803082,0.5138352944209494,0.5323668920605898,4.675055372725757,4.888661847902018,5.141455596223158,3.2506504966624985,3.4972745277461015,3.810153797074609,4.758707334972773,5.067133798787246,5.342742348524369,6.270238734158073,6.4014592143178985,6.511702634212748,2.6918965321748076,2.9056835069979607,3.037273587453404,True,3876.71802562416,3588,3798.3038523646014,3576,78.4141732595585,12,4398.088518263947,234954.7741850775,0.24315489632014897,9111163,24900,490.16285816498566,1.080467677152776
152125-M7_152125,152125,M7_152125,0.7871000170707703,163.5,16.0,124,20260954,11.375452795885801,11.398460820801999,11.422549259412106,-2.8398195681715688,-2.8137735777918595,-2.79076289222935,0.10803962777944989,0.13619767299963287,0.1609367049842535,0.6435921345344924,0.7112903635888895,0.7809269753899276,5.043866244765585,5.193270688345885,5.370744545312302,3.879333154646677,4.0654278199324345,4.430055496894413,5.157474582950156,5.366603812578117,5.56099294206637,6.158039280353471,6.241690972204655,6.319446623999957,1.8887237815871831,2.176542280854561,2.278674604026098,True,3869.7958261735726,3620,3857.878236306026,3608,11.917589867546884,12,3280.2297171878863,236890.08017770937,0.22976667692786681,5421836,16500,319.55238094506785,1.0690043718711526
156118-M8_156118,156118,M8_156118,0.8295459747314453,211.8000030517578,11.0,155,20260985,11.28958776114786,11.314037869502162,11.339645367044353,-2.318998051991189,-2.277319728441072,-2.2234401987307586,-0.023002540701696984,0.008473516864397786,0.04243439345418904,0.4077632592480811,0.4625222927491717,0.5329344618925809,4.783610631606771,4.947904189956786,5.143934064305193,3.623013195505577,3.828105340159994,4.116587118321507,4.922127615021215,5.17102968231316,5.382938977516623,5.942245630057278,6.035468608135723,6.120232326217109,2.010211781932958,2.172689692701514,2.3506917373043685,True,3808.8452671876694,3421,3805.7494135772768,3409,3.095853610392788,12,3277.9028041931397,223540.2364731327,0.21526644188170835,5386370,15500,304.63394598290324,1.1133718992071526
160400-M8_160400,160400,M8_160400,0.6031960248947144,200.1999969482422,44.29999923706055,10,20260840,11.352288151883291,11.369010708443348,11.383602728612743,-1.5873252634728046,-1.566632034027632,-1.5415519552938033,-0.05443258041247114,-0.04508882813881035,-0.035063608933229164,0.4219971781460433,0.43987929650761426,0.45712661087338774,4.373968890681243,4.568400541265547,4.747515948623003,2.6305842243781816,2.9026727638959313,3.107608617333279,4.272866975616582,4.512403298420389,4.757880039355041,6.230884305638703,6.465196466484443,6.62090809608315,3.4391091833827088,3.555913972984225,3.6692189120892507,True,3879.389970907829,3570,3801.7743347946653,3558,77.61563611316397,12,4140.43223688426,232966.11214582276,0.2379751753025095,8169339,23700,453.9809705710504,1.086663857397151
161113-M8_161113,161113,M8_161113,0.8911049962043762,212.60000610351562,12.600000381469727,145,20260975,11.47943927767493,11.49189396641902,11.501822923353208,-2.1422550583971196,-2.102288323988235,-2.0691332905153037,-0.19676903180694919,-0.18891363490375687,-0.1769684338341594,0.30653191928004253,0.33475860629048587,0.36629482149230486,5.640868385958478,5.651935167210228,5.655973108539842,5.256841099714099,5.2618677164082435,5.263153038051447,5.655623263097817,5.658764898531656,5.659568224558659,6.054405426481535,6.05566208065507,6.0559834110658715,0.7928303730144238,0.7937943642468266,0.7975643267674352,True,4261.682295250067,3811,4246.763086842584,3799,14.919208407482742,12,4037.71953245607,250688.60468891932,0.21909747301587232,7094434,19900,393.7692441623658,1.118258277420642
161346-M8_161346,161346,M8_161346,0.6566219925880432,218.89999389648438,40.5,15,20260845,11.250863352582115,11.265575085062158,11.280873493696589,-1.753917993751843,-1.728572235976989,-1.7062597348725905,-0.10865678188847008,-0.09984955969067867,-0.09174420437706222,0.28701737159309654,0.3022010359232662,0.3196587396953124,3.9172458143932793,4.0837540255693785,4.23680316776169,2.2381959147358677,2.391666347051069,2.5294267943899995,3.8303540978281156,4.006021255733401,4.182221056415362,5.4494127994114905,5.772979937391812,6.033522226611694,3.159101158237519,3.365064368029915,3.5348144268063106,True,3631.8787606314672,3459,3594.5544186183106,3447,37.32434201315653,12,4406.69855882755,226824.4185872717,0.34315057783008973,7764029,22800,444.80674934946,1.0499794046347115
162149-M8_162149,162149,M8_162149,0.7034350037574768,268.70001220703125,40.5,16,20260846,11.369359596261367,11.388115652174573,11.403670967465953,-1.8525893344929965,-1.8238060793264812,-1.7967033816648732,-0.1659154332858821,-0.1558710674115711,-0.14560025546026303,0.402006515496623,0.4181653539296134,0.43984152896863826,4.513016647477066,4.671149998306255,4.851316150328784,3.0503605072670776,3.2354086350256184,3.3880828006834696,4.556393893461875,4.792281303421645,5.105463432103468,6.159851652083625,6.2872459791354665,6.408911412195334,2.9268231042951633,3.0519853684994507,3.167783871544911,True,3590.3307970740175,3506,3554.449711812695,3494,35.881085261322326,12,4287.942931891311,230252.2029055914,0.2819029133124384,7833672,22200,429.5482229719637,1.0240532792567079
162587-M7_162587,162587,M7_162587,0.786899983882904,187.5,12.600000381469727,144,20260974,11.117219720129361,11.131928852915538,11.145960535919697,-2.539896284404375,-2.436097491917443,-2.358812994709418,0.4002670689030532,0.4398494084897835,0.5118701396551946,0.7919237896453168,0.8220221396264036,0.8579479572695519,5.834139557371969,5.871613798734429,5.882073178087728,5.332431564501237,5.352872849013503,5.3571507252157815,5.892562019521968,5.905337822342134,5.908011494968558,6.452692474542699,6.457802795670766,6.458872264721336,1.1017215395055537,1.1049299466572635,1.1202609100414624,True,4192.165405203698,3556,4173.832859857655,3544,18.332545346042576,12,4111.905787116015,233108.72001815212,0.15642479306138599,7341347,20700,413.8541541930754,1.1788991578188128
163989-M8_163989,163989,M8_163989,0.7582690119743347,264.0,19.0,111,20260941,10.974423939108119,10.989265147734029,11.00337183221724,-1.6116653734740576,-1.5700835610605246,-1.5389478136086903,-0.17557514899905555,-0.1592321600463803,-0.14420095690593973,0.2705382725612313,0.2959141173896037,0.34136577765545767,2.9969680404774497,3.019326846983171,3.132637773024701,1.7945595621342563,1.8039402955404369,1.8447802522947212,2.9967958508880477,3.017158540770537,3.1161194267819483,4.199699571248512,4.223234141102291,4.3448794809129865,2.405528530172473,2.420322773552993,2.498202160297426,True,3909.888124540731,3630,3886.691923761,3618,23.196200779730972,12,5875.6864487066,239647.31810172333,0.26592787773241017,7395616,21900,427.41610339283943,1.0771041665401464
165871-M5_165871,165871,M5_165871,0.7031000256538391,184.8000030517578,25.0,77,20260907,11.167961805319415,11.179384191027847,11.19188981031623,-1.8689863482148124,-1.8445554166855067,-1.8242062593324495,-0.12866888845779978,-0.11028183718109788,-0.09516285527801921,0.3187671062100727,0.34246579657650356,0.3637600516721823,3.027742861174086,3.0923696124177047,3.214871188598855,1.802410777703296,1.8237663691435952,1.865694158820168,3.0224843462248563,3.0739392019466116,3.1737029092465043,4.230603172599387,4.298847249647042,4.425755850398211,2.428513734925185,2.47315883342087,2.5594082424100164,True,3777.2824649887325,3472,3733.497306559345,3460,43.78515842938751,12,4594.60180981788,226842.74100369817,0.2813237093306438,7904143,23100,448.7441635336727,1.0879269772432985
166634-M6_166634,166634,M6_166634,0.8526999950408936,182.10000610351562,7.300000190734863,170,20261000,11.238115020261107,11.252261403727893,11.265023022136578,-3.487995336721187,-3.350201753544441,-3.2482594977443884,0.2390476318847103,0.3430543601797733,0.4791091819656921,0.7921444067539233,0.8486757265896042,0.9180501158829762,5.683399979069074,5.704221523029393,5.715896055698771,5.2808072643407,5.289240981546393,5.292242215214998,5.737897979647804,5.743169052901362,5.745044823944241,6.194988694954908,6.197097124256331,6.197847432673482,0.9056052174584845,0.9078561427099383,0.9141814306142078,True,3879.99343458559,3530,3846.5930945534787,3518,33.40034003211113,12,3805.366688003796,229859.4379170288,0.3232401046618814,7539841,21200,427.8818202770781,1.0991482817522917
167056-M5_167056,167056,M5_167056,0.8932999968528748,227.0,8.100000381469727,167,20260997,11.26931613615116,11.288867772756326,11.301727558845654,-2.172217559437883,-2.118049471493527,-2.0694979212037605,-0.1979901741207459,-0.19245256217027956,-0.1830037947846765,0.37072210525473237,0.396397128038156,0.42704948450591174,5.429274016621318,5.637459323017339,5.647373299608537,5.109816029782484,5.256896604198937,5.260065718954052,5.559973950128247,5.65189930913853,5.653880005860476,6.010131870474008,6.046902014078121,6.0476942927669,0.7876285738128489,0.7900054098791838,0.9003158406915233,True,4103.379887788362,3808,4080.542768184965,3796,22.83711960339663,12,4383.941742121872,251142.81037178458,0.18815696300586401,6648264,19100,378.72398916073143,1.0775682478435824
172669-M5_172669,172669,M5_172669,0.6036999821662903,223.8000030517578,105.0,0,20260830,11.322606523060923,11.34282234652434,11.36444601173763,-1.59611920005964,-1.5706321019073735,-1.5491175359445992,-0.07263747696050696,-0.05811087499584401,-0.04193865014268418,0.45519986042671023,0.46964254929028737,0.48741949993578254,2.2207508425828903,2.484475378469052,2.7725561273688752,0.9438766637097901,1.0055210330758468,1.0703781083518742,1.9188422262095577,2.0587488846180984,2.218648984353101,2.883171120929644,3.565390814254961,4.6127145270894685,1.9286225379041726,2.5356137230462332,3.5378173973935305,True,4197.670397255891,3614,4137.239199215507,3602,60.43119804038379,12,4266.5912007281895,233022.71814413834,0.16813693162162788,8534722,21300,439.2055762249511,1.1615026002368265
173928-M5_173928,173928,M5_173928,0.9589999914169312,179.6999969482422,13.300000190734863,140,20260970,11.706465033957231,11.72148042017987,11.757379646178352,-2.25314284277373,-2.226471727340937,-2.1944772942051904,-0.14987127290648802,-0.11835207007225741,-0.09181954888461868,0.43257562456890136,0.4498857840561482,0.4678024924051801,4.720480773907579,4.931620794292988,5.475011193396688,3.7674586894843634,4.0610350836734215,5.194793837109696,4.962662429450851,5.206600487812561,5.504748551347615,5.604941772251814,5.6954440401715125,5.814703265585535,0.6199094284758391,1.6345354312174987,1.833962246647242,True,3751.231746422525,3848,3715.438682416764,3836,35.793064005760634,12,4365.910493790876,250197.06027826006,0.34581524251044093,8520058,21500,444.57610834005754,0.9748523249538786
180774-M12_180774,180774,M12_180774,0.6782490015029907,149.0,22.200000762939453,91,20260921,11.095430098653106,11.121207240519968,11.13731558176971,-2.0976752132387513,-2.0479631880560856,-1.9707250624813635,-0.11990463897384636,-0.0971143384605602,-0.07612061924464757,0.32302842033330675,0.34891329255473147,0.37727447411590076,5.049415095733842,5.3327502502776225,5.50366429452044,3.631503143864083,4.010289465354923,4.286684642538694,5.25411749402518,5.496138174745746,5.684954287711277,6.5555880152210255,6.6523962875092515,6.727922732695464,2.4427580128577513,2.6267793295719777,2.9090224577678065,True,3920.5447088456885,3396,3903.7116213902414,3384,16.833087455447366,12,4233.327774815904,222455.07248542644,0.2086913742073712,7054825,19600,386.16493077389896,1.1544595726871874
181421-M12_181421,181421,M12_181421,0.9584800004959106,270.0,11.300000190734863,154,20260984,11.4477615618592,11.473998984566482,11.502681228426045,-2.0201554544380365,-1.9816699949354692,-1.9407005536911728,-0.19795501620815004,-0.19210218659572442,-0.18208306191359966,0.519280838731757,0.5720210607768829,0.6174721962807744,3.789857265504327,3.9956985506614053,4.171563368941475,2.48999671397213,2.8492540584061707,3.119747543527541,3.8968944764722475,4.133811093748458,4.347364067873713,5.034840008576313,5.289919939417146,5.428265078738175,2.231441349116452,2.4150090167910907,2.6132899180450475,True,4325.397949794688,3812,4315.397626908467,3800,10.00032288622138,12,3631.1786431608652,250890.61973108078,0.34746926519216187,6163589,18300,348.5028787490446,1.134679420197977
181945-M12_181945,181945,M12_181945,0.6795139908790588,254.1999969482422,61.79999923706055,3,20260833,11.506414167904117,11.515863101299772,11.526190361572988,-1.7836839032177159,-1.7655985567846857,-1.7474940744282772,-0.1696691034122005,-0.16031271581423479,-0.15080250823095406,0.3885033261678226,0.40107277249704604,0.41401758169795605,3.0227519031697963,3.068823810504378,3.181169056598435,1.8003105891972355,1.8156531957767275,1.8572375422375378,3.0177107616462564,3.0547597584774486,3.151667864773733,4.22683262584215,4.273131584868798,4.385210234355334,2.4267032191419085,2.45681369473479,2.529606247613795,True,3696.0980136361754,3444,3655.639633726502,3432,40.458379909673575,12,4146.97189233233,223956.12457796055,0.38502108893187,8841515,25900,508.1056002676487,1.0731991909512704
182890-M12_182890,182890,M12_182890,0.7444409728050232,240.89999389648438,16.799999237060547,122,20260952,11.512911693512306,11.542545532886319,11.565242030730323,-1.7513640370449337,-1.707957950313701,-1.6734934608293963,-0.11455137751686285,-0.09533261142031957,-0.0738484834551016,0.6886162201261038,0.7464742927937562,0.7972572058496981,3.909368176699863,4.162444935489139,4.390171526236897,2.3463501404316305,2.6035214307789496,2.950414894729089,3.8954898742461013,4.179792966456497,4.471863706527418,5.383981266304114,5.786637889211844,6.0144475203061,2.8800111645434114,3.0974008986059145,3.2596226305819336,True,4182.883683601188,3581,4173.668365149307,3569,9.215318451881105,12,3802.6719180880323,233007.03735600706,0.22977731345046826,5925199,17500,334.29466022201814,1.168076985088296
184916-M12_184916,184916,M12_184916,0.6794000267982483,257.70001220703125,30.399999618530273,55,20260885,11.614466823152961,11.623840896276736,11.63328346310207,-1.391103224199584,-1.3505637404729778,-1.3121282669929888,-0.18830183015300447,-0.172214699309519,-0.15361568927409341,0.43665083912190317,0.4621619800150115,0.4888036183885869,6.149554230864949,6.192010650574301,6.201890495049798,5.447746682365028,5.475122838005163,5.480700617761472,6.18602754897012,6.203137646245206,6.206623758592899,6.924308415575214,6.931152454485248,6.932546899424326,1.451846281662853,1.4560296164800843,1.4765617332101861,True,4551.558563468657,3595,4444.725221127192,3583,106.83334234146527,12,4327.265680867229,232071.71560324985,0.28201405867603085,7070776,21600,418.303007112816,1.266080268002408
185631-M12_185631,185631,M12_185631,0.9253259897232056,95.9000015258789,4.900000095367432,182,20261012,10.996941556862883,11.029190328998475,11.066762357157145,-1.559697681776098,-1.4739681757628071,-1.3667340585423378,0.024350291049841263,0.0657908684239516,0.1026114122199978,0.11231250554820639,0.15098940924340676,0.20147488916902775,3.166913824222762,3.505032180728888,3.8666502629287947,1.7070088019752758,1.9398661930511645,2.3603375954330312,3.113861898654692,3.561357756736835,4.051245333232241,4.585918563869639,5.003926144413816,5.421962182212138,2.7145779481050263,2.9710463379652694,3.2231936808629458,True,6903.345698598242,3852,6893.252755839082,3840,10.09294275916029,12,3653.680340056681,250958.00392974698,0.24378228553074602,5662436,17100,404.3400194629794,1.7921458199891593
185653-M12_185653,185653,M12_185653,0.6776310205459595,173.8000030517578,21.5,93,20260923,11.095733062063628,11.135733625345935,11.168644710615908,-2.2430628704765425,-2.1714851367384704,-2.0996146943100564,0.17871023960852553,0.21265670473146256,0.2484392729681846,0.25720442357789974,0.30576094789907726,0.3505066072190944,4.637274057288706,5.0025532380355555,5.311501116849782,3.1010341934758427,3.523016027589091,3.9695935412772667,4.659643604319545,5.228256431317072,5.574909453525715,6.309355066844257,6.547416908937317,6.686078117820774,2.6881283233190585,3.0114061255965647,3.2394526544870708,True,3975.4080834095175,3589,3971.022397375343,3577,4.385686034174376,12,3423.437540055202,233875.3733813136,0.22923292378926974,5762196,16500,323.78360037878156,1.1076645537502139
189698-M10_189698,189698,M10_189698,0.9257839918136597,166.60000610351562,7.199999809265137,172,20261002,11.299021769052107,11.324502329025794,11.352003432420613,-1.8949322640170458,-1.8606402317864374,-1.8251385325871732,-0.12979038788938552,-0.10569459145258298,-0.08398418643281788,0.2698986568046134,0.3322827305565887,0.39251798208286864,3.494514649511336,3.7415134742100005,3.9655389508836314,2.11586698871698,2.3350409418051172,2.6512519412455315,3.557617116182521,3.826990376089169,4.08445544094567,4.7349041402625565,5.042100310739685,5.338851082413604,2.5218455893584566,2.644915340496721,2.7902136531378345,True,3834.201167790676,3687,3828.2647849133627,3675,5.936382877313276,12,3123.9712929842426,242916.62946413588,0.3587828947277694,4880044,15300,292.3646473089466,1.0399243742312656
191718-M10_191718,191718,M10_191718,0.9840289950370789,230.1999969482422,6.800000190734863,175,20261005,11.216534272595894,11.242643924351423,11.271331858683709,-1.9752789334322398,-1.9340547396118928,-1.8925383876102542,-0.19143060735227152,-0.16891761003748038,-0.14173930247098393,0.478991617530451,0.552680546036535,0.6188372682402425,3.039071040498605,3.147218641301362,3.400986786193547,1.8147743948726924,1.8702214190355746,2.050592877528019,3.0437033017017314,3.1707996775430343,3.4786786174833093,4.248358561380725,4.380036988608795,4.636504456131466,2.4298099910590576,2.49785275980121,2.6004589343363933,True,3496.197473721142,3801,3491.8962668402064,3789,4.301206880935935,12,3525.7621977265835,251842.1260040947,0.3812278751968691,5450997,16600,325.31272778473794,0.9198099115288456
197591-M10_197591,197591,M10_197591,0.7959700226783752,227.39999389648438,23.899999618530273,83,20260913,11.671359483202403,11.684372030906445,11.700435142358057,-1.8037868612398809,-1.767315377520013,-1.737968081035787,-0.17107310385514868,-0.16068817315493705,-0.14822078684814863,0.43929775007997157,0.4554309925806119,0.47073337530773507,4.473934945663357,4.62590628182083,4.790694217675259,3.225212190437304,3.3741364030848056,3.5298201259552258,4.5716551244368935,4.823354149623695,5.118636623506382,5.890588113574092,6.013793211767616,6.115234721559583,2.496870033206892,2.6271949637888232,2.7522873264732985,True,3948.3989773690473,3801,3903.9158620111266,3789,44.4831153579208,12,4290.89550348307,248793.9588014089,0.4222753204528534,8563204,23900,473.2495885640383,1.038778999570915
201233-M10_201233,201233,M10_201233,0.8177419900894165,148.10000610351562,9.300000190734863,164,20260994,10.970199905682215,10.98420873516513,11.000655393808183,-2.3671344917142765,-2.326114080432913,-2.2790686525788146,0.08466446610952692,0.11043944425523174,0.13565624402945628,0.2615172272253237,0.2893440546923841,0.32110495174034903,4.924635734921114,5.060344847051747,5.199462630310531,3.804993960448881,3.950416922384397,4.167841180003792,5.047447748873114,5.241180782886665,5.409800571663347,6.021002061559173,6.098495275164594,6.165943190675267,1.9962936847262491,2.1484672083082543,2.2089149994515886,True,3985.7066173895037,3821,3975.836054725139,3809,9.870562664364519,12,4260.238725791512,253225.14205687976,0.17199013356126241,6199273,18100,351.1786025080364,1.043105631350302
205715-M5_205715,205715,M5_205715,0.7465000152587891,200.60000610351562,33.20000076293945,40,20260870,11.53318187992978,11.547407793276491,11.559517824067209,-1.6883530114180414,-1.6622744308148782,-1.638689808254661,-0.1994445220773239,-0.19779491151821407,-0.19365391091282233,0.5013002788288773,0.5172481240523898,0.5286848688788266,4.7328385363224825,4.883770313038102,5.05964510572871,3.3885071823897572,3.5403046826025157,3.7335002994965754,4.904642418728917,5.1658107560698525,5.397275020972129,6.189142532300259,6.289863058554108,6.382448764515018,2.623069092875975,2.7276266763005914,2.832385794438992,True,3835.3567711290743,3423,3702.0533277975346,3411,133.30344333153948,12,4330.808105520597,223686.1161593242,0.32992420721899457,8978097,25400,490.2551789249992,1.1204664829474362
205742-M1_205742,205742,M1_205742,0.7272999882698059,210.5,42.79999923706055,12,20260842,11.702171318614607,11.712003863007855,11.720037841837213,-2.526219479261014,-2.4957446769315617,-2.4686566061199806,0.4359790778062496,0.45617138543887026,0.4818573309526551,0.4449195578997821,0.4588700461398723,0.4718405479861552,6.063421787998848,6.065230424756054,6.06587482937665,5.425668612990852,5.4267899662600545,5.427037553378875,6.070088964675546,6.070789810468797,6.0709445524180605,6.714509316360241,6.714789654677542,6.714851551457246,1.2878139980783723,1.2879996884174871,1.2888407033693892,True,3796.8401011564,3535,3756.5095408378547,3523,40.33056031854536,12,3660.4282885817247,229872.51502170067,0.31908332533930694,7865361,23400,459.2164728200296,1.074070749973522
205765-M5_205765,205765,M5_205765,0.7286999821662903,212.60000610351562,14.300000190734863,134,20260964,11.690842615622381,11.701364746657756,11.71028252005089,-2.18637731932979,-2.147682859220442,-2.1175017057681274,-0.13398702957175865,-0.116391437152394,-0.09778247252842914,0.3343096515335937,0.3564665120026172,0.374865169275389,6.0540442216036565,6.063238528084224,6.064872873243804,5.420103977665019,5.425487328118719,5.4262756299094965,6.063712633853724,6.067077227887286,6.067569916506522,6.707321290042429,6.708667127655854,6.7088642031035475,1.2825885731940514,1.2831797995371343,1.287217312377409,True,3737.6781812393756,3516,3709.410243073498,3504,28.267938165877666,12,4134.930228193152,229949.80534215807,0.22040664933278958,7186939,21700,414.33675889705773,1.0630484019452149
206501-M1_206501,206501,M1_206501,0.9261999726295471,186.39999389648438,30.5,53,20260883,11.55979836352641,11.57142855175108,11.58671320283491,-1.5292308064156546,-1.5083656937707637,-1.4903039806434135,-0.03517292900501177,-0.008847137998297769,0.023046995015451974,0.4594705891948562,0.4707251939656234,0.48565232850058904,4.6725728897553145,4.777126392147404,4.904393931339801,3.6982711054630153,3.7928888724262197,3.9474266679928576,4.776153912967082,5.006588640196686,5.165758638025248,5.631457488843601,5.700391209883991,5.764059209015416,1.816651464917924,1.9077873574879745,1.9295120388874354,True,4421.297427014748,3842,4349.005453283278,3830,72.29197373146995,12,3581.5464603969745,252270.1183607369,0.3854802175776517,8870654,24100,485.5815570708364,1.1507801736113348
206545-M1_206545,206545,M1_206545,0.7282999753952026,210.0,31.399999618530273,47,20260877,11.618382069691771,11.629051197495922,11.64102109406606,-1.8304346231245359,-1.8086023940382494,-1.7873784480777342,-0.19651538969101662,-0.1889345466559661,-0.17921200962542208,0.37119038267388677,0.3871240708406464,0.40417637217592073,5.108342090819686,5.180429864050703,5.290964791269346,3.8620655502851724,3.9325708796436234,4.065937865671025,5.1521856959052705,5.270402716806496,5.429684559361483,6.344034755579032,6.391321563939522,6.4550343009615165,2.3891099452615654,2.459202221843161,2.4809422187049757,True,4374.932204786263,3434,4325.160337236613,3422,49.771867549650345,12,4266.813707191588,222942.67291760736,0.25894326520563843,8034657,24700,475.8782634437084,1.2740047189243633
206669-M2_206669,206669,M2_206669,0.6715999841690063,213.8000030517578,35.20000076293945,31,20260861,11.372243338519095,11.397573548694787,11.421748069588737,-1.5769874541105453,-1.5553841721133783,-1.534830882132383,-0.08411190809145659,-0.07089693443921793,-0.05630706671650856,0.23163198268127866,0.26572368989473005,0.2947767181062904,3.787939558990322,4.054637039669767,4.357007448728333,2.142709351425983,2.3523227561630984,2.665621701748277,3.703221869601654,3.9922310516191346,4.366211644907169,5.2082614491989405,5.752282392474257,6.159175465731252,3.0347417811399993,3.32110911986586,3.5233653753508025,True,4011.0295054310454,3606,3988.487699555537,3594,22.54180587550859,12,4198.024266131406,234205.5426280425,0.2279115337380015,6884268,19500,382.65198442339897,1.1123209942959082
206771-M5_206771,206771,M5_206771,0.6294999718666077,165.6999969482422,12.300000190734863,148,20260978,10.850843099863964,10.871843734048573,10.889800407837582,-2.7471723401845627,-2.7124297170680673,-2.6606770412683334,0.5155914756700836,0.5593484702905824,0.5877913922820933,0.4727173475413265,0.5212506940807986,0.5716708384081671,6.264624454738925,6.3366523108508055,6.350887701735386,5.468086018618357,5.531386152712939,5.539709379201055,6.311601556731723,6.3511641405408366,6.35636615709591,7.15511709484509,7.170942128368735,7.173022934990764,1.6333135557897096,1.6395559756557962,1.6870310762267324,True,3987.8277249579637,3583,3982.971446619028,3571,4.856278338935775,12,4052.0412643548802,235713.50692274256,0.30159424724676703,5889993,17800,337.61270485294517,1.1129856893547205
206858-M1_206858,206858,M1_206858,0.7247999906539917,163.1999969482422,33.400001525878906,39,20260869,10.896755244139685,10.908733667069427,10.922726923950128,-2.506768668414612,-2.437192694040452,-2.3744708194726023,0.3088951592007655,0.34633910361440945,0.38131444533807607,0.32695619074542487,0.34891141903864664,0.37186993964398085,2.796473981859287,2.8807922372614962,2.9862480635726634,1.5776544771801102,1.6384086138109546,1.6968175816438813,2.7071156372696525,2.8115187475993393,2.919501161258764,4.070333454698987,4.146742142879793,4.257879589068885,2.472176115918831,2.50398003559624,2.586658422375119,True,3886.9970569216034,3557,3866.788712326602,3545,20.208344595001407,12,5238.9256535884,234062.68593456713,0.2207111750668753,7787017,22300,441.800381872803,1.0927739828286769
208364-M2_208364,208364,M2_208364,0.6678000092506409,161.3000030517578,25.100000381469727,76,20260906,10.912181479508892,10.945921916717992,10.976615934741181,-1.7985024390415623,-1.768578283461344,-1.7443538117548256,0.03518285300047734,0.04913381915969847,0.06705072333732245,0.3834250314718893,0.4093854814430331,0.4352925460931635,3.7486179618607682,4.109812251815547,4.4987841752816715,2.132741109515132,2.4340939399946464,2.900479881050905,3.674163842706398,4.052053907789263,4.524255191181916,5.0621308287400915,5.816637809317366,6.273398061086714,2.910373126299275,3.2572714587899982,3.503579219390716,True,3723.814461382292,3593,3694.1958842381036,3581,29.618577144188194,12,4283.84984195932,237197.79327544683,0.170572983374889,8345062,20500,431.63230948592536,1.036408143997298
208622-M1_208622,208622,M1_208622,0.6478999853134155,196.5,17.899999618530273,116,20260946,10.788686760293842,10.808954721807863,10.839124179949069,-2.1432191612168983,-2.1041317603835648,-2.0628997766179107,0.0277320422009805,0.05155377402873177,0.0732997052243222,0.4282888446895022,0.4508851375540496,0.47354688499344955,5.47659910162917,5.668306482069667,6.280587759452572,4.120806124402182,4.472900916255513,5.510305155060381,5.585304580565238,5.824651441432524,6.295574124532679,6.796735276418001,6.892474020764915,7.080843094004978,1.5705379389445961,2.4186346120675912,2.677641402297603,True,3886.8418094604017,3553,3860.424961817345,3541,26.41684764305678,12,4499.219348877612,235788.75379599532,0.3017228536123314,8104613,21400,433.9964686189778,1.093960543051056
210210-M1_210210,210210,M1_210210,0.65420001745224,259.5,62.20000076293945,2,20260832,11.533975443551801,11.551107355845136,11.569707655287653,-1.605756423611037,-1.5866650851911843,-1.5672479394504109,-0.029156992040485254,-0.022079772951997777,-0.014932389062902524,0.4311006013720594,0.44333636597220316,0.45596217101866626,3.7563069454083506,3.9202598985137067,4.109252411102401,2.137711826882278,2.263572161627849,2.3995199035284798,3.6707894023425864,3.834210793288999,4.030916404771573,4.993521868318186,5.467585227583291,5.849925627767413,2.8634505129599455,3.199259522511613,3.445273829297232,True,3789.742408760622,3535,3699.7214411054847,3523,90.02096765513733,12,4094.142209220561,230683.01589440534,0.3757949043798085,8706256,25500,487.99327815300785,1.0720629161981958
210940-M2_210940,210940,M2_210940,0.6948999762535095,158.10000610351562,13.699999809265137,136,20260966,11.309150955409695,11.340086740007449,11.3689609418805,-1.9467356403282534,-1.894526723058881,-1.8529666270362706,0.08809118428991763,0.11912721390145693,0.1525698802343381,0.8723531073043195,0.9266473937410397,0.9815004511874466,3.9039997590699205,4.272320448814684,4.641938265606273,2.237170732789538,2.6211710884321935,3.1344710508279015,3.8448450204489775,4.275481014916193,4.827849589768963,5.506032269893721,6.016672295374528,6.332846205430812,3.028717359329951,3.266411756483194,3.457413851837105,True,3355.0579748940518,3589,3346.9532144807513,3577,8.104760413300328,12,3862.529442622681,234682.5457301553,0.21543689398442126,5563641,16400,313.67492950800806,0.9348169336567433
211157-M1_211157,211157,M1_211157,0.6069999933242798,239.39999389648438,35.099998474121094,32,20260862,11.3748520769818,11.420303429710387,11.436994779978829,-1.8447823318484842,-1.8078896768151616,-1.7774923865275756,-0.042363076363527485,-0.006416455711041423,0.04672311362579234,0.44898772143408566,0.5110851262563634,0.543628034208145,5.689688477391998,6.356245023231489,6.407033086226401,4.41637056489177,5.5224464511491345,5.561451368952414,5.919721529414462,6.398756525708911,6.4231345993359605,7.083452601750907,7.275066600268687,7.284817829719508,1.7233664607670927,1.7526201491195526,2.6643372040303004,True,4464.8070148974775,3579,4421.930031821398,3567,42.87698307607909,12,4918.844507374259,232930.19455837747,0.2700411780005951,8081261,21400,429.78235835407395,1.2475012614969203
211347-M5_211347,211347,M5_211347,0.6972000002861023,184.3000030517578,29.200000762939453,58,20260888,11.505482637537792,11.515857377242725,11.525761846472042,-2.09316112833556,-2.0643857662742775,-2.034306090273761,-0.11459808017896406,-0.09838052836932251,-0.08429157420900119,0.3891527507146795,0.4055348999117103,0.4237317354660323,5.212338400743097,5.295197748442623,5.4310645232989145,3.914402435202233,4.003484991520054,4.198032254863028,5.271237306405156,5.4086837252870525,5.580915915712362,6.496567039493383,6.551545607046142,6.620438483216266,2.424967329924329,2.544607998971995,2.5854837862199247,True,3630.667112744515,3425,3593.34587256641,3413,37.321240178105334,12,4650.690837883328,223696.25631017034,0.22205357087792177,7584422,22600,433.3625567840645,1.0600487920421942
211767-M5_211767,211767,M5_211767,0.6674000024795532,239.39999389648438,28.5,65,20260895,11.621544439228172,11.637661679661797,11.665440384712229,-1.7739606861775163,-1.715219896805472,-1.6758024569852736,0.019634407533300615,0.03298623767154745,0.05053415164848422,0.46470732286945354,0.4790571296335339,0.49439150262051995,4.684180671040373,4.8617128723029435,5.163993666318045,3.27230663182724,3.435232934437298,3.763703390855087,4.6651940036812904,4.916219040587025,5.299758221361388,6.320964051817101,6.456176927375666,6.612234523405184,2.8358664071051236,2.9908218313224406,3.087276538046365,True,3555.607917424615,3398,3464.0420772091234,3386,91.56584021549162,12,4711.6391730773885,220913.28525642524,0.18031893344768543,8729805,25000,492.23219430074096,1.0463825536858784
212391-M9_212391,212391,M9_212391,0.7262700200080872,222.3000030517578,19.600000381469727,103,20260933,11.302846038540903,11.325016715930438,11.358280742012495,-2.024363430349555,-1.975836387554178,-1.9314413471168979,0.35570406899804896,0.38201568267766917,0.4118918117504799,0.15652963839557943,0.19985117513375122,0.2506867025817439,3.1308293468433233,3.3571561230377815,3.718668233804485,1.8438521455509354,1.9354754741742215,2.145124962160129,3.114570988495593,3.3107082413913833,3.6673051424030043,4.337024147294576,4.57925044363783,4.981734027736162,2.496803038631835,2.637146887587522,2.872276118669765,True,3863.186730102763,3569,3859.7453823181495,3557,3.4413477846133436,12,4369.336955604653,231407.18213248975,0.255356269525392,6210739,18200,353.8655806668103,1.0824283356970477
212718-M11_212718,212718,M11_212718,0.8897830247879028,221.10000610351562,11.5,151,20260981,11.59670449709119,11.608657710186995,11.622133118028007,-2.1839985304218246,-2.132541884255591,-2.0945675350827444,-0.1934591726579689,-0.1812369247252446,-0.1644420750333805,0.33496291671489337,0.3620692179841075,0.3995347822846238,5.6020952175579755,5.639250750031917,5.65353286488113,5.2408987248589884,5.257525488542218,5.262797345116139,5.647927465414916,5.658319192716933,5.661614103075635,6.054956205970843,6.05911289689165,6.06043086103513,0.7976335159189905,0.8015874083494325,0.8140574811118543,True,4271.5735514277,3806,4256.368852345668,3794,15.204699082032592,12,4125.409070426143,250057.72696634993,0.3011094466459627,6478760,19400,372.8678370863199,1.1223262089930899
213004-M11_213004,213004,M11_213004,0.7464920282363892,247.6999969482422,39.400001525878906,19,20260849,11.917305953272164,11.934071533751986,11.950851739492894,-2.1193548095155954,-2.106446046241453,-2.0921190446727125,-0.15283938102604172,-0.14058190934406478,-0.12813636244401122,0.6005189352585155,0.638485112014189,0.6772544887660785,5.0181796191192545,5.023726002303027,5.051375253755066,3.80649857478747,3.8111446810804206,3.834305322108485,5.01933853501052,5.030079765877362,5.08600963291531,6.231300054688847,6.235596547035584,6.257968493850763,2.421820223418364,2.4235714737667915,2.4260743495183457,True,3701.1346217823393,3451,3688.3581775559614,3439,12.776444226378057,12,3634.50699726561,224077.99738178667,0.30413303780940354,6981136,20400,406.3143425770104,1.0724817797109067
213587-M9_213587,213587,M9_213587,0.8900439739227295,265.29998779296875,27.100000381469727,69,20260899,11.669299420082877,11.679676316597572,11.689314214257237,-2.229223615318608,-2.205353977474057,-2.1787123889466957,-0.14746077689865908,-0.13596068513494997,-0.12392861093270016,0.39479157160117917,0.4116601217304302,0.4283932207146803,4.624827987810384,4.6633118810384655,4.714652460075511,3.6259759722068448,3.661535515725962,3.7008891188580924,4.65553072497356,4.69944015498142,4.79005637656963,5.6600116307278086,5.684283694331368,5.726106822602458,2.0107253828157754,2.021779086930508,2.0501250713877432,True,4071.7645263195927,3750,4033.4980335604114,3738,38.266492759181396,12,4508.519372309198,245812.90134404995,0.23005040071515143,7988223,23000,449.24411523900926,1.0858038736852247
213772-M10_213772,213772,M10_213772,0.7003939747810364,270.3999938964844,40.900001525878906,13,20260843,11.818630616141087,11.834064649491332,11.849623360911346,-1.568972543800751,-1.5476012199605167,-1.5310013368466684,-0.12687384728343518,-0.11385190449513266,-0.10266525129698108,0.5457866875880519,0.5695228474105885,0.5872231629903829,5.517694731268926,5.776588723481558,6.008657398381756,4.407520557193512,5.121954074517033,5.351369553273261,5.69967658170902,5.936919655514739,6.08030432973738,6.656988006990156,6.751885236512443,6.809239106201501,1.45786955292824,1.62993116199541,2.249059838963058,True,3929.501275210812,3577,3807.1911150882647,3565,122.31016012254723,12,4088.6302763290523,231330.14593359103,0.3174490675563887,8239659,22100,447.1013332400471,1.09854662432508
214296-M11_214296,214296,M11_214296,0.6797130107879639,237.5,19.100000381469727,107,20260937,11.502128525991099,11.536795992877135,11.565307865411722,-1.9968127121360832,-1.8908096330839448,-1.7491106797744234,-0.07049247094629854,-0.045418473456349695,-0.021947439130244176,1.0772661552263472,1.169619952185998,1.2534957128348194,2.983051004999666,3.0596587282543384,3.1817042022821496,1.7158774989327532,1.7845745526893284,1.8287519678019215,2.9283834311363215,3.026944192641917,3.128501399271515,4.208718838499786,4.286292645555354,4.4165343488889865,2.4576572067403597,2.506385168426922,2.6140165848071257,True,3730.7872245710378,3439,3705.0304249499586,3427,25.75679962107905,12,5539.777084041249,224792.1753834019,0.316409975229406,7847847,22500,448.73213839530945,1.0848465322974812
214430-M11_214430,214430,M11_214430,0.8910719752311707,246.10000610351562,15.199999809265137,126,20260956,11.57178306472026,11.61684005946216,11.64728284204744,-2.2555016844609233,-2.2363895515757455,-2.1122769301628335,-0.1958268402372273,-0.1850730290262091,-0.1722841124788854,0.358201309824631,0.5282987271586039,0.6236225166765059,4.665838069165918,4.7808766587161475,4.925411009193089,3.6674955258760877,3.75525009589201,3.904630776163864,4.671743862835726,4.894864762279999,5.1394713872133275,5.663340310275469,5.761352577451699,5.848035260063807,1.9435639827793258,1.9953139910154696,2.0060916352054514,True,4482.229712193437,3822,4473.196896915468,3810,9.032815277969354,12,4943.353277616521,251206.81600468536,0.2974805006977783,7176993,20400,398.3411676529795,1.1727445610134581
214899-M9_214899,214899,M9_214899,0.6750689744949341,171.5,18.799999237060547,112,20260942,10.891987558571396,10.921051806149107,10.949632599439402,-1.7580417836738689,-1.721623440362186,-1.6878785364151214,0.009594709241765106,0.03450726796060588,0.05512255790108601,0.2664484152323172,0.31030705346197696,0.3644877493440326,4.334056606237843,4.633292631257101,4.964149649527259,2.71518661060889,3.0880573572184677,3.4412048577215244,4.322000419234035,4.737448535763619,5.23984912613454,6.112334841277251,6.360228774072293,6.561081489438506,3.05784994732084,3.2504230090037867,3.4104502660901908,True,3702.5203467321235,3505,3695.158535680483,3493,7.361811051640426,12,3745.449763801579,231733.92971462998,0.26545083177154566,5993060,16800,326.2792121700477,1.056353879238837
215519-M10_215519,215519,M10_215519,0.6146249771118164,186.5,17.700000762939453,118,20260948,10.780339386309711,10.817435835434274,10.84169152648302,-1.775801873650515,-1.727396832581872,-1.6873452105073592,-0.07177484932518075,-0.043504200405694256,0.016713441203893772,0.32723378786823587,0.35612334050777905,0.3941330574426717,5.193841870298165,5.566819493259132,5.8761393286214725,3.5982352287226145,4.1897258312178405,5.045693099128886,5.423220222083038,5.783618255507358,6.082598938300275,6.85575329098477,6.999912504354497,7.119504777471664,2.0738116783427776,2.8054479403102075,3.2354968884865802,True,3720.000469465052,3587,3706.824949191071,3575,13.175520273981096,12,4018.657282548476,236467.8677255667,0.193852304230707,6208869,17100,335.46398116694763,1.037078469323962
215585-M11_215585,215585,M11_215585,0.7487310171127319,303.70001220703125,35.599998474121094,29,20260859,11.756764793202008,11.775874560461688,11.792694326317967,-2.2427971444784163,-2.2321036685764692,-2.2206594156602835,-0.1751744517212405,-0.16242891924130554,-0.1507688798388704,0.5698205163009764,0.6259008364668095,0.6666483998214711,5.020989859766411,5.047478136679679,5.109657912957019,3.8114249916737624,3.8335178415377342,3.89103085600972,5.028715025626448,5.079252651111398,5.187917134211054,6.227804010991769,6.24801906118575,6.2914848544256134,2.400453998415893,2.414528610389496,2.4163110235728014,True,4233.610587896294,3769,4215.730124988833,3757,17.880462907460757,12,3787.6770053752534,245506.81277710764,0.25517841318334394,6536390,20100,393.1322013121098,1.1232715807631453
216730-M10_216730,216730,M10_216730,0.8937180042266846,254.5,36.70000076293945,23,20260853,11.468140809354006,11.47698678574185,11.48641215361546,-1.3983704884384554,-1.3710264976202966,-1.3374669520245872,-0.1134864773826507,-0.09216826059834038,-0.07173807536907262,0.3598697320570609,0.38086733957590935,0.4016325974901983,1.646538155357336,1.653355381656592,1.6830885538383673,0.8333212007005713,0.8362566810469843,0.8420679704682472,1.6462061742141327,1.6501483429478463,1.6634090769615972,2.4588910844299887,2.4641178125803256,2.4860562701613387,1.6242828463505996,1.6291490418971284,1.6433619033728433,True,3650.4804968205854,3430,3627.4950752167074,3418,22.985421603878066,12,4237.655824549866,221368.27836122716,0.32557048295442326,8257896,24300,484.3207935746759,1.064280028227576
216899-M11_216899,216899,M11_216899,0.697825014591217,193.6999969482422,21.100000381469727,96,20260926,11.244537029046667,11.264894177443423,11.282342661230476,-2.457617388002165,-2.4272419128113807,-2.3998985118701692,0.09210952388259035,0.11598661183148598,0.14169983950951126,0.03648700935517715,0.09282921325824162,0.13984792243680316,6.12803591726652,6.145106350024809,6.15042726085026,5.446180471592799,5.457411356164302,5.460147891383095,6.145066004493624,6.152085307350815,6.15379564186256,6.84395153739445,6.846759258537325,6.847443392342024,1.3872955009589292,1.3893479023730237,1.3977710658016513,True,5891.0487578168195,3442,5835.334978121289,3430,55.71377969553041,12,4102.369960750702,222126.25136346655,0.20827614505987513,6552089,20700,387.9887392100645,1.7115191045371352
217020-M10_217020,217020,M10_217020,0.8934249877929688,288.1000061035156,12.800000190734863,143,20260973,11.368989073351436,11.38264516909091,11.403335141295862,-1.4852118237673115,-1.4329168145889533,-1.3903701561672697,-0.1996359504143253,-0.19823067774504513,-0.19531968927170784,0.32798711454908014,0.35672583029559546,0.39062431602171704,3.018631286597224,3.142354650296105,3.3677415764700167,1.800178028210046,1.8549222688290181,1.9756315791135026,3.020649835580028,3.145447664576112,3.3943695750263716,4.231353460645106,4.369057665953559,4.636395714185041,2.430764416257088,2.5098106535509355,2.6366344743324555,True,3538.7807223019904,3455,3510.510397998942,3443,28.270324303048177,12,4909.979228907737,225204.07174664937,0.28228975867409917,7065853,21200,404.70371198654175,1.0242491236764082
217564-M11_217564,217564,M11_217564,0.8899400234222412,204.5,3.700000047683716,185,20261015,11.762671222942517,11.79519954751053,11.829832322542268,-2.8874421661763083,-2.808701152058135,-2.710200980724824,0.05329639333278997,0.1324014879143975,0.20679667434889853,1.2988251233118562,1.3631155523875738,1.423388163698483,4.854319320938722,5.102137319395595,5.6289319554336,3.8194887434198534,4.199555512301,5.253360597785938,5.075127392406003,5.331276479011892,5.655446587075746,5.825404898497657,5.9278645331400135,6.0575325763655545,0.8041719785796166,1.728309020839013,1.9955053918020471,True,4200.704627266386,3839,4194.673006606525,3827,6.031620659860729,12,3334.8087965233485,249382.16636382672,0.13508014635809096,5028312,15300,295.1491621360183,1.094218449405154
218207-M11_218207,218207,M11_218207,0.6817629933357239,164.89999389648438,36.79999923706055,22,20260852,11.496357202679361,11.51541065120502,11.535003689563911,-1.9289920051621359,-1.9056531405545893,-1.8809159140273293,-0.15507830459719912,-0.14378077752038226,-0.1321883488508407,0.42849626284590586,0.46919091158097515,0.5114197270057514,4.286771927698255,4.427766000391578,4.56557879948538,2.747369394455894,2.985079159959539,3.122643097836781,4.245717447132071,4.416383261872202,4.604052534364619,5.958231029291629,6.124432591047662,6.258885291793279,3.0300982778790524,3.15215046892928,3.2937961758499674,True,3666.4396536694912,3436,3649.750632197282,3424,16.689021472209422,12,3745.5529571853112,223780.2033665496,0.11991668559189707,6477321,19800,373.71415339806117,1.0670662554334958
218701-M9_218701,218701,M9_218701,0.695285975933075,177.10000610351562,30.700000762939453,50,20260880,10.946972727530879,10.96146097588603,10.980653548524712,-1.710239391898128,-1.6862395069748073,-1.6520708895491323,0.0039474316555267635,0.02972083128918556,0.05428807016197322,0.22253426720043806,0.2562168791170728,0.29353042324303785,2.9704463141462965,3.121097969018991,3.3555449487599587,1.6770857828694197,1.7363340055152554,1.824902656181388,2.897784824982839,3.039904676006227,3.270657715170493,4.2391509927381135,4.40470797883674,4.68172184363882,2.556784021061927,2.674908974436529,2.8555408812926095,True,4021.244771085212,3592,4005.2108224245476,3580,16.03394866066446,12,4555.881267372261,235783.14114291366,0.31060650776837134,7793128,20200,415.0236320809927,1.1195002146673754
221163-M11_221163,221163,M11_221163,0.6975380182266235,220.5,34.20000076293945,38,20260868,11.677280097900164,11.691894768085758,11.709287076704669,-1.70176505146206,-1.6717380251928269,-1.644353239282357,-0.13426960603387164,-0.12226476876230247,-0.11028045549962556,0.454572471844513,0.46850428802576793,0.4800782555870978,4.855126919875793,4.9888829954359295,5.151694306387959,3.4653129655840678,3.612358424501887,3.789476927553761,4.9362211657819755,5.152707216044366,5.349311573721838,6.362002050216577,6.4479936812632035,6.526635424334192,2.7197930610693968,2.82950298846681,2.90461436067401,True,4089.4367875344105,3627,3958.8340913713437,3615,130.60269616306678,12,4311.886668404205,235939.74257975322,0.3635679236035651,8634345,25100,482.98451358510647,1.12749842501638
225431-M9_225431,225431,M9_225431,0.7014380097389221,205.39999389648438,19.899999618530273,101,20260931,11.227049798570041,11.248465108698003,11.272297081781387,-1.745731647070939,-1.7052209758193722,-1.6723254358345827,-0.12739232264458547,-0.1119104958886793,-0.09828429106142346,0.3662520485188979,0.3891336454653762,0.41134305109322405,4.013367671591961,4.245434133734985,4.52255251972349,2.400312892870258,2.6743264735669685,3.059176975673323,3.9752483271999925,4.233656240171209,4.612870858470128,5.623969223698216,5.945424937578256,6.214290835471517,3.0361850568901767,3.212121118659425,3.3660902381039954,True,3638.676738666431,3451,3603.663940678616,3439,35.012797987814864,12,4310.74543599819,225639.66508944533,0.23888693414739023,7301219,21100,411.4887570552528,1.0543832914130487
225441-M10_225441,225441,M10_225441,0.6823199987411499,171.10000610351562,28.899999618530273,64,20260894,10.880966850578398,10.900535660956995,10.930898330863798,-2.725188433656996,-2.6955659047629674,-2.653884206552194,0.5857327240949952,0.593859442314143,0.5979657886057793,0.22421048904410856,0.25014301006260703,0.28787269384533304,2.9783092019574218,3.0622337891227955,3.5912774511583,1.7472425676931453,1.7823859574374845,1.961518714193553,2.9610503853176517,3.02503243691348,3.4974058103405414,4.199760551935018,4.291688285582674,4.916205038015388,2.4439091445870753,2.5332482186631284,2.9458850767243483,True,3754.1637996319746,3547,3744.6972371075008,3535,9.466562524474014,12,3918.3411353812826,232471.37783863937,0.25542634821756793,7089520,18800,380.59517651901115,1.0584053565356568
225678-M9_225678,225678,M9_225678,0.7325549721717834,176.1999969482422,12.300000190734863,149,20260979,11.29752358053106,11.33113547355071,11.373327500547363,-2.070277746405793,-1.9753199674260626,-1.90146188321077,0.07043308874943323,0.10081240592842725,0.12957324681243565,0.8251448420536952,0.8850912284032966,0.9521108031056837,3.9932675706051324,4.380316431901209,4.851495189855055,2.341058418718295,2.8462418055750067,3.454320521161822,3.9909869838778436,4.496191855987128,5.19177747057465,5.615717290167036,6.069643894996727,6.3458172419413374,2.7921001851166136,3.109469717213103,3.3099831141204827,True,3906.1528171774266,3453,3892.831071626054,3441,13.321745551372874,12,4137.037025846362,225626.6227662026,0.2322586477838751,6029898,17500,340.6487825792283,1.1312345256812704
226316-M9_226316,226316,M9_226316,0.6087539792060852,197.0,51.5,6,20260836,11.538929327821405,11.56071291845063,11.57669939917882,-1.9408882082302237,-1.9127566211670646,-1.8860344481673559,0.012780628556968468,0.03357176891691335,0.052726896354599935,0.24577696437449564,0.27303700996044533,0.3073565110959323,5.539168840654076,5.727265377722647,5.94087702284943,4.110062434025724,4.47859206996363,5.07181445306698,5.755111350872658,5.920084669062058,6.112912887677538,7.010890707566146,7.076880034841906,7.154011322288098,2.0821968692211175,2.595340627168369,2.901453717977046,True,3744.369851151791,3597,3722.6867342648343,3585,21.683116886956725,12,4175.03465330833,233061.1922658744,0.3067396326420642,7109691,19000,378.5572456510272,1.0409702116073924
226721-M11_226721,226721,M11_226721,0.7373420000076294,211.0,29.0,59,20260889,11.209722102261876,11.23496369008636,11.26120459032884,-1.8089272329897497,-1.7685725607289418,-1.7233291767500405,-0.05342783267210042,-0.03762291653619772,-0.021376816062293972,0.26910703068815406,0.2878912627946938,0.3103368705773156,4.018468991311301,4.27794027025633,4.529420518981525,2.4210985383937476,2.7749766402659066,3.120645180774892,4.010714966659278,4.321848476796363,4.64319809335026,5.6232687190333595,5.92734801317928,6.126770206262647,2.917222430773504,3.079098430774218,3.2550379819748247,True,3699.9801776128315,3417,3669.6176589931692,3405,30.362518619662428,12,4789.447515176506,224117.06805180685,0.18885323815007185,7930646,22200,441.13442950323224,1.0828153870684318
227516-M10_227516,227516,M10_227516,0.7792009711265564,252.1999969482422,29.200000762939453,57,20260887,11.736229220526,11.756616608890361,11.768196697975588,-1.58413039022049,-1.5617845582805074,-1.5153222558763297,-0.12995596703747464,-0.11817264483391698,-0.10652502760517,0.40724783918368374,0.4173897120104513,0.42585757373146105,4.786260776454556,4.953918338308256,5.054886781274157,3.5689556554389945,3.7855544229919893,3.8824174161587193,4.9033590717567295,5.028552499600485,5.183652738340756,6.084952848420018,6.130992976188743,6.193033071684852,2.305578249414076,2.3245155224048606,2.509614934576287,True,3993.7029957260625,3698,3913.5276971771855,3686,80.17529854887708,12,4519.09033913789,239443.20534492825,0.38275876911218104,9316376,26000,510.32182697579265,1.0799629517917961
227630-M9_227630,227630,M9_227630,0.7295899987220764,203.60000610351562,19.100000381469727,110,20260940,11.137953568818663,11.15086517295202,11.164970033526304,-2.248560095791051,-2.1956910821829916,-2.157888481764006,0.0812667381288935,0.10189332868460321,0.11990413216327005,0.346254732732902,0.3670080397866818,0.3909520103100652,5.096177436320575,5.211302854401479,5.368784304227901,3.852188943239017,3.9688291814049297,4.194109982308334,5.141644350724009,5.336404961902996,5.5389976650389094,6.335549789124175,6.4134540335957695,6.494491114850135,2.2983926300961532,2.44133614092679,2.4812539554763706,True,3791.723144533382,3502,3770.202401153101,3490,21.52074338028078,12,4697.996724465916,230355.51523835253,0.25918835247956795,7326460,20900,406.873977066949,1.082730766571497
227672-M10_227672,227672,M10_227672,0.6092709898948669,162.6999969482422,19.299999237060547,104,20260934,10.94160034131409,10.967379960780786,10.987308037373447,-2.1920322202936977,-2.151699956598378,-2.0952883488503304,0.20025692879816426,0.2323406894351734,0.25382936756752705,0.4503261158168101,0.5070734745385284,0.559779836426202,5.357458721834191,5.512821334960833,5.679985717444567,3.8825391428608733,4.069022403052307,4.316130586878376,5.417839090511235,5.599977984443983,5.809619432739303,6.874004401068073,6.946859958641173,7.030716537959301,2.715187022046699,2.879579453006533,3.0137080907762765,True,3697.526966509978,3567,3686.1513042848997,3555,11.37566222507846,12,4388.928614644011,235754.60858330733,0.2404050626761893,7185993,20000,393.36616379301995,1.0365929258508488
228215-M10_228215,228215,M10_228215,0.6108589768409729,228.60000610351562,36.79999923706055,21,20260851,11.238605029143192,11.258889053084198,11.278881720179957,-1.7667114295662174,-1.7238792053183376,-1.6958456977502632,-0.07732084835975193,-0.06884375324984424,-0.05887974585090769,0.3604053928925783,0.3774550005407184,0.4024039275212201,5.30616764020573,5.458365163483071,5.587194230745779,3.7829906625501653,3.9976459185694946,4.167568749958734,5.442651729979755,5.583929467084234,5.730100327646223,6.877863766404454,6.934374861246245,6.992843205471041,2.8083216406846354,2.932431635876827,3.102184888075119,True,3789.2810665677903,3571,3742.786713158645,3559,46.49435340914517,12,4288.005194168652,235430.78516920097,0.3834723110795804,9246181,23900,492.3668697886169,1.0611260337630328
228380-M10_228380,228380,M10_228380,0.6113759875297546,259.5,36.099998474121094,25,20260855,11.567069411478352,11.578602910405946,11.59110762626807,-1.9706792642784232,-1.9476724297391563,-1.9308248416126792,-0.03270610312115795,-0.018743032400307367,0.0013848763192689795,0.6193473080532038,0.645784489666356,0.6777500892921061,5.6724879632420455,5.769649707179215,5.938699624710408,4.307344424842693,4.508735719045719,5.0182792536395455,5.794407267967085,5.906763461793837,6.073193774124709,7.016593692146823,7.061536169677524,7.128108294609873,2.1098290409703275,2.552855224508648,2.70924926730413,True,4151.417818512595,3580,4103.522302761448,3568,47.89551575114592,12,3676.081639866391,233895.36308664552,0.2371080342455186,8495702,22600,466.10419595241547,1.1596139157856409
228717-M10_228717,228717,M10_228717,0.9398990273475647,296.1000061035156,14.300000190734863,132,20260962,12.069607193361756,12.095463316461416,12.131762897295747,-1.6784237139458222,-1.6488631335697925,-1.6193517000447974,-0.19893875749993636,-0.19659986676331243,-0.19025252243957247,0.4955071741472881,0.5065268996935813,0.5219212975884129,4.657716555695826,5.013592173518165,5.509048658352274,3.690162810705947,4.210682353918312,5.207921358827762,4.819598878088952,5.2925934196656375,5.54363794109373,5.614490284582707,5.778936714788462,5.879354523359699,0.671433164531937,1.5662412533007712,1.907253953456717,True,3835.5991232900237,3847,3711.1913580360647,3835,124.40776525395913,12,4065.4184298087607,250383.547394963,0.32132903470150237,9412964,23000,477.42427512805443,0.9970364240421169
229551-M11_229551,229551,M11_229551,0.6957730054855347,209.5,32.79999923706055,42,20260872,11.385895852722664,11.413068426862353,11.443511942907387,-2.0286514435467837,-1.9783690689336706,-1.9218399684731373,-0.07377511694527927,-0.059882326312642245,-0.04930526210159339,0.29769562174564107,0.367094926793077,0.4186411021059814,3.8254146165746565,4.06691570815185,4.28525106260232,2.216513233937306,2.4357061161170686,2.7636092463645086,3.7620967451093006,4.024091082547009,4.268788891578513,5.1973527429305175,5.70014236897258,5.990763116158708,2.938118742643506,3.15707021261828,3.340382920418345,True,3675.911688472747,3475,3668.8843904911528,3463,7.027297981594084,12,3814.561788421874,226604.7017135935,0.23904100437576306,6943400,19600,390.1349915439496,1.0578163132295675
229883-M9_229883,229883,M9_229883,0.7279890179634094,224.0,22.600000381469727,89,20260919,11.418984312475697,11.433989026127929,11.445938035655889,-1.6531703704050045,-1.6321316981902205,-1.6107302174745897,-0.13073958037871655,-0.11726626048891396,-0.10581976915917854,0.5729075284947194,0.5876295941361593,0.6041620319304254,5.1791324263129574,5.3226918553779985,5.474545877500059,3.9309823404269038,4.112343722732733,4.401792408346898,5.275096268370561,5.47279749846388,5.644817182851104,6.394228857513878,6.473309349551204,6.542117223306095,2.140324814959196,2.3607100381924875,2.4624720417201407,True,3889.129541845739,3556,3838.537296115078,3544,50.59224573066087,12,3786.817878351099,233843.89395515886,0.17218157078678198,8144521,23200,458.9007018264383,1.0936809735224238
230747-M13_230747,230747,M13_230747,0.6984639763832092,161.3000030517578,22.600000381469727,87,20260917,10.96309675112737,11.010770747427252,11.047557765798416,-2.144910411443315,-2.0809790425659846,-2.014582617116495,0.08646192311016021,0.11093612759649607,0.13706049467260842,0.3022503671150205,0.3586640794724419,0.4014452389810721,3.506282190582611,4.080174094589456,4.396267052690089,2.0195328773247927,2.466676232778905,2.937819219598017,3.4536370778589323,4.041894843602719,4.405862422548436,4.724679563147325,5.724084220568769,6.094374337405585,2.705621941494883,3.0641715656582273,3.3308693259983766,True,3826.8848166563794,3574,3822.8463236195594,3562,4.038493036819837,12,3248.7647902863005,234429.88769806077,0.23771563973592483,5989347,16600,333.11251950263977,1.0707568037650754
230983-M10_230983,230983,M10_230983,0.6960690021514893,185.39999389648438,21.700000762939453,92,20260922,11.175576472142215,11.198115619913102,11.221013879227003,-1.6894671914438084,-1.6657585836687434,-1.6436041212141705,-0.05406789376255057,-0.03619952618880116,-0.018994092916887546,0.2835263679737064,0.3287203767688899,0.38376224180522617,4.110584921485415,4.336892236074321,4.571052139214884,2.445043056460347,2.734092960853445,3.0383447659832874,4.075090992681525,4.350909179987752,4.711537323309731,5.783609381072694,6.0643075154727075,6.284552947733172,3.141579322712233,3.300449023220682,3.4408222282273715,True,3672.42842780918,3598,3667.499731895523,3586,4.928695913656889,12,3770.2703368023977,235427.1734115749,0.2007385685598558,6597734,17000,353.45864138705656,1.0206860555334019
231276-M9_231276,231276,M9_231276,0.6540570259094238,238.10000610351562,40.099998474121094,17,20260847,11.477544194295001,11.487461846882763,11.497094222237724,-1.4280123290342512,-1.4055744752852388,-1.3819669889823651,-0.07892511291914361,-0.07000824505381584,-0.060287625603595935,0.38897166638886743,0.4036123514391665,0.4178171310883079,3.001765443171643,3.033235732664636,3.1294105220720794,1.7976835589540343,1.807745447829499,1.8385842175432534,3.001260800099346,3.0261142291642598,3.0999264401298823,4.204152677700723,4.234386990617337,4.329238120487034,2.4070630163319144,2.426692444106078,2.490011818001822,True,3866.990906828418,3534,3799.35774393259,3522,67.633162895828,12,4263.679297436968,230253.3652043774,0.24000770742164862,8438561,25400,492.4220629427582,1.094224931190837
231544-M10_231544,231544,M10_231544,0.6547650098800659,169.39999389648438,26.100000381469727,71,20260901,10.864604391152216,10.879797201565951,10.898828517296096,-1.9013021958878713,-1.8636148248050626,-1.8256857280907037,0.2031670513647263,0.23237132747347455,0.25863802870060465,0.2267320308486129,0.26503915676412476,0.3031800781840842,3.0302170422934425,3.118394510879859,3.3883694252377463,1.7898725155224606,1.8187174156671833,1.9133814173492123,3.016087694345127,3.0903360126502566,3.3041168426564993,4.240357392427105,4.329788323653634,4.606662936319082,2.447625215562827,2.511617785388058,2.6884385310778143,True,3690.3779729273233,3504,3681.986951101606,3492,8.391021825717234,12,4629.284596835121,230706.31775143134,0.20933144393983488,6983653,19600,392.138598902151,1.0531900607669302
231554-M13_231554,231554,M13_231554,0.6973369717597961,151.3000030517578,10.899999618530273,156,20260986,10.904402338404871,10.934794367897922,10.971097594239502,-1.795937278289019,-1.748429067411902,-1.7020106385853948,-0.10229642373656564,-0.06880075787761178,-0.033238666946953994,0.21501799453599849,0.2650823221327905,0.31546109003821055,4.7211450555907515,5.095513900846807,5.530370515106311,3.1972886356819585,3.687222110258893,4.56803865274669,4.885263280815125,5.362051900856084,5.791602785189085,6.344776310260078,6.532422230222077,6.704242583955278,2.129203076157019,2.851804257352177,3.1606760029512215,True,4336.9485779604465,3598,4332.708077320636,3586,4.240500639810026,12,3309.5066578172537,235000.20752013393,0.2248106758212145,5523734,16200,308.6010746980319,1.2053775925404242
232005-M9_232005,232005,M9_232005,0.6111199855804443,190.89999389648438,29.0,63,20260893,11.119218015621524,11.139352623339057,11.161413169350483,-1.9390022694501903,-1.9106032219754114,-1.8830990752014807,0.0334981589685414,0.0472155406317572,0.060909378943558384,0.34461037790897114,0.37502614745767693,0.4077699935852519,5.200488797482191,5.407436686290721,5.591269611196431,3.6281087455485466,3.9107829770972304,4.203401398758755,5.363344544943952,5.59054879622511,5.788547286517332,6.845145041021063,6.936026741533526,7.015226137650416,2.8110509358667204,3.03300903361536,3.2204080640994954,True,3730.5182064140035,3506,3718.3682826594613,3494,12.149923754542433,12,4322.494587231536,230956.6165616937,0.2913581935655584,7392493,20400,405.74147002212703,1.064038279068455
232627-M13_232627,232627,M13_232627,0.6210529804229736,216.6999969482422,36.400001525878906,24,20260854,11.426240765479545,11.442356329858494,11.461279598015304,-1.9685414648433457,-1.9397653885284387,-1.9035071609808667,0.022013897394640377,0.04586108030286666,0.06771122415361178,0.22579474494555093,0.2652692580476976,0.31530694696640904,5.478414800311958,5.688522772479308,5.90857183337488,4.051762296895468,4.41858928859317,5.067149641553804,5.631567569306385,5.862114619656616,6.080809294782907,6.9147722578214,7.006991077961492,7.094468948012009,2.0273193064582045,2.5895112618460963,2.8378236219285458,True,3729.5564424714194,3538,3712.7690327978407,3526,16.78740967357883,12,3576.254653787854,229574.1228060156,0.2956517176465836,6257054,17500,342.8782706389902,1.0541425784260654
232890-M9_232890,232890,M9_232890,0.7656890153884888,154.3000030517578,12.600000381469727,146,20260976,10.89676862950165,10.9290002470578,10.958886985308908,-2.0146043907390463,-1.9474061516808545,-1.89486666257306,-0.08104166068052074,-0.05953553500260835,-0.038922424773546814,0.3191447070632409,0.3778849668834581,0.4359568888495655,3.875885325698148,4.1757599416655875,4.512590234148117,2.3087205698795645,2.725223566122085,3.1749569403023647,3.8768037937683015,4.206646210820411,4.659485134915518,5.3579892811833005,5.737777209126914,6.036567756516964,2.7432099293194745,2.937650608165029,3.1290922483643824,True,3852.2600984090795,3557,3848.636875408498,3545,3.623223000581843,12,3707.122653767969,234962.07995159997,0.18913928933370344,5512983,16600,314.06659895007033,1.0830081806041831
232962-M11_232962,232962,M11_232962,0.6976969838142395,230.39999389648438,30.799999237060547,48,20260878,11.525364872687192,11.543442295401835,11.559681672057433,-1.7122967322904241,-1.6856277937333393,-1.6531043456573478,-0.11129031029262491,-0.10090000208853735,-0.08777498829047466,0.41970677775892445,0.4339505061609339,0.4505050630315725,4.6030316870479355,4.786874990972634,4.964027230407245,3.1735452127209824,3.3559717674760634,3.523730134525162,4.657349465736003,4.924652055439862,5.225771773715088,6.230312485931582,6.358187115004808,6.476673511657868,2.8882268007519922,2.9870023370049523,3.117811875016487,True,3695.5118884870985,3410,3612.190721655394,3398,83.32116683170449,12,4049.756883010864,221950.83542004143,0.438342856598886,8340783,23800,455.0540101900697,1.0837278265358061
233129-M10_233129,233129,M10_233129,0.6186460256576538,224.10000610351562,75.5,1,20260831,11.526940231330649,11.537851568299773,11.551352832635764,-1.797248542869471,-1.7736243688544395,-1.7501053217798634,0.07437606471724402,0.08963279411668441,0.10719308570655513,0.5864702801253184,0.602485679196943,0.617215130414859,3.0997357001646333,3.188256272642279,3.3819576915829077,1.814936690511449,1.8460387961891032,1.915996939890372,3.0724514043720528,3.1451769130469724,3.305387141550694,4.306425844278565,4.394012171236675,4.599590242355373,2.4909854879356104,2.552225601631795,2.685939586058592,True,3732.0783210578047,3468,3621.0827999178737,3456,110.99552113993101,12,4839.557947438148,224372.08092687934,0.31636990174370466,10325300,26700,553.9615807551891,1.076147151400751
233169-M9_233169,233169,M9_233169,0.6103590130805969,285.20001220703125,51.400001525878906,7,20260837,11.422064079830927,11.446659020803967,11.475170911171224,-1.6261844478815888,-1.610451024129461,-1.5913409366503064,-0.0852039816757843,-0.07383538674713545,-0.0629761729847775,0.2823563209623432,0.3173109225227873,0.36019807622534,4.480343092644923,4.80584825009295,5.066213194484068,2.734114029584611,3.1232332650275323,3.4150944305878,4.430493425403466,4.90036020946874,5.296057531237779,6.388569205176133,6.659691288426259,6.821134538730863,3.357951003468906,3.4875883071607903,3.682674286451956,True,3741.1730858349833,3512,3720.2105280106043,3500,20.962557824378816,12,5118.692261094786,229024.6416399932,0.19648991073293381,7615395,20700,413.64603705890477,1.0652542955111
233902-M6_233902,233902,M6_233902,0.7293000221252441,143.39999389648438,19.100000381469727,108,20260938,11.077668757601273,11.08738463489235,11.096345378922054,-2.5316577999601058,-2.5016597252025017,-2.4763386403367016,0.352672759931619,0.37751491730006115,0.3982800702240113,0.48171641611023097,0.5008473074815358,0.5187837905083396,6.051951061525337,6.056915255331348,6.058070788909535,5.420714201225064,5.423601633330515,5.42419418985745,6.062853222250642,6.064657867316548,6.065028215145882,6.7049922432762195,6.705714101302583,6.705862240434317,1.2816680505768672,1.2821124679720675,1.2842780420511555,True,3581.8216339095607,3394,3553.569880395204,3382,28.251753514356743,12,3932.945055217321,224233.8617803328,0.24544784544019654,7313530,22500,436.28584225894883,1.0553393146463055
236682-M5_236682,236682,M5_236682,0.7342000007629395,227.60000610351562,31.600000381469727,45,20260875,11.60521195236145,11.615689618017644,11.626503876158758,-1.6959921702046907,-1.6771584065445369,-1.6568984710663304,-0.1982006580179541,-0.19336401817804372,-0.1851059926510494,0.4916880692194436,0.5041368768260244,0.5185906737630422,5.126748250901863,5.20862675736806,5.32178926508225,3.8849851448509614,3.9749397525284174,4.134188730497233,5.212301071224466,5.337505691683366,5.487808425303665,6.348612128774988,6.398693976958548,6.458815070406668,2.326865441355514,2.4204962096808664,2.457637518125009,True,3764.436732077822,3399,3686.8955041918107,3387,77.5412278860113,12,4371.45808002682,222483.57094266184,0.28548935606703274,8693476,25000,493.5072255078703,1.1075130132620836
236994-M5_236994,236994,M5_236994,0.7297000288963318,264.1000061035156,31.799999237060547,44,20260874,11.563410070589956,11.580132272411678,11.599155204456801,-1.678340318091237,-1.6464617234179089,-1.619847479868765,-0.17185798537594638,-0.15802518140016067,-0.1469173944302503,0.5759472653024147,0.5921027531001597,0.6106858863630575,4.770911946703758,4.917476677027819,5.102252731342025,3.3559594294154413,3.5529906402905524,3.8040475518617294,4.9728238022778335,5.169016128524737,5.3620723974258215,6.269301502804883,6.34613473459134,6.423357242151774,2.6077125379722164,2.782144954928826,2.9132684060732017,True,3793.5536772983105,3435,3757.9470114861424,3423,35.60666581216793,12,4108.016928430372,224905.95463830946,0.2287550299531968,8424224,23500,456.7258330020122,1.104382438805913
237437-M6_237437,237437,M6_237437,0.7336999773979187,213.89999389648438,25.0,78,20260908,11.530349009476161,11.549444032244141,11.565615470928606,-1.604955655728134,-1.5639588794017778,-1.523840486210009,-0.08511659707331279,-0.07339509404080985,-0.06245598419415038,0.3669031007885199,0.38602431499344714,0.40472044596375034,4.691142473373006,4.895063065797502,5.067113345702421,3.378837747912593,3.588212244667047,3.8065267268710477,4.769016530741541,5.049264992520417,5.258216882614149,6.168189977166309,6.285042390855098,6.368623146892591,2.5468940683217642,2.6846073605066265,2.833711497198902,True,4105.695728853584,3475,4083.08450840188,3463,22.611220451703872,12,4301.124748424517,227036.78054932173,0.1835432161279958,8334671,23700,451.2919796030037,1.1814951737708155
237641-M6_237641,237641,M6_237641,0.8579000234603882,196.89999389648438,19.299999237060547,105,20260935,11.475417029515238,11.488865426704404,11.502528159078452,-2.1167950792323813,-2.0568572671531093,-2.020364921633024,-0.03892053525105168,-0.018852196663312462,-0.0013172745056362436,0.3581714028778601,0.388775183111303,0.42386639621892913,4.766922773036172,4.9381636485888,5.145639420979236,3.7075905346177276,3.873374193099771,4.224544611868741,4.837936276499817,5.164860679119,5.408413313276946,5.82921836070534,5.95091861199648,6.048339665659658,1.8198907453467557,2.0714195488282905,2.112533381300852,True,3805.529875632627,3444,3792.603179713469,3432,12.926695919157721,12,4403.140754724143,224001.7982179123,0.23933429720232943,9443772,21000,477.8095503654331,1.1049738314845026
238314-M5_238314,238314,M5_238314,0.7319999933242798,201.5,34.599998474121094,35,20260865,11.62550670978971,11.64014307144374,11.665934646596966,-2.108026341243418,-1.936815151514589,-1.9005600619197538,-0.05742579900500665,-0.04470676225159375,-0.033936942486078855,0.45298673547343643,0.47105344317379966,0.48908522614076183,5.239886817624771,5.358379691279277,6.0487825331648,4.008335409916382,4.183668202547226,5.4193400530637765,5.3678807604827155,5.523639112388135,6.056422113288078,6.418087632390235,6.480390973152403,6.6935041735123795,1.274164120448603,2.2972124667222706,2.410139974587776,True,3935.305243930758,3429,3877.357402386248,3417,57.94784154450992,12,5747.082521668383,223735.22675997327,0.4182241761920928,9449619,25400,523.9549230821431,1.1476539060748785
238580-M5_238580,238580,M5_238580,0.730400025844574,222.89999389648438,24.299999237060547,80,20260910,11.632655292171522,11.646123352306713,11.65657331756813,-1.9374175254853832,-1.9071132897493395,-1.8869755817004532,-0.19593814085300473,-0.1895691751518833,-0.17831170320393772,0.3374468746915376,0.3582132228094035,0.38159401055354286,5.951850424986834,6.029306610649999,6.0480746322389445,5.354458417056956,5.409097799925607,5.41943689706164,6.019170989799098,6.053320604092004,6.059782539802025,6.683883562541239,6.697543408258402,6.70012818254241,1.28069128548077,1.288445608332795,1.3294251454842831,True,3834.0139664794547,3569,3808.352045950188,3557,25.661920529266908,12,4032.937029400566,232034.31878908817,0.27915090443678064,6992321,20700,392.7199639970204,1.0742544036087012
240899-M6_240899,240899,M6_240899,0.7394999861717224,177.3000030517578,15.600000381469727,125,20260955,10.941886607408598,10.962413928627546,10.994680953006789,-2.071964236064402,-2.003633203015672,-1.9517736888238353,0.07820992803237269,0.10811008006784817,0.14280916988286663,0.540242273563501,0.577670538060314,0.6223902184241804,3.257186526076086,3.4963776178316577,3.891295095960819,1.8764764011837398,1.9833364147725694,2.251806772408897,3.2258033227588867,3.4489620434374677,3.879697718957688,4.4925533207699395,4.77538025148438,5.4716928219632655,2.614376152077487,2.7785664504089014,3.1540968528388853,True,3780.466756418639,3491,3761.2740323110283,3479,19.19272410761048,12,4815.038605579419,229338.82131176087,0.1843812582864898,7260343,20500,408.7177230492234,1.0829180052760352
241189-M5_241189,241189,M5_241189,0.7286999821662903,246.8000030517578,29.0,62,20260892,11.48558963106532,11.500844533988651,11.516271769194736,-1.6532558801896986,-1.6236266465942584,-1.5969047982720985,-0.14330168719287936,-0.1323757742272875,-0.12220101637134852,0.39939216269719596,0.41663746192098544,0.4344362764957074,4.373356595529079,4.535445622716427,4.703820746212554,3.0051753994525843,3.1647837830768815,3.309087538957162,4.398880109624319,4.6255165880917835,4.907471742344448,5.97396878455262,6.129694173899221,6.251398722205376,2.847142257675569,2.9468913503860112,3.086277070145821,True,3786.3936573004535,3471,3734.890517144992,3459,51.503140155461715,12,4172.92206240009,226990.83341628397,0.33958289609343095,8269833,23900,460.62100041797385,1.0908653579085144
243871-M13_243871,243871,M13_243871,0.7333970069885254,213.60000610351562,22.299999237060547,90,20260920,11.10937569004317,11.13452669520754,11.167306986712283,-1.994673606418924,-1.924164220719283,-1.8770784248242622,0.07015004288682622,0.09315568106124647,0.11937608113687503,0.2821220068325052,0.30870574659087147,0.3307913397985413,3.8371251294784092,4.1829056148775,4.591815192192893,2.251374341278634,2.6201435222011193,3.1810477456266826,3.82323087250582,4.199694266653977,4.77077243342811,5.222069946778389,5.839483938778684,6.190853540495157,2.817831712170211,3.046152769946986,3.244789719437369,True,3758.1129008283033,3551,3735.309318109951,3539,22.80358271835206,12,4467.226680875328,232187.6209585035,0.16933112145593518,6939341,19700,381.798960814951,1.0583252325621806
244239-M13_244239,244239,M13_244239,0.7378460168838501,219.0,24.5,79,20260909,11.202025671594164,11.231414340590884,11.261894624702384,-1.8098009217944417,-1.6969988994548533,-1.643921164907484,-0.14943100235935536,-0.13556074425871636,-0.12236367500792217,0.41055437479449386,0.43253984020240366,0.45110278711090585,4.30090421860747,4.612028476648007,4.969168144393072,3.0083408052196203,3.3152600213184473,3.703069401789319,4.312210451352353,4.708428797735137,5.074561403218276,5.855691626431144,6.1247748357004275,6.281553042734079,2.567488847007079,2.7720544104959126,2.9093875959810647,True,3940.241322741514,3580,3877.7101475509626,3568,62.53117519055139,12,7298.49593146293,235906.7578676212,0.40881232299772063,9413657,26400,528.6598578374833,1.1006260678048922
244680-M13_244680,244680,M13_244680,0.9575620293617249,194.8000030517578,4.400000095367432,184,20261014,11.205540469372348,11.239454563452224,11.27584500818533,-2.1526256587841237,-2.06764223061316,-1.9821620561702815,0.11648751296018575,0.1645183201665441,0.21587852320871373,0.5313441493849109,0.6122822508552686,0.6784875914807573,3.2872587702456895,3.566356859495171,3.952937603351051,1.932865381460928,2.1806055101500115,2.636335477597324,3.3205650817145673,3.6601106658428435,4.104122464684197,4.537282302315205,4.884748539857613,5.307903237870244,2.4883042996494176,2.6174809008577116,2.764873554635758,True,5964.924255042659,3861,5961.660630146197,3849,3.2636248964615775,12,3856.3013517526733,252273.88111666383,0.2747075974793582,5641472,16900,326.5532303689979,1.5449169269729757
244738-M11_244738,244738,M11_244738,0.6970810294151306,212.8000030517578,29.0,60,20260890,11.57637832697214,11.587310454775428,11.59819216672132,-2.0061829295025966,-1.9585818405440798,-1.9293664857040345,-0.08853514982205764,-0.07422538297083447,-0.0590784351771285,0.4474673001351581,0.46712262515254704,0.484342969837835,5.157426747600552,5.2140501968117405,5.318051102662771,3.8637537434528846,3.915856268868592,4.031298578240123,5.1682209279148505,5.269382962115002,5.435938931262251,6.455769346018457,6.496234159698517,6.562856547357416,2.5288624625639917,2.5795224430586057,2.591540780028037,True,3728.4134434538564,3454,3663.987629258382,3442,64.42581419547415,12,4460.08906630123,225075.26159431683,0.2765366608301634,8452254,24000,470.0930143491132,1.0794480148968895
245252-M11_245252,245252,M11_245252,0.6943770051002502,266.6000061035156,44.20000076293945,11,20260841,11.772665701059548,11.789058972912763,11.804632779312342,-1.6250872735686037,-1.5934985606071694,-1.5646439023778167,-0.1187873562817171,-0.1089347390982928,-0.09993007997487227,0.4909579243233678,0.502670017986102,0.5150506649707146,4.25855057779275,4.420717935987705,4.585411441237629,2.696345503699149,3.008515058570869,3.143619684490483,4.2307950494619,4.4250099986892275,4.661163274593482,5.927454485168872,6.100528412067107,6.259422012106003,2.9804520451469996,3.1145508739965786,3.3087425058325937,True,3779.6227649476377,3528,3681.253096010104,3516,98.36966893753393,12,4085.9659598295307,228562.45868006287,0.29121708099964405,8909194,24800,492.4969757273793,1.0713216453933214
245621-M11_245621,245621,M11_245621,0.7350419759750366,168.1999969482422,17.0,121,20260951,11.23838156803149,11.266923144479652,11.28715713955635,-2.7578348545562488,-2.7286129745191126,-2.688320230639999,0.5803954732432944,0.5912725740965066,0.5974083685257213,0.3375186899321204,0.3901697583378575,0.4356345769619933,5.4070589139622705,5.994767927247907,6.047688312535864,4.2751774951286565,5.384524876173007,5.418770853219608,5.575236570699257,6.028405826601061,6.049809562255187,6.491019074668395,6.672286777029115,6.680848271290767,1.262077418071158,1.287761900856109,2.213977432245117,True,3801.6862606609648,3554,3795.6177482223493,3542,6.068512438615593,12,3503.616978979614,232243.54301186837,0.2750885180493041,5999574,16900,335.8999815136194,1.0696922511707836
245763-M13_245763,245763,M13_245763,0.7542309761047363,139.1999969482422,9.399999618530273,162,20260992,10.98231792352271,11.00051314634742,11.015484636326958,-2.8042447542693743,-2.7714550293440308,-2.7208221057673607,-0.10580033109608512,-0.059502381516505096,-0.008928873133963159,0.5053864589718498,0.5579678838092106,0.6038667600221246,5.990991721173905,5.998382532445367,5.998830891880607,5.395564315087824,5.399327812627449,5.399532274502833,5.9963514169978245,5.9987036029600915,5.998831391632206,6.597138518907827,6.598079393292734,6.598130508761579,1.198598234258746,1.1987515806652835,1.201574203820003,True,4276.873969625419,3832,4272.285678668328,3820,4.588290957090644,12,3199.9872530616794,252557.90220132793,0.17323628784661177,5153706,16300,316.5604659731034,1.1160944597143578
245864-M11_245864,245864,M11_245864,0.6980879902839661,178.39999389648438,13.300000190734863,139,20260969,10.900751818711157,10.93564462799609,10.965331746428317,-2.5046850764491917,-2.40982708006894,-2.33090234059763,-0.008191950435206659,0.02369012644357403,0.0520716654023251,0.28756778283882284,0.34904495347849407,0.41195235069475133,5.451865026507194,6.02840194355155,6.132517303945492,4.234875616616329,5.367116934727025,5.451760391502791,5.605670763888607,6.0950870030742905,6.147989163559145,6.627290575747284,6.823057071421556,6.8442179356154975,1.3924575441127065,1.4559401366945313,2.3924149591309547,True,3802.9808377471686,3534,3793.079885515842,3522,9.900952231326754,12,3832.6849161949117,232465.34459161854,0.11249285245163744,6457520,17400,357.41601499170065,1.0761122913829
246149-M13_246149,246149,M13_246149,0.7345340251922607,213.6999969482422,26.600000381469727,70,20260900,11.451507788452249,11.462274641731401,11.472792033430427,-1.8490475582135057,-1.8229562288790682,-1.8023903770929337,-0.11085495717155758,-0.09721454461100135,-0.08369726928471732,0.3886883109023041,0.40274479435861443,0.41521597529577065,5.1983383286881395,5.295107483777125,5.420772062423253,3.963781317148354,4.0885663077130285,4.3076231721775455,5.3116783420997695,5.445793376414754,5.5900255866077115,6.387264895153279,6.440910908879271,6.498603792956455,2.1909806207789098,2.3518484987366897,2.423710216911974,True,3947.0880356305465,3701,3897.6766033823483,3689,49.41143224819841,12,4031.902479224623,242391.01565292766,0.2945599001649247,8160013,23600,459.6002224640688,1.0664923090058218
248217-M13_248217,248217,M13_248217,0.6109169721603394,219.5,30.600000381469727,51,20260881,11.177910716803279,11.200526544490456,11.222093274088973,-2.4248198269012313,-2.393612007512977,-2.365049686895275,0.13330350900187987,0.1641191054760123,0.20109193775473574,0.4435479769361713,0.4992492679309653,0.5476127662426591,5.490376677374692,5.6697149755046246,5.888035737403308,4.043264567435788,4.305270972412282,4.895095804212067,5.560195285563599,5.8061546835232445,6.038763644960101,6.9246598859833,7.023043645167158,7.116087229741901,2.2209285406532016,2.714965344026805,2.878059612003815,True,3996.6254504498174,3599,3993.2736600899516,3587,3.3517903598658263,12,3501.6152114740653,235392.19570720705,0.1992123336871724,5882278,16800,330.98711699433625,1.1104822035148145
248829-M11_248829,248829,M11_248829,0.7634689807891846,164.8000030517578,19.700000762939453,102,20260932,11.262453619233419,11.287661139743093,11.312294326256644,-2.6944638260030556,-2.653312024820867,-2.617463540296021,0.015561004207291479,0.039277886659909333,0.060829141524897705,0.5037559408894462,0.5686694745721081,0.6272404883655404,5.225762863419925,5.433023447202849,5.836230724271346,4.05591283174113,4.468455785310162,5.309258058889038,5.380756442098152,5.609650603484273,5.9239682977718875,6.3213937943852425,6.412951458939691,6.538678536654737,1.229420477765698,1.944495673629528,2.266031076102415,True,3854.9167083271404,3455,3849.928045942222,3443,4.988662384918287,12,3164.460222565752,226655.53017669183,0.14195884099586065,5618009,16300,318.72033314895816,1.1157501326561912
250391-M11_250391,250391,M11_250391,0.88926100730896,176.60000610351562,35.79999923706055,28,20260858,11.258049762673643,11.27847924609798,11.298054231277636,-2.933952387351927,-2.9005969555814293,-2.871605329263461,0.2500214827855214,0.2728315900302667,0.29613974571093443,0.38839473973578903,0.44512599069635367,0.5074814689455935,2.415692630964686,2.669990037898005,2.8581003531827007,1.0425825710203838,1.0760409692384862,1.112924249809908,2.1402288115237176,2.3515442539331683,2.590477804236178,3.703452692378279,4.367880664661271,4.8663010938000415,2.6319720126710133,3.2861103673452154,3.768307618064557,True,4338.55251445096,3861,4318.213066463132,3849,20.339447987828358,12,4121.633580445454,252625.30623648767,0.1899264882963393,7658125,19300,397.67396807600744,1.1236862249290236
253688-M13_253688,253688,M13_253688,0.8370350003242493,89.5,4.800000190734863,183,20261013,11.08756691576613,11.127085997508875,11.170395554836643,-1.8836523879701714,-1.7189279532405766,-1.564456333602778,-0.147556876130013,-0.08015707749403464,-0.015996779499124498,0.32982061643587146,0.4059644883674876,0.4976818600046954,3.1660502933285684,3.583799481905385,4.058070562273992,1.5222721736813867,1.7700452038473677,2.2381532644185334,3.0040840771399555,3.636779224921299,4.370043557386344,4.77414218958449,5.4067151413051295,5.804572900564028,3.1051429664890096,3.4836572860125306,3.772791940004227,True,8411.774812829888,3332,8407.425655075229,3320,4.34915775465991,12,3648.3596720789988,212385.51236592926,0.3348483912667069,5331599,16500,391.96870591305196,2.5245422607532677
254350-M13_254350,254350,M13_254350,0.6691629886627197,167.89999389648438,13.5,138,20260968,11.179439224429554,11.235499963318517,11.283541880951715,-2.456901775009171,-2.324499591995411,-2.2010769976362035,0.2601601682432541,0.33353894345015395,0.41479671671273394,0.6542003681407653,0.7185948750404189,0.7817736369841822,4.400998028024177,5.03292273569121,5.517905096958181,2.709763394679184,3.5552480053299753,4.300922228122686,4.427093586065253,5.240555382387149,5.74673607401936,6.202015753381175,6.582280631081465,6.784752907734349,2.4661277439371556,2.9856213308923834,3.3425408728058894,True,3972.2419020868724,3588,3968.205817490213,3576,4.036084596659217,12,3589.767731900666,232404.2052128164,0.2418640424871207,5364093,15300,295.02120878198184,1.1070908311278909
255047-M13_255047,255047,M13_255047,0.8642939925193787,162.60000610351562,9.399999618530273,163,20260993,11.184796029231931,11.220162410191918,11.24456924107124,-2.1856337446500453,-2.1296097911239737,-2.0679008954798057,-0.14636132865462315,-0.11464933118066009,-0.08554560630781226,0.43362986322718683,0.5001546611926861,0.5596313083709628,4.563519291056479,4.812413755774443,4.993684331197967,3.428424845517629,3.729290366413996,3.962756715576956,4.748422556760022,5.056384251234957,5.290006106342313,5.791079687365043,5.889382223400812,5.982830965443754,2.0058413122768095,2.143250258204957,2.390904979173741,True,4808.601257055235,3814,4801.574445612266,3802,7.0268114429687225,12,3899.2590705366624,250277.8938783791,0.22506411049752933,5926995,17700,338.4681150075048,1.2607764176862177
257455-M11_257455,257455,M11_257455,0.665710985660553,135.10000610351562,36.0,27,20260857,11.05703331393509,11.067056037003894,11.079073205539222,-1.6861368083824344,-1.6654402104173482,-1.6439077077424524,-0.13850001830373032,-0.12471893888073494,-0.11303509829214763,0.31724651600041276,0.3313866551511452,0.3485782704245998,3.019195228835633,3.0807269013246183,3.220431079187498,1.8019630776489428,1.8228827070644056,1.8763344140199463,3.01565417366296,3.065727123155356,3.188079551676543,4.222655405497604,4.282390226262727,4.422226114702117,2.420024078650239,2.460337648139168,2.5518026611418017,True,3826.728423862729,3549,3781.625100833706,3537,45.10332302902315,12,4095.8377169027567,232268.16186174177,0.4066044366627988,8352598,24900,488.09107058122754,1.0782554026099547
258753-M13_258753,258753,M13_258753,0.9096279740333557,149.3000030517578,8.100000381469727,166,20260996,11.159417396307214,11.194665426021864,11.225927710310717,-2.2923090379425966,-2.242313277914259,-2.191484447748088,-0.012799456230876236,0.025815484068326514,0.06160780120764402,0.40215355826680893,0.4643798514465613,0.5191328127248387,4.7511637579782064,5.203753306327272,5.45544030466178,3.730804733211875,5.007166976740812,5.186525427185268,5.067782262376543,5.468147982734145,5.580247014261931,5.768982700584439,5.92912898872748,5.973968601338593,0.7874431741533257,0.9219620119866683,2.0294046658936473,True,5323.749343016301,3830,5320.093331542126,3818,3.6560114741753273,12,4072.2558422279108,251827.63705107142,0.25441996660716776,6601904,17700,358.0058128469391,1.3900128832940735
259737-M13_259737,259737,M13_259737,0.7028210163116455,209.89999389648438,14.699999809265137,131,20260961,11.112664265167256,11.167129996500277,11.209079286174847,-1.787444132099369,-1.7222392030251208,-1.6663161358634722,-0.19343222244403702,-0.1753126077253712,-0.14193293351650152,0.5831254727560398,0.6239730843637699,0.6639300841758712,4.466018441271994,5.120923030297311,5.587702080535724,3.0024373271430953,3.781233638191789,4.739641189939552,4.548187132597284,5.339247550430554,5.806227796768577,6.174430352620919,6.504520039328905,6.691312137864115,1.9505902324585018,2.7509244413310174,3.2063062024320512,True,5410.651402090843,3604,5384.088514667246,3592,26.562887423596575,12,4760.043487190967,232663.88243908325,0.358107278702368,8000408,21300,429.72942866012454,1.5012906221117766
