target,object_id,spect_id,z,catalogue_sn,seed,n_free,mask_match,sigma_match,eff_sigma_max_rel_diff,pull_recompute_max_abs_diff,n_phot,n_spec,phot_chi2_stored,spec_chi2_stored,joint_chi2_stored,phot_chi2_h5,spec_chi2_h5,chi2_h5_recompute_max_abs_diff,ndof_h5_match,phot_redchi2_stored,spec_redchi2_stored,joint_redchi2_stored,f_calib_median_pct,f_calib_upper_pct,calib_saturated,n_outlier_pixels,worst_band,worst_band_pull,pull_u*,pull_B,pull_V,pull_r+,pull_i+,pull_z+,pull_Y,pull_J,pull_H,pull_Ks,pull_3.6um,pull_4.5um,n_bad_pixels,n_emission_masked,n_telluric_masked,ess,lnZ,lnZ_err,t10_q16,t10_q50,t10_q84,t20_q16,t20_q50,t20_q84,t50_q16,t50_q50,t50_q84,t80_q16,t80_q50,t80_q84,t90_q16,t90_q50,t90_q84,age_q16,age_q50,age_q84,universe_age_gyr,lnl_ml_stored,lnl_ml_recomputed,lnl_ml_diff,phot_chi2_ml,spec_chi2_ml,f_calib_ml_pct,ml_ndof_match,block_matches_stored,flags
101089-M12_101089,101089,M12_101089,0.8510000109672546,8.300000190734863,20260995,13,True,True,2.054275421937963e-05,0.0,12,3430,17.817332626003054,8026.726627042459,8044.543959668462,17.817332626003054,8026.726627042461,1.8189894035458565e-12,True,1.4847777188335878,2.340153535580892,2.3460320675615227,9.994335068463583,10.000000000000002,True,57,V,2.265798202514275,-0.25468980401943203,0.9865871360196855,2.265798202514275,1.707395036408607,-0.8371874842276752,-0.1855936764476244,-1.870629023145562,-0.7677163899587547,-1.0803889080494362,0.2964433075379285,1.007805930841735,1.2787929200272103,2115,504,117,4016.6607625207976,223073.35289941987,0.2072820799108717,5.987935358584666,6.253590170131702,6.286006285861949,5.468028953522265,5.999338576616337,6.064170808076831,3.852532837513883,5.236583796070239,5.398664374721476,1.7510351543272056,1.9575799520432458,2.2096289035833605,1.043850014458858,1.1418259411442748,1.2648960062533303,3.7065104656158283,4.245258472991083,4.479446400502631,6.507841763647067,223109.31872198495,223111.2892855275,1.9705635425634682,15.327819086710333,8022.585741233109,9.99794119583434,True,,spectrum chi2/N 2.34 > 1.5; calibration floor at prior bound (10.0% of 10%); 57 pixels with |pull| > 4
101830-M12_101830,101830,M12_101830,0.9873830080032349,11.300000190734863,20260983,13,True,True,3.732134345848633e-05,0.0,12,3814,83.38592853444682,5861.199761643771,5944.585690178218,83.38592853444682,5861.19976164377,9.094947017729282e-13,True,6.948827377870568,1.536759245318241,1.5590311277676943,9.982775505629926,10.000000000000002,True,24,4.5um,4.592392292382151,-2.389588679110215,-2.865504484421011,2.316501270916092,2.2724637026770744,-0.07038556901220003,1.8602957411369847,-1.3849891431864783,-2.784605188173843,-3.3967322064004075,-0.7973747877973997,3.5401794524892565,4.592392292382151,2102,133,117,3532.0626821444966,246074.02355467892,0.193801084668464,4.616912379529804,4.832894498654867,5.42830160832386,4.216854441512173,4.4412118251045385,4.967592574470805,3.0149309104184363,3.2249136179474256,3.6791552319693284,1.8028961366578882,1.899470448321106,2.2032538048180945,1.3988845790352031,1.4479506012661179,1.5903102064691184,3.0106363363295534,3.201158900066078,3.578784534662829,5.902885452528986,246109.88968079758,246109.43971928072,-0.4499615168606397,83.84211737041335,5857.391068566514,9.996010994343054,True,,photometry chi2/N 6.9 > 3; spectrum chi2/N 1.54 > 1.5; calibration floor at prior bound (10.0% of 10%); 24 pixels with |pull| > 4
102456-M12_102456,102456,M12_102456,0.6779490113258362,34.900001525878906,20260863,13,True,True,0.0003498149226911157,0.0,12,3463,170.6266904701109,4123.968383961159,4294.5950744312695,170.6266904701109,4123.968383961159,0.0,True,14.218890872509242,1.1908658342365461,1.240495399893492,5.896951429100811,10.000000000000002,False,10,4.5um,7.870790622923234,-0.16293372663810243,-2.1146026123314776,-1.0204682113593726,-3.3042795639852462,-3.4361528606644165,-0.32699048979540213,-1.889074504466214,-0.25252515715048174,1.616289285502678,4.0300829921439245,7.6038959978953065,7.870790622923234,2178,408,117,4112.025985046223,225476.6496177645,0.29642470418936584,5.193098643437413,5.99562314683542,6.340734921560914,4.624386361405566,4.87068069682905,5.256476805434538,3.3684446293876604,3.607075960289382,3.7845043253584087,1.970456934325805,2.1150863782139173,2.2363686610932256,1.484569937715113,1.5557804660055405,1.6140551241044885,3.424516067625048,3.6635454369836538,3.8447373899663644,7.4249930376872895,225511.8230495785,225505.25954341507,-6.563506163423881,171.60162249786717,4162.230667520181,5.870276244771176,True,,photometry chi2/N 14.2 > 3; 10 pixels with |pull| > 4
102968-M14_102968,102968,M14_102968,0.9393450021743774,9.5,20260991,13,True,True,0.00028777505935989654,0.0,12,3813,149.95720059281848,4188.963864034374,4338.921064627192,149.95720059281848,4188.963864034374,0.0,True,12.496433382734873,1.098600541315073,1.1382269319588647,5.927012116110486,10.000000000000002,False,1,B,-7.552200352717238,-4.536006351390771,-7.552200352717238,0.5430552457166828,4.221630246106978,4.156322660062128,4.523238441775043,1.5084870421304084,-0.8386036507950443,-2.6721794391886027,-2.0853195746820554,0.6403485112925675,1.2713794381868782,2108,130,115,3569.7981184766363,250394.66352109233,0.2594267196196777,4.7037095926546355,5.160132540438788,5.543272747961159,4.308307765116708,4.690693476544469,4.987393497362301,3.0994145719939845,3.5595111678311646,3.8986623001621115,1.8361106872784225,2.114559222446198,2.610245336661226,1.4135599987032228,1.5487100438930053,1.7945425554319605,3.0855169507611215,3.4782783307990073,3.7960209520686488,6.105564853386012,250431.91431746614,250430.170983442,-1.7433340241550468,150.94375960002628,4193.467261954291,5.919766644794692,True,,photometry chi2/N 12.5 > 3; 1 pixels with |pull| > 4
103366-M14_103366,103366,M14_103366,0.674206018447876,14.300000190734863,20260963,13,True,True,0.00010721844164037098,0.0,12,3547,35.03426702482184,4019.2671629250863,4054.301429949908,35.03426702482184,4019.2671629250867,4.547473508864641e-13,True,2.9195222520684863,1.1331455209825447,1.1433450169063475,5.252347738967954,10.000000000000002,False,3,4.5um,3.867214367266872,-1.1801125016516576,-1.6738399447825127,1.9692596599930576,1.0300799585873102,-2.0964888880298207,-0.08688142266225425,-1.768461346901291,-0.8138352940059022,-0.1671824342129753,0.5470946822983184,1.5574357249545965,3.867214367266872,2099,403,117,3625.792605800937,234345.6710516234,0.27699189331248153,4.523539859305393,6.3233915943547405,6.941740190874355,4.0195251186891054,5.199801867340654,6.436499060379882,2.6406510275890795,3.429411549154824,4.848188776186615,1.5300123579147071,1.7781081077043943,2.189840394352053,1.1496341213700687,1.2401396867650174,1.408898033701869,2.743429547094485,3.565724553948302,4.384953327278414,7.446981321368827,234381.23709295227,234380.81402389336,-0.4230690589174628,35.16822553766327,3994.4934570620608,5.306619546276111,True,,3 pixels with |pull| > 4
104877-M14_104877,104877,M14_104877,0.9544000029563904,3.5999999046325684,20261016,13,True,True,1.2568668022562953e-05,0.0,12,3800,88.62946149393049,6748.631687541396,6837.2611490353265,88.62946149393049,6748.631687541396,0.0,True,7.385788457827541,1.7759557072477357,1.7997528689221707,9.971184092304467,10.000000000000002,True,19,V,-5.992717474223177,2.7262814065877907,-2.106179010514516,-5.992717474223177,-2.586559192138809,-1.6926911636900852,3.2422071040250966,2.71070143882376,3.2955730795116507,1.0104533189948288,0.38889828407704524,0.5856260249049161,1.0280466240665402,2118,131,117,3830.871900469688,244874.71130826895,0.2610220749102852,0.09036377942117163,0.2694590192589408,2.905723103129463,0.07881639420489367,0.0994451752334786,0.7789638826231805,0.041528302676390016,0.05434453531126365,0.13277110422050858,0.014293954755903672,0.018439433157005306,0.023492833985679137,0.007146977377951836,0.009219716578502653,0.011746416992839568,0.052082662664369346,0.1727352186173659,0.7237462165314746,6.040887866302327,244907.53796359085,244907.44070610558,-0.09725748526398093,88.63399429016143,6740.904700925377,9.999636722996014,True,,photometry chi2/N 7.4 > 3; spectrum chi2/N 1.78 > 1.5; calibration floor at prior bound (10.0% of 10%); 19 pixels with |pull| > 4
105474-M4_105474,105474,M4_105474,0.6732000112533569,37.29999923706055,20260850,13,True,True,0.00018381608629155984,0.0,12,3389,156.44831769556438,3712.2115857222907,3868.6599034178553,156.44831769556438,3712.211585722291,4.547473508864641e-13,True,13.037359807963698,1.095370783630065,1.1418712820005477,5.845476487519688,10.000000000000002,False,3,u*,6.857330128971073,6.857330128971073,2.0008339351881683,3.146705503343515,0.18207413647661114,-2.983058041547764,-0.9536632768804282,-3.0745716152662013,-2.926664062884916,-2.715244379251046,-1.0237539681537087,4.054207417560651,6.542431822759705,2162,498,117,3237.2873158272687,220833.57971190367,0.25079908267075846,2.4031519324705313,2.4577201848281387,2.7579970385474124,1.7741620074916111,1.8763476511452801,2.0884790121676113,0.7742133675320271,0.7988424463244921,0.8312217433252632,0.39222115963804427,0.40457754980108507,0.41876278295883695,0.256344793479627,0.2662950811768776,0.2763600234631338,1.0456275956299388,1.0907153555725246,1.3240565023523598,7.452908070654054,220868.86131630064,220864.787314221,-4.074002079636557,158.21093885930577,3723.70089295493,5.83743313101164,True,,photometry chi2/N 13.0 > 3; 3 pixels with |pull| > 4
107362-M3_107362,107362,M3_107362,0.6766999959945679,23.700000762939453,20260915,13,True,True,0.000422017088504786,0.0,12,3484,167.7824662812589,4025.390567167061,4193.17303344832,167.7824662812589,4025.390567167061,0.0,True,13.981872190104909,1.1553933889687316,1.2038969375389952,4.335100028429414,10.000000000000002,False,3,4.5um,8.32251760260165,-2.5120478760813016,-2.989586583186647,0.44163136078683923,-1.62473005248167,-2.9576568849263998,-0.5012208637369449,-2.139396426428768,-0.4507079239783656,0.48082297831632453,2.1352071780156128,7.865491518551505,8.32251760260165,2186,379,117,3522.299806977896,227187.8046770948,0.2297456234338409,4.601186974428386,4.6215967231731065,4.710074889336101,4.197162160222313,4.2150572271733076,4.298940683189211,2.980545641997283,2.999310800629493,3.055788770358571,1.77484298070824,1.7878395334465655,1.808886566106531,1.3714984257347311,1.3836263228615544,1.3943985200112488,2.985550817705217,3.00325520558561,3.0866915852722205,7.432319376216506,227224.82789838163,227223.73769681968,-1.09020156195038,172.44631357060064,4011.048142587964,4.348190628548843,True,,photometry chi2/N 14.0 > 3; 3 pixels with |pull| > 4
107370-M4_107370,107370,M4_107370,0.8435999751091003,17.799999237060547,20260947,13,True,True,0.001052034718149805,0.0,12,3388,48.02006025087184,3825.5479397482713,3873.567999999143,48.02006025087184,3825.5479397482713,0.0,True,4.001671687572654,1.1291463812716267,1.143657514023957,6.022279694630097,10.000000000000002,False,8,4.5um,3.814914171588637,0.08304331814924536,-0.46515221499701465,1.8019617850124625,0.008181825618005515,-1.6444540742133547,0.05729286193117082,-2.2554469927821126,-2.065654706436074,-1.485334858588516,1.123736957768279,3.8033679221807346,3.814914171588637,2110,552,116,3528.5735259644207,221803.83635594262,0.18540458262357307,4.572169401808746,4.59891851261369,4.669977570115756,4.135011053280248,4.174511257228604,4.238119535991295,2.8410691926966214,2.906054759050204,2.9815534631274576,1.6791594193828163,1.720076260569921,1.7703536660859254,1.2919009998006676,1.3250530888469025,1.3630118006160101,2.892559690695799,2.9436862168811837,3.0015007516269705,6.54339827477878,221835.5342953375,221833.31555268617,-2.2187426513410173,47.559280095752484,3819.054643825835,6.032375898388264,True,,photometry chi2/N 4.0 > 3; 8 pixels with |pull| > 4
107643-M4_107643,107643,M4_107643,0.7343000173568726,21.0,20260928,13,True,True,0.00039214986129820165,0.0,12,3496,16.78769060707924,3837.232778093577,3854.0204687006562,16.78769060707924,3837.232778093577,0.0,True,1.3989742172566035,1.0976066298894671,1.1027240253793007,6.389112791962778,10.000000000000002,False,8,V,1.9237187062215275,-1.1045775028474711,-1.1177401958163147,1.9237187062215275,0.22011771388627582,-1.6528229937464571,1.0652090359544972,-1.0515431962184767,-0.39230247314065725,-0.6433488161241918,0.6650554433959387,1.3844900896941994,1.6340020868908538,2150,403,117,4096.782954622876,227899.25537623648,0.3216277288562843,4.573181038328702,4.600516046935365,4.671068926452217,4.13268414809017,4.182036132275396,4.235413648295983,2.812221864663909,2.9004466229963533,2.9791188486550695,1.6458764181061547,1.7084261518706318,1.75787154958201,1.2532771746710794,1.3083612459857468,1.3498308419101017,2.8766908915950427,2.9383943341647973,2.9954619585035127,7.1056047320109625,227935.57923571556,227934.2451869216,-1.3340487939713057,16.31750426715576,3873.0555440500925,6.3377459483822705,True,,8 pixels with |pull| > 4
108989-M4_108989,108989,M4_108989,0.8277999758720398,21.299999237060547,20260924,13,True,True,0.0008724680034956551,0.0,12,3735,135.32812416006558,4467.454592342662,4602.782716502727,135.32812416006558,4467.454592342662,0.0,True,11.277343680005465,1.1961056472135643,1.2326681083296003,4.639013837517924,10.000000000000002,False,3,3.6um,6.8068958902205505,-2.7543455621024773,-3.2968410718616297,2.487750535712578,1.4746345912212766,0.09789435927392846,0.5917798731147282,-2.181489819368821,-2.6292153849506934,-2.676317179997001,-0.47013957000504547,6.8068958902205505,6.53912066765158,2116,198,117,4221.645638996116,243101.4038871301,0.3300404000487594,6.216948747341046,6.240418926100119,6.263380519564143,5.813565955195655,5.8605063127138,5.906429499641848,4.638616439553104,4.724257037490491,4.823899877049974,3.530138194440898,3.6058585889296477,3.696093276509278,3.154344517795903,3.2304415445071255,3.3201551573525823,4.616736721838253,4.7001636413357915,4.790010235145404,6.620331539486438,243141.19007985393,243139.28038996822,-1.9096898857096676,141.98046533933837,4508.25440332253,4.581263990114934,True,,photometry chi2/N 11.3 > 3; 3 pixels with |pull| > 4
109352-M3_109352,109352,M3_109352,0.724399983882904,23.899999618530273,20260914,13,True,True,0.0004321950045146125,0.0,12,3530,136.67862301630146,4025.022183969782,4161.700806986083,136.67862301630146,4025.022183969783,9.094947017729282e-13,True,11.389885251358455,1.1402329133058873,1.179286145363016,4.1867289387622835,10.000000000000002,False,10,4.5um,6.989956565301958,-2.5795602809932405,-3.6365950700171554,0.6254990565672377,-1.1764806496760245,-2.7382567453472855,0.29037449368412194,-1.9503720697917308,-0.9796403600885881,-0.07285534514547548,2.3952207261842737,6.93371584879958,6.989956565301958,2111,412,113,3868.934933669267,230485.71314906585,0.21265950075873077,4.6090541566450245,4.679846568086381,5.232012421820387,4.204791552414511,4.271158915256321,4.6324889310954545,2.993380933727398,3.0516040336859036,3.3723494164038343,1.7838164235083254,1.8089725927455618,1.953959775426121,1.3800106757630843,1.3946570178374516,1.465508158774451,2.995384992128609,3.059924494309012,3.4112368420919825,7.160174281017717,230522.67282954016,230522.4123160147,-0.2605135254561901,130.19169561593634,4047.730287616329,4.168406632316753,True,,photometry chi2/N 11.4 > 3; 10 pixels with |pull| > 4
109713-M3_109713,109713,M3_109713,0.7275000214576721,24.200000762939453,20260911,13,True,True,4.196269102763962e-06,0.0,12,3434,82.97283236494289,4041.0386852550128,4124.011517619956,82.97283236494289,4041.0386852550123,4.547473508864641e-13,True,6.914402697078574,1.1767730591889962,1.201285032805114,4.3590185722004,10.000000000000002,False,5,4.5um,5.236133879468233,-0.1107786950407023,-1.0600741640183107,1.368217977420815,-0.5164743042667269,-2.9536503697847207,-0.5691922149876542,-3.0443937187860803,-1.7006277052570236,-0.51340768027116,2.172570169438963,5.10771891252124,5.236133879468233,2082,536,114,3609.1290982663772,225603.0700728328,0.3374036083539241,4.597182829369383,4.629603896501335,4.776723847017486,4.18204765406032,4.219586288403688,4.35914108841165,2.9359395186696955,2.9888983909041977,3.0970928124734964,1.7484094127176564,1.7770792811783696,1.8219869451507946,1.3513476932911381,1.3732708237514477,1.396581263553007,2.960081090498282,3.0039389140618544,3.1319557846737505,7.143017744687593,225640.12710355132,225640.057755628,-0.069347923330497,82.89227302456692,4059.1203558418,4.333350658432943,True,,photometry chi2/N 6.9 > 3; 5 pixels with |pull| > 4
109843-M3_109843,109843,M3_109843,0.7243000268936157,12.899999618530273,20260972,13,True,True,0.0004069783110437293,0.0,12,3418,44.68076280208475,4059.33975209199,4104.020514894075,44.68076280208475,4059.33975209199,0.0,True,3.723396900173729,1.187635971940313,1.201059559524166,5.852281305222546,10.000000000000002,False,2,4.5um,3.678321504651705,0.2246431794149426,-2.6406558008898435,2.5020019436495318,1.04140389088332,-1.325093537193381,0.9782809840647103,-2.040934611264779,-1.2977630081567912,-1.5420987838871623,0.1181064851916934,2.414150580161523,3.678321504651705,2104,530,114,3614.5935991222464,225568.83149684925,0.2863515179642807,4.561448575869386,4.595823643758862,4.756364043512137,4.114420463534372,4.164808604342558,4.311016777047048,2.797337260236433,2.8665028915752933,2.982263364330584,1.6459553350438276,1.6882864611851356,1.7418606009896789,1.2605730894006093,1.2944223627650397,1.3322707408772654,2.8608102245746996,2.9190644588021066,3.044308652926791,7.160728524416907,225601.8897517313,225597.97747389507,-3.9122778362361714,45.87752788511514,4079.3285534099505,5.816166872182142,True,,photometry chi2/N 3.7 > 3; 2 pixels with |pull| > 4
111390-M3_111390,111390,M3_111390,0.6672999858856201,32.400001525878906,20260873,13,True,True,0.0002618830823241866,0.0,12,3553,198.29832559938754,4265.2418032773585,4463.540128876746,198.29832559938754,4265.2418032773585,0.0,True,16.52486046661563,1.2004620892984403,1.25662728853512,3.3867973851576223,10.000000000000002,False,16,3.6um,7.36153895668633,-4.304474531711114,-6.22066707317112,-1.5416145350404116,-2.511286994963928,-2.175799899622816,1.1977246970678692,-0.839558465550931,0.42006393310447654,1.8690458885548034,4.0220476607304185,7.36153895668633,7.174787140857925,2107,395,111,3479.9730715388187,232873.1959216892,0.18467184928746405,4.5885675206971035,4.603317679094939,4.624713798612882,4.16663409460746,4.198713986655629,4.217594012781068,2.9038272227308832,2.9809684445619373,3.0050047526142776,1.7288447863076517,1.7804285130730308,1.800472875781588,1.3370629025471286,1.379854392078101,1.3991976585807822,2.938708873575811,2.9911023693206653,3.0117069285006446,7.487812495994804,232907.73721965423,232905.6800394531,-2.0571802011399996,193.20628821728363,4310.495572720869,3.3533450461795593,True,,photometry chi2/N 16.5 > 3; 16 pixels with |pull| > 4
112534-M4_112534,112534,M4_112534,0.9836999773979187,6.400000095367432,20261009,13,True,True,0.0007153149185198473,0.0,12,3828,66.25717574510396,4247.669064972773,4313.926240717878,66.25717574510396,4247.669064972773,0.0,True,5.521431312091997,1.1096314171820203,1.127234450148387,7.355371491221975,10.000000000000002,False,10,3.6um,4.4575332439792605,-2.430068542174836,-0.7625549949145721,1.006119014728825,0.8260415819116449,-1.74215303601135,-0.914417527562081,-2.4676904858898507,-2.2646587717309257,-0.5492439653718568,2.1967837565939696,4.4575332439792605,4.241375909806022,2095,131,112,3349.6352293605546,249714.31090610885,0.18144857693656333,4.601676300038377,4.621736970646129,4.7333038325927745,4.200432448932654,4.221342414503796,4.33375412134267,2.9964171327178457,3.0167740853384526,3.124955181617791,1.7933850976986505,1.8032217126915009,1.848171499723976,1.3923030232948284,1.3991311766519021,1.4183000631257079,2.996861329109986,3.0142939740897576,3.1135939757093043,5.918049073878882,249746.13320898218,249745.93160498107,-0.20160400110762566,69.66860483250969,4275.197732323131,7.208130399457337,True,,photometry chi2/N 5.5 > 3; 10 pixels with |pull| > 4
113852-M7_113852,113852,M7_113852,0.6751999855041504,39.5,20260848,13,True,True,2.6444908346670155e-05,0.0,12,3504,294.36764971481915,4025.0495265455356,4319.417176260355,294.36764971481915,4025.049526545536,4.547473508864641e-13,True,24.53063747623493,1.1487013488999815,1.2330622826892248,4.225585359919317,10.000000000000002,False,7,4.5um,10.150611331079736,-1.6517657253213873,-4.172804167404737,-1.8053644964619822,-3.8988131741202365,-3.569058950328799,0.1224870717293855,-1.5186492893558603,0.9679496852806586,2.970898842184066,5.410129806600859,9.931761071019501,10.150611331079736,2153,392,117,3122.5152434080023,228097.73917506132,0.1957854625082549,4.604033025495308,4.616294406563978,4.665341237921349,4.203020577839049,4.2151264266652655,4.261415445580789,3.000702089198901,3.0099719279044894,3.044929596541672,1.799030027281843,1.8029355662807673,1.8174913857233321,1.3981098729806567,1.4005105868743446,1.407986745312008,3.0022169814266504,3.0143183093003483,3.061133282890567,7.441132563566985,228131.96752950133,228129.5615387861,-2.4059907152259257,293.32671509204636,4057.7750455741366,4.199807115806747,True,,photometry chi2/N 24.5 > 3; 7 pixels with |pull| > 4
117010-M3_117010,117010,M3_117010,0.6765999794006348,18.299999237060547,20260944,13,True,True,0.0006011818590387211,0.0,12,3414,43.88180574353607,3922.6220471784673,3966.5038529220033,43.88180574353607,3922.6220471784677,4.547473508864641e-13,True,3.6568171452946725,1.1489812674805118,1.162175169329623,5.196518065769751,10.000000000000002,False,2,3.6um,3.344074393179703,1.9537967510232799,0.726378053749558,1.3323905557284745,-0.504077746099285,-2.3780127476090316,-0.17618655852805237,-2.3999623846149842,-1.6333722479408437,-0.761938068958707,1.4224311578942344,3.344074393179703,3.099531530577927,2177,462,113,3880.474182111151,225591.09441755665,0.26660650714935236,4.474947553988313,4.5147430976004825,4.756976092008726,3.934752162287891,3.994259274208159,4.213191801441035,2.540825055772248,2.600852455503713,2.7081476698723095,1.4657881766253957,1.5027720550426489,1.540827614206212,1.1058824309280564,1.133862692399389,1.1607564504086512,2.6602778188062755,2.7150754116609948,2.8794729200081517,7.432906519707601,225626.4248616527,225625.74124077693,-0.6836208757595159,37.710977033800205,3909.7726390431208,5.223832528621241,True,,photometry chi2/N 3.7 > 3; 2 pixels with |pull| > 4
117400-M4_117400,117400,M4_117400,0.6686999797821045,36.099998474121094,20260856,13,True,True,0.00030219387701713846,0.0,12,3366,126.76882571199391,3824.3589293266323,3951.127755038626,126.76882571199391,3824.3589293266323,0.0,True,10.564068809332825,1.136173181618132,1.1741835824780464,5.102418049964924,10.000000000000002,False,1,4.5um,6.470294530027903,-4.821313936754536,-2.5724900093635124,2.6881294367587856,0.6629347238704935,-1.9669195827704242,0.33001546771422363,-2.13345491696844,-1.361468242934855,-0.9006787531741599,0.17531932790222207,6.012566138376788,6.470294530027903,2177,506,117,3572.91072855488,219072.45725775376,0.2753341443014,4.5888186767264925,4.627670160832617,4.833663421736793,4.16884116209145,4.2049163080748855,4.384561997768867,2.907623866337476,2.948630965773018,3.04580105032688,1.728904619745296,1.7506668899109208,1.7875584779276863,1.3343536429785305,1.3511582520186387,1.3701791859835588,2.9425585358906527,2.982150061046581,3.1398905162144053,7.479507639552901,219112.73694193823,219106.07385617448,-6.663085763750132,124.96094051701223,3872.4489339417596,5.067767767115593,True,,photometry chi2/N 10.6 > 3; 1 pixels with |pull| > 4
117694-M3_117694,117694,M3_117694,0.6830999851226807,24.200000762939453,20260912,13,True,True,0.0007222090085759627,0.0,12,3508,32.80810146554842,4130.14946762372,4162.957569089268,32.80810146554842,4130.149467623719,9.094947017729282e-13,True,2.734008455462368,1.1773516156281985,1.1870423635840512,4.560173584019099,10.000000000000002,False,18,3.6um,2.9891613201775047,0.2627366009641681,-0.3202690482117406,1.0741356757988323,-1.5269079311563398,-2.2308686991322473,0.4233580303478606,-1.6691721657197574,-0.986724865680108,-0.22014829117138113,1.528398645396186,2.9891613201775047,2.985960726328275,2147,394,117,3682.2386351393866,230608.67553909522,0.21806341150493466,4.611672637660639,4.737812868272746,5.47019108104202,4.209943099818014,4.326775081312087,4.682242422527977,3.0059622201374805,3.1044698024904585,3.4121389067263586,1.7994031712488883,1.8401786728356666,1.9833699142549133,1.3969660180717487,1.417655982619419,1.4846708842677154,3.0076099299376216,3.124761333442491,3.471703969299935,7.3948951816906074,230641.15114180837,230639.00311034234,-2.1480314660293516,33.47360206905708,4118.9819792681365,4.572148628607846,True,,18 pixels with |pull| > 4
119474-M3_119474,119474,M3_119474,0.680899977684021,35.400001525878906,20260860,13,True,True,0.0005728641951399875,0.0,12,3473,122.25646294549318,3829.483944299161,3951.7404072446543,122.25646294549318,3829.483944299161,0.0,True,10.1880385787911,1.1026443836162283,1.1381740804276077,3.824956257262798,10.000000000000002,False,6,4.5um,7.251080976118597,-0.1496242816462321,-0.9962401531775695,1.1012948114410117,-1.1963926572586032,-3.688081922487186,-0.626947184480726,-2.538613103108373,-1.1460926029504725,-0.9953472054753031,0.3931703635470368,6.566643383618296,7.251080976118597,2187,390,116,3710.765957782391,226147.4960843782,0.1902539926470246,7.05288927401948,7.090142734583881,7.105856096987896,6.698051245803272,6.772558166932075,6.803984891740106,5.633537161154648,5.819804463976654,5.89837127599673,3.6117860047942743,4.302323819906295,4.952158509086041,2.3061244377021404,2.6315727652610232,3.0286663091548016,5.16750375693218,5.407360986317357,5.535534820442009,7.407727302235688,226185.9694747945,226188.9692829577,2.99980816320749,124.31583728734824,3867.7512811863157,3.7842614085648383,True,,photometry chi2/N 10.2 > 3; 6 pixels with |pull| > 4
119802-M3_119802,119802,M3_119802,0.6819999814033508,25.399999618530273,20260905,13,True,True,4.8871773147824564e-05,0.0,12,3461,193.80882756531923,4206.610971299562,4400.419798864881,193.80882756531923,4206.610971299562,0.0,True,16.15073563044327,1.2154322367233639,1.2717976297297344,4.38846256230157,10.000000000000002,False,16,4.5um,8.290103664540233,-4.296038348930799,-4.816406076905741,0.3413754829317353,-1.6183086273160205,-2.507646075171089,0.23241023672159744,-1.5976382285299433,-0.5423490162008631,0.9145128956607296,3.5054837594465478,7.640693150794849,8.290103664540233,2204,385,116,3324.408684619819,226042.4096691021,0.2308745595357596,4.604128502770511,4.614802778577975,4.671376205847028,4.201522872124419,4.211101240640028,4.266740672407648,2.9921654384818055,3.0032954325468264,3.053041556657955,1.7856426087979542,1.7945748740756602,1.8139131319225386,1.382806932444758,1.3919199513407963,1.4009450464576996,2.993233795689728,3.0055897329807433,3.061127535646508,7.401306995811068,226077.45151960527,226076.88863517108,-0.5628844341845252,194.87316009660344,4238.976335303812,4.351165882695844,True,,photometry chi2/N 16.2 > 3; 16 pixels with |pull| > 4
119809-M3_119809,119809,M3_119809,0.6801000237464905,5.699999809265137,20261011,13,True,True,0.00028446240630348904,0.0,12,3557,118.37994380454387,4263.969405744068,4382.349349548612,118.37994380454387,4263.969405744069,9.094947017729282e-13,True,9.864995317045322,1.1987544013899545,1.2323817068471912,9.76761474556841,10.000000000000002,False,8,4.5um,8.696756489398053,1.2802988172394352,-0.3643146941495967,2.1179802089769435,2.359707964823039,-0.8121781546611467,1.3572286612852154,-0.8675143237812072,-1.2115081208051663,-2.6355366726237133,-3.8669101654940268,2.073483653801158,8.696756489398053,2093,400,116,3454.3277121083647,232771.25360101098,0.28310590019691373,0.9771050960013069,2.7102218833078284,4.184551200499534,0.8750353098945383,1.93303377590694,3.230455783845253,0.5678490942299792,0.7500298761009028,1.014240917621486,0.26203511173061245,0.3480399905223385,0.447654309211498,0.16089313413650033,0.20015072273602905,0.2567958710744983,0.6981198058653225,1.1757823903842284,1.7692301146076401,7.4124016729757125,232803.6257403461,232803.28491894272,-0.3408214033697732,115.5470560507787,4225.671716831934,9.994811155214558,True,,photometry chi2/N 9.9 > 3; 8 pixels with |pull| > 4
120308-M3_120308,120308,M3_120308,0.7279000282287598,29.0,20260891,13,True,True,1.4887468248376711e-05,0.0,12,3532,127.76474249757155,4123.3199263129145,4251.084668810486,127.76474249757155,4123.3199263129145,0.0,True,10.647061874797629,1.1674178726820257,1.2039322199973055,4.068259064525605,10.000000000000002,False,10,4.5um,6.917531999560577,-1.5142560614654168,-0.9560582661226867,-0.27001303868210724,-1.9121908228228153,-3.943434652118896,-0.9855176220208779,-2.6646321216430695,-0.21773217852864674,0.9846277448473049,2.9869346680776014,6.278154978127173,6.917531999560577,2102,415,117,3205.7969264706962,230499.30146988432,0.2407081411170908,4.576906385042146,4.595837411686485,4.670937367485717,4.142679542466912,4.168709757122382,4.244612110583066,2.8534014366300595,2.8933554033387887,2.9687981354967548,1.6881338003443298,1.7149029553244648,1.744082237608894,1.2989182435070319,1.3214834208865516,1.340002282781036,2.902366345706348,2.9351479974025807,3.006509892172395,7.140808581528163,230534.2045179316,230530.12475149203,-4.079766439564992,130.09890752177103,4118.744517663899,4.079774479305236,True,,photometry chi2/N 10.6 > 3; 10 pixels with |pull| > 4
120372-M7_120372,120372,M7_120372,0.9415000081062317,19.100000381469727,20260939,13,True,True,0.0006920545527787761,0.0,12,3787,170.4089451632331,4322.925197510955,4493.334142674188,170.4089451632331,4322.925197510955,0.0,True,14.200745430269427,1.1415170841064046,1.186828880790858,5.072310929608548,10.000000000000002,False,10,B,-6.02683543027241,-3.9187187355762507,-6.02683543027241,2.2511311966507104,4.782300574032539,4.220204485110995,4.94716638882826,0.8516576318595432,-2.0040134779501586,-4.028300303940308,-3.272132367132585,2.338154880747157,3.371180676918165,2133,129,117,3827.5386901946144,246858.59708791444,0.30980253169005284,5.720005641172915,5.747887593978148,5.777116841054965,5.343770673594594,5.399534579205058,5.457993073358693,4.321535581603609,4.3965892876292205,4.489077715406042,3.3310934353095734,3.4209136011596577,3.5007306721033222,2.99038427343623,3.0899722611563236,3.1718564536825005,4.257810454804243,4.343553209979422,4.442353832792872,6.096240608751237,246903.53743240493,246892.8190857634,-10.718346641544485,170.50014060753793,4314.226298103276,5.106603292898761,True,,photometry chi2/N 14.2 > 3; 10 pixels with |pull| > 4
120488-M7_120488,120488,M7_120488,0.9334999918937683,13.600000381469727,20260967,13,True,True,6.994443242705459e-05,0.0,12,3802,99.9113418823333,4086.7446268266194,4186.655968708953,99.9113418823333,4086.744626826619,4.547473508864641e-13,True,8.325945156861108,1.0748933789654445,1.1014617123675225,5.592346477656207,10.000000000000002,False,2,B,-4.726108827639537,-2.3438097392918085,-4.726108827639537,1.1594915685751779,4.142453996474878,3.6516632909549394,4.517832223835936,1.0018909093929071,-1.0164709801221905,-2.843759350893541,-2.909406817196371,-0.31433609437870186,1.069847387326253,2121,126,117,3649.1374376901053,250717.16796552634,0.35994968623888535,4.589820411730565,4.840290089321186,5.59666605326603,4.134392071642197,4.372050119890816,5.062364626159678,2.7968914475453506,2.9367255881078735,3.604621299381972,1.6365596044394968,1.6952447681714058,1.9583503317355406,1.244368233010864,1.2825174063614413,1.3620505519188952,2.8671229336523005,3.035776881423133,3.5327504299341204,6.13096748037238,250756.0242694157,250754.56699381335,-1.4572756023553666,101.93961247659404,4097.831806817152,5.57905103141332,True,,photometry chi2/N 8.3 > 3; 2 pixels with |pull| > 4
120540-M3_120540,120540,M3_120540,0.9553999900817871,15.100000381469727,20260958,13,True,True,0.0005782452051882018,0.0,12,3813,181.54590084788987,4084.35369493312,4265.89959578101,181.54590084788987,4084.35369493312,0.0,True,15.12882507065749,1.071165406486525,1.1190712475815872,5.540838370554059,10.000000000000002,False,0,B,-6.55367398189607,-5.15878037317256,-6.55367398189607,0.761365425000648,4.604371414149739,5.434436239242893,6.121076160194069,3.0983147041297268,1.1991132869141252,-2.1073916056955233,-2.378572921441104,-1.1760548912258841,-0.8260865032997644,2105,131,117,3618.7386103903596,251246.56666221964,0.16106673403397354,4.5290154639143445,4.557418971245305,4.627071029106276,4.047171002089535,4.094219039129106,4.164063410151614,2.6859379793835583,2.7509184500971826,2.8241296312673074,1.5662958438402164,1.6073901947363856,1.6550238062646114,1.1887657438019006,1.2254983361828957,1.266395378737487,2.770341609781598,2.8253719357192226,2.8877605057731968,6.036629876433819,251288.09729261717,251285.21030778982,-2.8869848273461685,183.14967334931384,4110.410070087596,5.5029262491967135,True,,photometry chi2/N 15.1 > 3
120758-M7_120758,120758,M7_120758,0.9365000128746033,9.800000190734863,20260989,13,True,True,0.000284504513659688,0.0,12,3772,122.90552557399303,3921.8731354140464,4044.7786609880395,122.90552557399303,3921.8731354140464,0.0,True,10.242127131166086,1.0397330687736073,1.0726010768995067,6.161635957563844,10.000000000000002,False,1,B,-5.117179178884243,-3.9386324167966724,-5.117179178884243,1.866470817146573,4.055387319624167,4.448579793927296,4.870451747096079,1.1576612896189815,-0.7843392138267947,-2.7312565496590646,-2.8063460893661816,-0.6856002183276609,0.07334471236035228,2148,129,117,3421.5667887291906,250423.28973967955,0.226670149847942,4.798318141201471,5.276904829861589,5.556881315474009,4.404780061846188,4.741869507425295,4.996667956652985,3.1945590017655916,3.5669367517486132,3.792664635216185,1.8742670087831503,2.101837834114236,2.3742292365673654,1.4340614433135488,1.5454131254008243,1.6781892569295764,3.186817887393224,3.4994324233759464,3.6983140718529603,6.117908691033368,250458.31047686256,250457.40095843413,-0.9095184284378774,124.6779970511811,3916.3660965393847,6.168510972276016,True,,photometry chi2/N 10.2 > 3; 1 pixels with |pull| > 4
121482-M7_121482,121482,M7_121482,0.9359999895095825,7.300000190734863,20261001,13,True,True,0.00022467616416410154,0.0,12,3818,76.79846534973404,4374.496550748472,4451.295016098206,76.79846534973404,4374.496550748472,0.0,True,6.399872112477837,1.145756037388285,1.1661763206964124,6.87042036081023,10.000000000000002,False,3,B,-5.097570474685514,-3.3242701815098323,-5.097570474685514,0.0014441077314276505,2.796055954006196,2.830226942974856,3.8785723959057288,1.3211114602204912,-0.6897472674924972,-1.804430301165329,-1.5118984877762796,-1.0493993757476174,0.16400433228187147,2101,130,117,3786.17796950635,252852.07365224522,0.15202092456195213,4.790021555329161,5.605476332829612,5.823612162178943,4.3819728179071475,5.090870443604088,5.52714210230275,3.1534242381948485,3.8714256616651346,4.410407741037361,1.8601678367138856,2.3304973201804495,3.0565392290465527,1.4264613781143896,1.6616479126402592,2.0684124955642256,3.1460349996520396,3.774038050103446,4.187679454125594,6.120082222055136,252886.49161952623,252886.17822211314,-0.3133974130905699,83.16998889847129,4363.247675221626,6.874988062138529,True,,photometry chi2/N 6.4 > 3; 3 pixels with |pull| > 4
122025-M7_122025,122025,M7_122025,0.7476999759674072,14.0,20260965,13,True,True,0.0010482094272070467,0.0,12,3778,87.51207372146754,4425.456304701083,4512.968378422551,87.51207372146754,4425.456304701082,9.094947017729282e-13,True,7.292672810122295,1.1713754115143153,1.1948552762569633,5.935347234893717,10.000000000000002,False,5,B,-6.3737724928029875,-3.641559073782036,-6.3737724928029875,2.4118570342080003,3.4766896395739475,1.9043054497965064,2.7700630825997803,-0.3790795066616085,-0.8542200746093366,-1.4673669410768588,-0.2962007931064674,0.5870720415532176,0.9813990384715827,2154,117,117,3344.1869522564657,249367.49177218584,0.25739643552065905,4.603065228590137,4.616042092178997,4.670258142764966,4.202036587922816,4.214068834913747,4.266066522171433,2.9967305189050766,3.007365414507637,3.048957044483109,1.794115063799787,1.7999395511071654,1.8156114553998755,1.3932103054281615,1.3976754430712086,1.404765829067732,2.9986810528402716,3.010313466637857,3.0586169421190923,7.032754432448989,249404.0682800452,249400.19892419028,-3.869355854927562,92.26264099557216,4411.525810401265,5.957583810468381,True,,photometry chi2/N 7.3 > 3; 5 pixels with |pull| > 4
122242-M7_122242,122242,M7_122242,0.6032000184059143,26.0,20260903,13,True,True,0.0006667332487697985,0.0,12,3516,77.72246153369495,3980.209258818625,4057.93172035232,77.72246153369495,3980.209258818624,9.094947017729282e-13,True,6.4768717944745795,1.1320276617800413,1.1544613713662362,4.187654462105897,10.000000000000002,False,2,4.5um,5.079700714320881,-1.3617680600282478,-1.2299283996017496,2.436163973891982,-0.8593497432024105,-2.9044942032843712,-0.36591826350451345,-2.310022671131586,-1.1779263842605336,-0.23853395236502384,0.9836978401053615,5.05572262222871,5.079700714320881,2146,387,117,3282.4941059785892,231548.6741207405,0.3120024650763977,4.602236930605384,4.623442415188304,4.7150823030660245,4.194582803599342,4.215462756908412,4.301124859946162,2.9573656209017263,3.0017612288081574,3.072681985586283,1.7606380864658844,1.794502829104212,1.8208271995610352,1.3600878043306226,1.3914625821988438,1.4036730975106209,2.9808060117505555,3.0101001735040165,3.102892220704098,7.883613130496819,231584.4964184806,231580.8091898615,-3.6872286190919112,79.70401616976585,4004.3059415396074,4.170379897565628,True,,photometry chi2/N 6.5 > 3; 2 pixels with |pull| > 4
123161-M4_123161,123161,M4_123161,0.7994999885559082,21.0,20260929,13,True,True,8.272453040234866e-05,0.0,12,3621,36.72355316234673,4176.469191752983,4213.192744915329,36.72355316234673,4176.469191752983,0.0,True,3.0602960968622277,1.1534021518235247,1.163865399147881,5.620637230532485,10.000000000000002,False,0,V,2.6061679863261578,1.971533183529683,-0.6396675201666796,2.6061679863261578,1.0580861767661536,-1.8731032317270853,0.22347364475290873,-2.1775002269757193,-1.4485487009356288,-1.8092322870403212,0.24577693735567735,2.072277613620646,2.547441571151599,2134,295,116,3944.659999894857,237909.24562305998,0.2762541416068296,6.269549622009248,6.393699362954131,6.45328093966429,5.777423069709864,6.02572255159963,6.144885705019948,3.737312909594074,4.686635019514222,5.219700001086922,1.6315806032716935,1.7996372247374604,1.9562210575480097,1.0613689586103667,1.1037976806400984,1.1526573192012206,3.726328262401132,4.0025371130631475,4.270054381738226,6.761676174308632,237949.68697305405,237951.98970983233,2.302736778277904,35.2224133535468,4112.345756300427,5.704964222725229,True,,photometry chi2/N 3.1 > 3
124231-M4_124231,124231,M4_124231,0.6771000027656555,34.5,20260867,13,True,True,0.0003002414001628976,0.0,12,3566,103.60236116563298,4359.680371720715,4463.282732886348,103.60236116563298,4359.680371720715,0.0,True,8.633530097136083,1.22256880867098,1.2519727160971523,4.04961014795562,10.000000000000002,False,26,4.5um,6.114881824989117,-2.6751878093026344,0.3811806229311672,2.3324573422702026,-0.9819094940491411,-3.053774355988402,-0.08505774135559478,-2.178796748857051,-1.4666292875347584,-0.7909270179426514,1.221316380931366,5.8443169673720226,6.114881824989117,2092,394,114,3613.822542521472,231689.45500466364,0.3006500815978296,4.570113739706328,4.583251719889159,4.616279999758735,4.131693185471059,4.1511178327530995,4.183212926486531,2.834371392456643,2.866545439637149,2.9068142696556833,1.6762491561303947,1.6967544528550218,1.7237240472883548,1.2900558589312632,1.3075319875489444,1.3285842831859418,2.8872499973788255,2.9135959316853337,2.950588314281759,7.429971859582028,231728.30021413896,231726.7276064371,-1.5726077018480282,103.3508954226986,4339.074859481703,4.071037567732132,True,,photometry chi2/N 8.6 > 3; 26 pixels with |pull| > 4
124875-M7_124875,124875,M7_124875,0.6025999784469604,31.5,20260876,13,True,True,0.00029703142134529433,0.0,12,3490,30.512722705615015,3972.3133548933974,4002.8260775990125,30.512722705615015,3972.3133548933974,0.0,True,2.5427268921345845,1.138198669023896,1.1472703002576705,3.89437890729042,10.000000000000002,False,7,4.5um,3.1115376394083545,-0.16275245729169172,-1.1622172159144244,1.5264465556750515,-0.876129907676748,-2.3421504153092574,0.323998966333448,-1.4467716182320796,-0.6497822603011679,-0.19602050317297465,0.4680431132519216,2.827132630353708,3.1115376394083545,2186,373,117,3702.906938749217,229775.12741261962,0.2574229613287262,4.554784408815574,4.579579117107303,4.707153657157917,4.098575720394313,4.131186129177075,4.23818333830177,2.769432386227421,2.8124156770097017,2.888175190275096,1.6310438272140986,1.655595275345259,1.6883895603258214,1.250075342061941,1.269927266118919,1.292821952000182,2.8429991859114745,2.8823952387658256,2.983712523124052,7.887466968953359,229811.65387206228,229803.28014829318,-8.373723769094795,31.60148749121487,3961.435547178814,3.9175016948449803,True,,7 pixels with |pull| > 4
125213-M4_125213,125213,M4_125213,0.6772000193595886,27.899999618530273,20260897,13,True,True,0.0009308481388004006,0.0,12,3458,128.87605028443267,4119.5388329559955,4248.414883240428,128.87605028443267,4119.538832955996,9.094947017729282e-13,True,10.739670857036055,1.1913067764476564,1.2289311204050992,3.844161176762955,10.000000000000002,False,6,4.5um,7.186449967378341,-0.2054872790557674,-1.8186959200694426,0.41180242733535066,-1.6359704749762451,-2.813486282883454,-0.4187756617489242,-2.665437534062277,-1.3269471010201925,-0.09716955145940903,2.0596842773760766,7.058821532322142,7.186449967378341,2138,453,117,3693.1459160210725,226654.2925635451,0.25462875308354144,4.602563612366965,4.614189602515737,4.652227445347708,4.200773385796031,4.211211923625473,4.248358578529834,2.99219953909845,3.00546646686765,3.0346326867299993,1.7912383328224046,1.7998185264367974,1.8113235449186882,1.390194681922222,1.3982239628306283,1.403905452665319,2.997189714965752,3.0092992640011103,3.0467771412387052,7.429385069801717,226688.71256367548,226685.58986753967,-3.12269613580429,130.94195618699814,4101.589946547747,3.871511382934019,True,,photometry chi2/N 10.7 > 3; 6 pixels with |pull| > 4
126153-M1_126153,126153,M1_126153,0.6822999715805054,10.300000190734863,20260987,13,True,True,7.004291159701175e-05,0.0,12,3493,34.51130168731008,4071.7857116604114,4106.297013347721,34.51130168731008,4071.785711660411,4.547473508864641e-13,True,2.87594180727584,1.165698743676041,1.175915525013666,6.628042336611818,10.000000000000002,False,7,V,3.216548950768987,1.2425118064506953,-0.6734486692228432,3.216548950768987,2.517225752047941,-0.25868249811195465,0.8097301582042294,-1.0509002191925874,-0.8077934555613553,-1.890284690286116,-1.7331608344904545,1.1388681249620065,2.3404649009370813,2185,378,110,3583.0807660712912,231033.15572619325,0.18913637419970847,5.972120470648225,6.976378761461117,7.055596383273761,4.759526933648283,6.553199982119546,6.711635225744834,2.755921149211258,5.283663644094833,5.679751753158053,1.4680243142810596,1.858328264807156,2.1464763237493756,1.0106021705834014,1.1117087318900356,1.2330634485141247,3.11243645214445,4.415815931284861,4.8446437970892955,7.399557540802688,231067.4039055436,231064.39322297732,-3.0106825662660412,35.1032507768555,4082.9546496804137,6.606256639436221,True,,7 pixels with |pull| > 4
126578-M1_126578,126578,M1_126578,0.7504000067710876,15.100000381469727,20260957,13,True,True,0.0006081019775498837,0.0,12,3545,143.37968970400215,4133.538757646791,4276.918447350793,143.37968970400215,4133.538757646791,0.0,True,11.948307475333513,1.1660193956690525,1.2068054309680567,6.051803730996936,10.000000000000002,False,9,4.5um,7.875838325011432,-0.3979638905004269,-0.25862532016777506,1.5949986184514064,-0.9559718093467948,-3.592194332010658,-0.9453082206240019,-2.7296674977914037,-1.425539372115237,-0.4603233322538757,1.6932086845765266,7.162969164681675,7.875838325011432,2084,420,117,3749.0848267003744,229956.32744049502,0.18365241289812348,6.464170728066883,6.65230148234458,6.7755376406414465,5.910127074138145,6.2863885826935375,6.5328608992872725,4.367895830538644,5.18864988374041,5.804830675224746,2.7717970947958346,3.491056544490739,5.076800451162221,1.8084999272421358,2.730035014737714,3.3959478014344504,4.326854528961,4.809341348676615,5.455183712542945,7.018214381995622,229990.56812509228,229990.25803243605,-0.3100926562328823,141.2234533899191,4156.215549176285,6.005093594171679,True,,photometry chi2/N 11.9 > 3; 9 pixels with |pull| > 4
127946-M5_127946,127946,M5_127946,0.9387000203132629,5.900000095367432,20261010,13,True,True,0.0002035729739635881,0.0,12,3770,27.277436799904905,3785.8012397635457,3813.0786765634507,27.277436799904905,3785.8012397635457,0.0,True,2.2731197333254087,1.0041913102821076,1.0116950587857392,8.786091090713478,10.000000000000002,False,2,V,2.5816358254923597,1.7294618840086007,0.03322521877782388,2.5816358254923597,1.6272464639317459,-0.5126133687286233,0.15752058988286355,-2.0480531980807832,-1.0676534205523451,-1.804810395798534,-0.886388189674461,1.6628962417705266,1.5944530277075375,2157,130,109,4135.097406743562,247073.58191193562,0.22403492733830233,5.910338737387054,5.93746341229107,5.9561153498812045,5.712317589024319,5.766566938832351,5.803870814012619,5.118254143936113,5.253877518456193,5.347137206406863,1.6750207802534594,1.9878704461523724,2.559783170108507,0.9156802299531672,1.005887796835227,1.1922801578551132,4.008208814135444,4.24494136178965,4.530902501419187,6.108359885749789,247109.99299743073,247110.9755900511,0.9825926203629933,24.08034337619732,3797.786224723861,8.704934468162524,True,,2 pixels with |pull| > 4
128311-M5_128311,128311,M5_128311,0.7303000092506409,26.0,20260902,13,True,True,0.0003092214884614272,0.0,12,3681,118.24362291922495,4127.222196447377,4245.465819366603,118.24362291922495,4127.222196447376,1.8189894035458565e-12,True,9.853635243268746,1.1212230905860847,1.1536591900452724,4.5714859109242845,10.000000000000002,False,2,3.6um,6.723294823507333,1.6277337433330277,1.018183447198073,1.4046195798943681,-0.7207099221316503,-2.529870764517433,-0.8651131644934934,-3.0001801664868313,-1.9056440405205843,-0.8738754319577835,1.1916428448509875,6.723294823507333,6.7005550482518395,2118,250,117,4321.981869621763,240839.47142055546,0.2844939167394249,6.191127961513991,6.456239160945618,6.604068822366683,5.254680005367137,5.784902404230392,6.080561727072524,3.7125040649335945,3.994861413560545,4.363709714942631,2.0816360678492893,2.24083230421056,2.4049460930012767,1.5260274832795293,1.587218505315483,1.6563457899887626,3.7737566191276644,3.9985270229988106,4.2384046821120975,7.1275759176608435,240877.29515571846,240877.05170069187,-0.24345502658979967,109.29286895602523,4195.596721651402,4.491169795385766,True,,photometry chi2/N 9.9 > 3; 2 pixels with |pull| > 4
129596-M2_129596,129596,M2_129596,0.6955999732017517,18.600000381469727,20260943,13,True,True,5.7650343337694306e-05,0.0,12,3563,87.32980881207533,3738.0209526825965,3825.350761494672,87.32980881207533,3738.020952682596,4.547473508864641e-13,True,7.277484067672944,1.0491217941854045,1.0739333973876115,3.6387360798385378,10.000000000000002,False,0,4.5um,5.354209022337671,-0.19392899201431243,-0.8275525934931727,-0.7738849346137792,-2.3972168186889515,-3.4790430992462427,-0.4633306388949023,-2.307436161055566,-0.5207223487771394,0.9457186204883622,3.0473897714819036,4.847624030671053,5.354209022337671,2076,412,115,3851.131854255343,236090.55683812825,0.26026714962120767,4.621165125358641,5.886769798849925,6.584222021393878,4.217400215031828,4.830943543896826,5.84581789962523,3.009192577033903,3.509206457407452,3.946353394055463,1.800035379719654,2.0024375846230273,2.1854101629669116,1.3967117501052173,1.4809599841149983,1.5609888719434473,3.01634669592002,3.5725102339226478,3.997532205372877,7.322626143162527,236123.71452488913,236125.79718048958,2.082655600446742,83.65950815849816,3744.856385356508,3.6217451279325727,True,,photometry chi2/N 7.3 > 3
130005-M2_130005,130005,M2_130005,0.8341000080108643,18.200000762939453,20260945,13,True,True,0.0008684114250634471,0.0,12,3369,94.3284708400258,3747.0850894830555,3841.413560323081,94.3284708400258,3747.0850894830555,0.0,True,7.860705903335483,1.1122247223161341,1.1405622209985395,5.360314090621151,10.000000000000002,False,6,4.5um,6.3247781525979745,0.336523963427161,0.5888241524627282,1.5256838770719834,-0.9050047977479863,-2.834266400129776,-1.1623444347031633,-2.363037671126804,-0.7988312591380036,-0.8333621950775545,0.6253417275598028,5.833284758291364,6.3247781525979745,2240,446,111,3916.4089309515157,219185.87803947332,0.2834058070719016,6.264700869607702,6.361167437389743,6.385730634118009,5.9399134858291385,6.13284662139322,6.181973014849753,4.9261642820907525,5.447884173403654,5.570700157044983,2.597410922128678,2.8616371818660093,3.3739483111549973,1.4602910892199803,1.5861344424942112,1.719232445304283,4.313280002432676,4.765534236535554,4.940299020056519,6.589488253386265,219221.20279696,219221.61018291122,0.407385951228207,92.85521187676062,3739.319650499331,5.373984501977365,True,,photometry chi2/N 7.9 > 3; 6 pixels with |pull| > 4
130052-M1_130052,130052,M1_130052,0.6040999889373779,44.29999923706055,20260839,13,True,True,0.0010547959033396779,0.0,12,3590,84.4316288666734,3678.2147770007514,3762.6464058674246,84.4316288666734,3678.2147770007514,0.0,True,7.035969072222784,1.0245723612815463,1.0483829495311854,2.6461912498620994,10.000000000000002,False,0,4.5um,5.649328163002384,-2.907272604159385,-2.1685105902858233,1.6245629400348982,-0.8536219902138518,-2.5570577848493454,0.0630551604255324,-1.7071204858885085,-0.7827946539812706,-0.38372282818434084,0.8116012066047151,5.011854420332233,5.649328163002384,2068,391,117,3046.6012191135746,234625.26483008577,0.28230741968925377,7.565374312523428,7.578606315480612,7.584020104186091,7.252910337788173,7.2793743437025435,7.2902019211135,6.315518413582413,6.381678428368335,6.408747371895727,5.37812648937665,5.483982513034128,5.527292822677953,5.065662514641398,5.18475054125606,5.233474639605363,6.14684141961821,6.271914935630626,6.334304158092974,7.877838287258681,234662.09011877803,234656.1493903061,-5.9407284719345625,77.73218782667982,3691.815266443397,2.64716504644192,True,,photometry chi2/N 7.0 > 3
133240-M1_133240,133240,M1_133240,0.7282000184059143,11.399999618530273,20260982,13,True,True,0.00041880654982680683,0.0,12,3560,30.85256895535204,3833.106982027067,3863.959550982419,30.85256895535204,3833.1069820270673,4.547473508864641e-13,True,2.5710474129460033,1.0767154443896254,1.0856868645637592,3.958111507266963,10.000000000000002,False,0,B,-2.8552833293862014,-2.1347983326167324,-2.8552833293862014,2.181283577220883,1.703058884575756,0.07291320489619821,1.1691016797937892,-1.689328428926985,-1.1436644893214571,-1.1454918952983122,0.3527232274927986,0.9806593169323269,1.597492536257433,2097,392,117,3519.0256190086875,236708.77224853364,0.19742592422213723,4.609567384484172,4.6792385580583975,5.24271330681161,4.2075091642964875,4.273012092468292,4.611805041257378,3.0019038041663397,3.0523450510264407,3.3204304168509484,1.7974203383465381,1.8176783557753238,1.939997395768918,1.3958471015626346,1.4055982411138084,1.4666281568655517,3.0036436173519183,3.067199225529903,3.3753306640002285,7.139152479217794,236743.12382958614,236740.9974814169,-2.126348169229459,32.218012619661636,3862.6959358415907,3.856582507849345,True,,
133501-M2_133501,133501,M2_133501,0.729200005531311,57.70000076293945,20260834,13,True,True,7.923951928940899e-05,0.0,12,3582,105.76349667431606,3850.262328098119,3956.025824772435,105.76349667431606,3850.262328098119,0.0,True,8.813624722859672,1.074891772221697,1.104726563745444,4.715491094936543,10.000000000000002,False,12,4.5um,6.100168423052123,-2.0839224739978754,-4.175467770774857,0.42377200844535795,-1.0002183218116498,-2.137550771629943,0.5001727800825817,-1.3378784199441214,-0.628508618095717,0.016712620158638,2.314799731970951,5.764663348736152,6.100168423052123,2045,422,117,3181.383729136269,233032.42450902893,0.18629885762629106,4.459524673006423,4.47610247626452,4.498680440253764,3.9127343924011697,3.9380234236560847,3.9671980375305296,2.5228475061496454,2.549523121889701,2.576636266977531,1.4562362123184849,1.4765688194521895,1.4946611971732524,1.0991861472591935,1.1184768211391287,1.1343686247316411,2.640709259748832,2.66320072250992,2.690767178950275,7.133636282496739,233070.09984614936,233062.83854210298,-7.261304046376608,103.19107551173192,3850.495454651386,4.730975552119755,True,,photometry chi2/N 8.8 > 3; 12 pixels with |pull| > 4
134021-M2_134021,134021,M2_134021,0.7493000030517578,25.799999237060547,20260904,13,True,True,0.0012212747537913194,0.0,12,3558,102.60811585060779,3748.449927854257,3851.0580437048648,102.60811585060779,3748.4499278542576,4.547473508864641e-13,True,8.550676320883982,1.0535272422299766,1.0826702400069903,4.173432831706041,10.000000000000002,False,1,4.5um,6.359296777117598,-0.3683671479510662,-1.3314718058567252,0.9343302327530402,-1.2243099628720917,-3.1543778190643783,-0.9605294590883778,-2.5706458731339348,-1.222767864334591,-0.06681025129897213,2.7990356423372553,5.574215558946345,6.359296777117598,2069,422,117,3714.128065420704,234251.51192032217,0.3106197900925615,4.3945272545115355,4.436547046761584,4.565671582633268,3.7661537094833175,3.8374612005123296,3.956412800671077,2.3896208655678675,2.442209285753723,2.511150666655117,1.3598703902414335,1.3931936680162247,1.4348707419000741,1.0138142662878777,1.044512830173716,1.0711921018671344,2.523852976414336,2.5749659014282713,2.658480515246075,7.024132474629481,234290.48280846476,234287.00614143637,-3.476667028386146,101.93385581804145,3767.57979899528,4.150670797669965,True,,photometry chi2/N 8.6 > 3; 1 pixels with |pull| > 4
134391-M2_134391,134391,M2_134391,0.6834999918937683,44.599998474121094,20260838,13,True,True,0.00043632144976694383,0.0,12,3567,234.96080372516633,4054.539149240684,4289.49995296585,234.96080372516633,4054.539149240684,0.0,True,19.580066977097193,1.136680445539861,1.2028883771637269,2.9014616165010545,10.000000000000002,False,5,4.5um,8.339300374106276,-2.9375039182967115,-5.854355756841094,-1.716545088344255,-3.318771148270193,-2.6619292497471365,0.48837542359165165,-0.6551508637781523,1.135015264639296,2.915384188480547,5.079532254121214,8.075315495113461,8.339300374106276,2071,411,117,3294.709630322543,233513.94928043545,0.27286151067468545,4.602178071829396,4.608035572690348,4.629270207141885,4.200186418696951,4.206361396444272,4.225877075173237,2.992665242061736,3.0007794318470604,3.016771905097812,1.790106277366507,1.7957448654691306,1.80314566399269,1.3887772208554618,1.3943000584227057,1.3992695373475421,2.995362087586984,3.002802390539987,3.0227073411204395,7.392565684145125,233552.2073324133,233547.23509415518,-4.972238258109428,233.33640394192616,4060.371836956963,2.9012635713885357,True,,photometry chi2/N 19.6 > 3; 5 pixels with |pull| > 4
139423-M1_139423,139423,M1_139423,0.7494999766349792,28.100000381469727,20260896,13,True,True,7.966041554914165e-05,0.0,12,3456,47.04653012127052,3971.646933352824,4018.6934634740946,47.04653012127052,3971.646933352825,9.094947017729282e-13,True,3.9205441767725433,1.1492033950673681,1.1631529561430085,5.906129505794288,10.000000000000002,False,16,4.5um,3.7763720487081525,-1.067346563212162,-2.3450291420280105,2.42986766829035,-0.02770549400942887,-2.1354014269393744,0.012106611691779243,-1.7229068457617864,-1.0409114269895854,-0.9265114690897036,1.159470144085905,3.0703980993725786,3.7763720487081525,2207,386,117,3632.741373062763,226817.0396276142,0.29801683082715924,3.9586230792942083,4.128559924933505,4.31359877225092,2.9550634109554563,3.1583243182134115,3.414098701987649,2.024549767587491,2.1013642015165477,2.1699395320900714,1.0937560795956416,1.1445821319432858,1.1914208592001867,0.7113821929119869,0.7511281029396898,0.7964036572719182,2.162879425845932,2.2506138774059394,2.3459193743733975,7.023056033029789,226853.85780009272,226855.95894804,2.1011479472799692,47.49552449708294,3971.9622431480025,5.895871961358516,True,,photometry chi2/N 3.9 > 3; 16 pixels with |pull| > 4
139662-M2_139662,139662,M2_139662,0.6705999970436096,17.299999237060547,20260949,13,True,True,1.369977234916137e-06,0.0,12,3430,46.4822435348468,9209.158489421254,9255.6407329561,46.4822435348468,9209.158489421254,0.0,True,3.8735202945705667,2.6848858569741263,2.6992244773858562,9.997890051764283,10.000000000000002,True,82,V,4.576290225264002,-0.665272959898415,0.6476935053608198,4.576290225264002,2.487033263751082,-0.645036729256058,0.9673967898433219,-1.0720587625341367,-1.2724643414174828,-2.4822347456878977,-2.1929432367206503,0.7613124930864055,1.6798486122370369,2099,520,117,3663.35047189035,222329.40737424293,0.24569063958383602,7.1134736192636305,7.146964161286418,7.161935210062126,6.75868818257293,6.825669266618502,6.855611364169918,5.6943318725008245,5.861784582614755,5.936639826493296,2.569276829884787,2.9322616523169622,5.017668288816672,1.4169034122649344,1.5729387184456027,1.7934497043933502,5.006765243924458,5.206391123805702,5.371879463779227,7.4682590559543325,222370.73950559364,222370.73659822912,-0.0029073645127937198,44.467391815814736,9206.476017278997,9.99973304441362,True,,photometry chi2/N 3.9 > 3; spectrum chi2/N 2.68 > 1.5; calibration floor at prior bound (10.0% of 10%); 82 pixels with |pull| > 4
143127-M7_143127,143127,M7_143127,0.696399986743927,12.199999809265137,20260980,13,True,True,0.00027438608098292067,0.0,12,3537,39.850684416827235,4257.8693295108715,4297.720013927698,39.850684416827235,4257.8693295108715,0.0,True,3.320890368068936,1.2038081225645665,1.215418555975028,7.511645326959732,10.000000000000002,False,12,3.6um,3.838008572975744,-0.363971856769575,-0.31064176312448377,0.6953361574509325,-0.3906231956450078,-2.582396212897136,-0.23565016935135233,-1.9841959424226556,-0.9679400662050848,-0.26529457088446934,1.5565523314924363,3.838008572975744,3.1880782389759927,2106,406,117,3371.6897607780916,231463.35293075338,0.257820935555446,4.615879888036652,4.925172094990046,6.501698885816358,4.214407253515352,4.511688382230773,5.685360133618525,3.006683436738958,3.253576022525303,3.9046549841665423,1.7981406525694543,1.8951560858819616,2.2664984923355083,1.3959239297394972,1.4394969895359782,1.6211288387196061,3.0108211837094707,3.2901099074269506,3.980855205183462,7.318037638014192,231492.97588722908,231491.81458330541,-1.1613039236690383,39.184192467418185,4272.95347349232,7.4799159545796385,True,,photometry chi2/N 3.3 > 3; 12 pixels with |pull| > 4
145276-M8_145276,145276,M8_145276,0.7505519986152649,17.200000762939453,20260950,13,True,True,0.00013065237305924458,0.0,12,3516,21.54055902420924,3870.6235345520063,3892.1640935762157,21.54055902420924,3870.6235345520063,0.0,True,1.79504658535077,1.1008599358794102,1.1073013068495634,4.077893103288503,10.000000000000002,False,7,3.6um,2.566052592645266,-0.0956844637326135,0.08239519757772791,1.0897637195917194,-0.4026428643265724,-1.838699350058831,0.5171424583514542,-1.8422053144011301,-1.1110038174894918,-0.5799747878688999,1.4174356139171524,2.566052592645266,1.7229295954529833,2125,409,116,3610.7935554276755,231300.547664079,0.28424758001040784,4.579153583283591,4.599638765604383,4.648650777149687,4.147891406725631,4.186073308258372,4.228949048343884,2.8600739296187974,2.9361648238569584,2.9986614985807787,1.69390676349338,1.7429417024931153,1.789081992018121,1.305471773581802,1.3462572319958435,1.3837340976124735,2.9089597579911812,2.963464826153462,3.0068749164177437,7.017397258727294,231333.1674924079,231333.14663247362,-0.020859934273175895,21.721883149901466,3888.8275054833684,4.042636672820826,True,,7 pixels with |pull| > 4
146213-M7_146213,146213,M7_146213,0.6875,19.200000762939453,20260936,13,True,True,0.00039740603946526964,0.0,12,3557,39.06560799250311,3970.2592325729884,4009.3248405654913,39.06560799250311,3970.259232572989,4.547473508864641e-13,True,3.2554673327085926,1.1161819602398055,1.1274816761995194,5.193459748377155,10.000000000000002,False,3,3.6um,3.085071215820664,-1.1536347831097593,-2.484785345700547,0.24830848458838006,-1.3461292812788508,-2.0526087576641214,0.5100549315957176,-1.4851446992907877,-0.745637654367778,-0.003396079611946889,1.8585591598955649,3.085071215820664,3.0789524670670927,2092,400,117,3603.368720437639,233596.16097015448,0.18333870044690262,4.6054107393781525,4.641311161020165,4.831287976680611,4.201365754562394,4.235837013522181,4.418609268968594,2.988304428262792,3.018680444702629,3.1783193318872227,1.7776714774684141,1.7961269438463554,1.8557646976915654,1.3725566361318036,1.3888779136369886,1.4137162549083249,2.9917279695583905,3.027474591129768,3.2054510593114602,7.36933256656468,233630.11821501591,233625.59378273596,-4.524432279955363,38.12390777452299,4001.245843948094,5.149834562616927,True,,photometry chi2/N 3.3 > 3; 3 pixels with |pull| > 4
147270-M7_147270,147270,M7_147270,0.8472999930381775,20.799999237060547,20260930,13,True,True,0.0003100211100140861,0.0,12,3843,78.01310719056282,4245.996218978642,4324.0093261692045,78.01310719056282,4245.996218978642,0.0,True,6.501092265880235,1.1048650062395633,1.1254579193568985,4.466368816528666,10.000000000000002,False,1,4.5um,4.506036557511808,-1.6679267973018888,-3.6224469840950353,1.452545528884563,1.6575983456131589,0.6223020838520962,1.2204757626402387,-1.6351259225980197,-2.662450289141262,-2.698016393647498,-0.06805270853871946,4.245479485657837,4.506036557511808,2084,123,116,4084.926359439403,252616.0152989183,0.21093607490672986,6.09665312285701,6.117374879932527,6.1448837881220815,5.667723799751688,5.70916731390272,5.764185130281831,4.477622689431077,4.544198967047956,4.638211774218915,3.3901587038906227,3.45953149780541,3.5499272143742,3.018707976423974,3.0966455073983017,3.1877828242940347,4.439130256778155,4.5122009762995,4.601492830655524,6.525582445962333,252654.4444544497,252657.7433979622,3.2989435124909505,81.09416921927539,4241.007478431742,4.458822043720934,True,,photometry chi2/N 6.5 > 3; 1 pixels with |pull| > 4
147539-M8_147539,147539,M8_147539,0.6958330273628235,30.5,20260884,13,True,True,0.00012898905529329407,0.0,12,3558,84.70296424303928,4241.08719771589,4325.790161958929,84.70296424303928,4241.08719771589,0.0,True,7.058580353586606,1.1919862837874902,1.2161344284393953,3.6809658084187418,10.000000000000002,False,8,3.6um,4.823913969117628,-3.129410049913919,-3.8407184363703393,-0.35626426668921934,-1.0448966975037008,-2.1139798173129023,0.33474287156871607,-1.7450991578818653,-0.5161034190888866,0.4430103164614403,2.455577693724015,4.823913969117628,4.642299251332927,2084,407,117,3849.378401738224,234014.67466305287,0.23337853455286225,6.309728642500464,6.495303912160405,6.686307260343689,5.298168286004856,5.669318825324735,6.0513255216913056,3.6482161620692852,3.8890313270073804,4.154556891942782,2.0491843204321563,2.192595352589129,2.3176791302220847,1.5105659965991178,1.5694190163148962,1.6204827212019868,3.7625789172941535,3.943406591849172,4.148784674424327,7.321288998996073,234053.0154397407,234045.41433216835,-7.601107572350884,82.49108937846907,4244.371609827593,3.6963827613729294,True,,photometry chi2/N 7.1 > 3; 8 pixels with |pull| > 4
147849-M7_147849,147849,M7_147849,0.677299976348877,29.799999237060547,20260886,13,True,True,6.265384775196831e-05,0.0,12,3560,155.92812293156712,4110.8421025432945,4266.770225474862,155.92812293156712,4110.8421025432945,0.0,True,12.99401024429726,1.1547309276807007,1.1988677228083344,4.205004012045024,10.000000000000002,False,7,3.6um,7.388257527686199,-3.2328815149339913,-4.623192029543348,-0.016961741167445036,-1.3834492116665096,-2.1929551854683407,0.09517429441593206,-2.062622155914335,-0.5847301135710601,0.7413825820861555,2.95690692390303,7.388257527686199,6.992478104175528,2088,406,112,3246.852845947233,232851.65414117742,0.1978956797179366,4.602599938484039,4.611070706270148,4.6572926386497455,4.2009525109814,4.208931349650676,4.2518698203269345,2.99492680064707,3.0037052558190602,3.0389549914829828,1.7916246950050754,1.7983540865696042,1.8117695502956426,1.3902490418361024,1.3965219955469015,1.4033396620049143,2.996094336485399,3.0061638086988234,3.050006536645148,7.42879870037263,232887.59885714971,232883.8905775116,-3.708279638114618,158.53527348636416,4117.143464690977,4.205560819073553,True,,photometry chi2/N 13.0 > 3; 7 pixels with |pull| > 4
148698-M8_148698,148698,M8_148698,0.6755419969558716,33.0,20260871,13,True,True,0.00021993713494657192,0.0,12,3587,20.63594088868546,3844.2693813490464,3864.905322237732,20.63594088868546,3844.269381349046,4.547473508864641e-13,True,1.7196617407237884,1.0717227157371192,1.0777761634795684,3.586154240952045,10.000000000000002,False,1,V,2.769374157492053,-1.510337161031604,-0.714573352289738,2.769374157492053,1.7897870808709895,-0.23486659535204318,1.749370347344335,-0.6795219642271746,-0.6987385536238927,-1.5071316392983742,-0.6506287980202746,-0.22503853585161412,0.4007317110974944,2058,404,117,3546.4635376218853,236856.2025995204,0.24616188180537876,2.728936433580115,2.73325643612886,2.742032373219735,2.453322239655441,2.4609939473830926,2.4684758491523735,1.6243249883924373,1.6412523068948048,1.65231855111862,0.8068517137896645,0.8253830163039648,0.8386230689148633,0.5461652209255318,0.5589534438034022,0.5677387111538216,1.6327327705602166,1.647140161761108,1.6589831014084866,7.4391217007473225,236893.07010732594,236891.18039631456,-1.8897110113757662,22.70806395843251,3856.4847615281037,3.5725919120269274,True,,1 pixels with |pull| > 4
150848-M8_150848,150848,M8_150848,0.7011280059814453,40.900001525878906,20260844,13,True,True,0.0006386757507464152,0.0,12,3576,109.46340386725635,3945.2444784970003,4054.7078823642564,109.46340386725635,3945.2444784970003,0.0,True,9.121950322271362,1.1032562859331656,1.1341840230389528,3.053396010915044,10.000000000000002,False,3,3.6um,6.040474425748424,-1.076859858311125,-2.3842001456590007,-0.4013842899694418,-2.2249885947137282,-2.854725166318229,-0.23261659577562402,-2.3262598844787035,-0.6570437524405734,0.8621267129072392,3.157433034996737,6.040474425748424,6.021706390808092,2067,406,117,3637.777562181169,234700.4908065533,0.3265780125885923,4.603610823751926,4.61317418254652,4.65189106713587,4.20307432007245,4.2120792587626354,4.246540533537015,3.001036796046174,3.008295234076555,3.0368350347766984,1.798960273815455,1.801841946018544,1.8137529036701672,1.3978793032263537,1.3999053180842,1.4059523426276617,3.002343454388842,3.0111712544792146,3.0467315667299326,7.291009491338333,234736.53462873533,234736.19291480657,-0.3417139287630562,112.4673528936945,3917.089357641127,3.0699157900539795,True,,photometry chi2/N 9.1 > 3; 3 pixels with |pull| > 4
152125-M7_152125,152125,M7_152125,0.7871000170707703,16.0,20260954,13,True,True,0.0004945788937286498,0.0,12,3608,129.86550884260643,3966.083637328162,4095.949146170768,129.86550884260643,3966.083637328162,0.0,True,10.82212573688387,1.0992471278625726,1.1355556268840499,6.41699449421086,10.000000000000002,False,8,H,-4.681476695212371,-0.5599885941910566,-4.201028025439059,4.595979326577025,4.527001906642071,3.067502257680206,2.869125831372282,-0.6889748177920345,-1.9460286218831193,-4.681476695212371,-3.0332914890386102,1.8794433290535264,3.7059354483205036,2184,264,110,3597.0648424678616,236775.6505756599,0.24766788775097395,4.596407740879873,4.610793976077029,4.676051127726306,4.182566116688697,4.2053688842273225,4.265526555700738,2.945285965580628,2.9964350006195817,3.0481650280271206,1.7479174610087937,1.7895494811148192,1.811065665863506,1.34917782543185,1.3869554655823588,1.3994424659340083,2.96372839448062,2.9977103155129274,3.051660796575764,6.82508241195568,236810.19851109828,236809.770610243,-0.4279008552839514,135.1275056672405,3981.986963805165,6.385066293530546,True,,photometry chi2/N 10.8 > 3; 8 pixels with |pull| > 4
156118-M8_156118,156118,M8_156118,0.8295459747314453,11.0,20260985,13,True,True,0.0011041067532878237,0.0,12,3409,32.2902928053672,3944.5854517743373,3976.8757445797046,32.2902928053672,3944.5854517743373,0.0,True,2.6908577337806,1.1571092554339506,1.166923633972918,5.439123484623289,10.000000000000002,False,4,V,2.437422320410827,0.7181022921345058,1.2319707817782717,2.437422320410827,1.395512918780401,-0.98582887330431,0.30314062323739344,-2.0761091107011858,-1.7172233445395717,-1.9223932697310702,-0.13105830807283575,2.2299527932217735,2.315186069981838,2172,469,116,3353.753565433066,223412.16051686142,0.25211861392559226,4.535022009709174,4.589028909805872,5.052894979590625,4.055085155569688,4.119385034673776,4.5059364294922775,2.6954425898947774,2.7752143351584357,2.9771828072767734,1.5732884946404122,1.62318996469122,1.690991883015757,1.1933894432492975,1.238432219396213,1.2716367777722735,2.783012368004854,2.8527538475165772,3.1125792941170745,6.611761225350766,223443.09418451405,223442.02960328053,-1.0645812335133087,27.458029022195113,3954.788544021805,5.405423568343642,True,,4 pixels with |pull| > 4
160400-M8_160400,160400,M8_160400,0.6031960248947144,44.29999923706055,20260840,13,True,True,0.0001875170098330758,0.0,12,3558,72.8022825574851,3850.381316196103,3923.183598753588,72.8022825574851,3850.3813161961025,4.547473508864641e-13,True,6.066856879790425,1.0821757493524742,1.102947314802808,4.221319453095733,10.000000000000002,False,5,4.5um,4.851138244830692,-2.500286656951509,-2.8626771601830834,0.8848537305640517,-0.7765120749653596,-2.8736111683040035,0.07452474984541448,-1.469895007994609,-0.4294872711373219,0.01647777786490801,1.2571966094154583,4.609488984928347,4.851138244830692,2100,391,117,3441.4613029801544,232617.7444633307,0.23750975665500743,4.641993661531298,4.896478068496357,6.165490937420614,4.236856344634501,4.4690315728509855,4.852973785583496,3.018629707810302,3.194300139614635,3.4770897300638532,1.7977738549717508,1.870556465078774,2.0040742900970883,1.3912059963901087,1.425733100043833,1.4918275155500238,3.0305090593313286,3.268559689606526,3.6109698885189943,7.8836387699465895,232655.8401010004,232654.4492507057,-1.3908502947015222,71.38740687851946,3836.329299640658,4.234762746196025,True,,photometry chi2/N 6.1 > 3; 5 pixels with |pull| > 4
161113-M8_161113,161113,M8_161113,0.8911049962043762,12.600000381469727,20260975,13,True,True,0.0003049620043380376,0.0,12,3799,150.54796205129722,4128.589566786831,4279.137528838128,150.54796205129722,4128.589566786831,0.0,True,12.545663504274769,1.0867569272931905,1.126681813806774,5.281776276201341,10.000000000000002,False,3,B,-7.370867439112157,-3.6482752929766367,-7.370867439112157,0.7365783962384178,4.180064237890595,5.127480022422418,4.827181604628988,1.6439461975154601,-0.26006526220331516,-2.3959586569581774,-2.5694840363596025,0.305923450505599,0.30577106538027193,2124,126,117,3450.12647314973,250566.98544586054,0.26435799075780075,5.943999725009147,5.982942907542752,5.995672027638545,5.567739247947613,5.645625613014824,5.67108385320641,4.484554818699012,4.63271017805674,4.679175201719042,3.421996506572111,3.61589630478879,3.659652992222464,3.0781264015219043,3.277909488985536,3.32520230681371,4.421548303249148,4.611801759370936,4.65603140140729,6.320260202070679,250606.01952225473,250605.99348694543,-0.026035309303551912,157.0098236642405,4129.6555591142105,5.258371901475776,True,,photometry chi2/N 12.5 > 3; 3 pixels with |pull| > 4
161346-M8_161346,161346,M8_161346,0.6566219925880432,40.5,20260845,13,True,True,0.00011669192909133614,0.0,12,3447,46.92389172699093,3880.2058217976682,3927.129713524659,46.92389172699093,3880.2058217976682,0.0,True,3.9103243105825776,1.1256761885110729,1.1396197659676899,4.478958715172687,10.000000000000002,False,6,3.6um,3.6455892541084003,-1.0002490831622552,-1.6480116716491713,0.9658760055417609,-1.192896771099539,-2.676563330609074,-0.10921323287023436,-1.8911079540564748,-0.6432537535459555,0.2820196521799321,1.9945805001849104,3.6455892541084003,3.5124551129096497,2106,496,117,3347.966102267644,225817.18212018712,0.3037168906273417,6.67226946924326,6.830667448956211,6.922263052726786,5.792918944263033,6.109714903688934,6.292906111230083,3.887896705197126,4.188594741784764,4.435269819795748,2.0581431796300995,2.2474603591488265,2.475570940369883,1.3803886730043564,1.4456342890701133,1.5338732025385415,3.9410654345497913,4.167408021774337,4.341172860673811,7.551619994223488,225855.94776446567,225852.86887678757,-3.0788876781007275,47.36237382402397,3902.658049652592,4.46196767709786,True,,photometry chi2/N 3.9 > 3; 6 pixels with |pull| > 4
162149-M8_162149,162149,M8_162149,0.7034350037574768,40.5,20260846,13,True,True,2.5377306924361165e-05,0.0,12,3494,70.02527031147594,3763.5107628507717,3833.536033162248,70.02527031147594,3763.5107628507717,0.0,True,5.835439192622995,1.0771353070551721,1.0974909914578437,3.894997613769276,10.000000000000002,False,3,3.6um,4.8517188700746186,0.4397882552601389,-0.3473535183805299,0.5896580356227902,-1.32043477333603,-2.7968041737394964,-0.6366508138359378,-2.882625965432248,-1.1109487846017005,0.3757436019449316,2.748133873676908,4.8517188700746186,4.314647263193411,2087,471,114,3347.4119287925087,229725.27833536008,0.22829939712866654,5.99909529111187,6.398774576837711,6.588158107856593,4.88654090503046,5.519672421418848,5.898439483456612,3.3273148124830088,3.6237440143673334,3.8869054517728108,1.8494098589779524,1.9457303964554913,2.042846923299463,1.3687645877381562,1.4065756231837208,1.4496698987447345,3.48154667288808,3.7392656540182996,3.9395140637306265,7.277876732256576,229762.83061808744,229762.23314240505,-0.5974756823852658,71.75159984392248,3769.7945070143437,3.890910395445878,True,,photometry chi2/N 5.8 > 3; 3 pixels with |pull| > 4
162587-M7_162587,162587,M7_162587,0.786899983882904,12.600000381469727,20260974,13,True,True,0.00015017087873028237,0.0,12,3544,80.12607589354718,4477.583753309502,4557.709829203049,80.12607589354718,4477.583753309502,0.0,True,6.6771729911289315,1.2634265669609204,1.2863984841103722,9.85586806309402,10.000000000000002,True,15,B,-4.591974313870222,-0.6992414012393691,-4.591974313870222,2.2629616242924735,3.3678107115964733,2.7514510631821163,3.952837935338268,1.3396039209339567,0.6794527909470551,-1.7825225020383253,-2.316219255300375,-2.0637459892999432,-1.9582782951971471,2094,411,117,3669.9088328977873,232742.5691932166,0.27663450540084283,2.806463165845847,4.01086470607679,4.279599779432146,2.5292929676961786,2.985532921161398,3.5366654803145066,1.697782373247171,2.046243660901986,2.2417343851620655,0.859870455191543,1.1080852276417454,1.2418743360081976,0.5708055261871996,0.7155686292268193,0.8452842363695569,1.7219249555180096,2.1796563307648573,2.3746533769615166,6.826112777889853,232777.6686670835,232776.29011209475,-1.3785549887397792,81.11706853721324,4415.925388081125,9.996220118656115,True,,photometry chi2/N 6.7 > 3; calibration floor at prior bound (9.9% of 10%); 15 pixels with |pull| > 4
163989-M8_163989,163989,M8_163989,0.7582690119743347,19.0,20260941,13,True,True,0.0003351871390780451,0.0,12,3618,37.55634436776416,3951.7685974970163,3989.3249418647806,37.55634436776416,3951.768597497016,4.547473508864641e-13,True,3.1296953639803466,1.092252238114156,1.1029375012067406,5.284660992645586,10.000000000000002,False,3,B,-3.9600890350700104,-0.9862576041777894,-3.9600890350700104,1.9751214057060782,2.4133390840618625,0.5461829874775416,0.8937174771121075,-1.8113456404606467,-1.2574200321956508,-1.3787095484491967,0.10804437311084918,1.5158176395810874,1.0033361176822608,2125,313,110,3328.6584710565967,239566.45733192514,0.2589206172664043,4.602256494497776,4.611472917111762,4.649936395538078,4.200181125879033,4.209449530717615,4.24597907378054,2.9892284181905477,3.0039033672639164,3.0375605105915056,1.7878001416934706,1.7987411053822515,1.8116029920916632,1.3872586295763838,1.3966619993681042,1.4027773430780675,2.9953767802929745,3.0060822867542467,3.041017964260062,6.97610136276161,239602.38045057104,239603.81921602727,1.4387654562306125,39.852382372929235,3917.4323001933617,5.330347830970002,True,,photometry chi2/N 3.1 > 3; 3 pixels with |pull| > 4
165871-M5_165871,165871,M5_165871,0.7031000256538391,25.0,20260907,13,True,True,9.359123506194554e-05,0.0,12,3460,57.1456507525954,3802.318236754264,3859.4638875068595,57.1456507525954,3802.318236754264,0.0,True,4.762137562716283,1.0989359065763769,1.1157744687790863,4.4294055442018925,10.000000000000002,False,8,4.5um,4.349143173039735,-1.7565250076724148,-1.6971769127730398,0.9585576993901258,-0.7671712791456453,-2.3048108047869325,-0.19457835592334513,-1.9663618350381153,-0.9427943590381104,-0.3089623392903728,1.8324309795854605,4.147133410963955,4.349143173039735,2181,408,117,3555.8438200985543,226664.29814822867,0.22169250487831496,4.530602519478692,4.547843835902489,4.603340029148402,4.05247396121129,4.079704753168405,4.137797624540627,2.6973016813682333,2.740336356354187,2.787866993686783,1.5805511506723038,1.6081445522784068,1.6371560785912131,1.2090129438757897,1.2305592325115347,1.2538511269316344,2.785781309483553,2.8185893647385543,2.8741759077428664,7.279781373060028,226699.57336712093,226698.16579713908,-1.4075699818495195,57.48934055870596,3833.432680648255,4.392315559814818,True,,photometry chi2/N 4.8 > 3; 8 pixels with |pull| > 4
166634-M6_166634,166634,M6_166634,0.8526999950408936,7.300000190734863,20261000,13,True,True,0.00022557762118424374,0.0,12,3518,111.24993132952751,3956.847958104214,4068.0978894337413,111.24993132952751,3956.8479581042143,4.547473508864641e-13,True,9.27082761079396,1.1247435924116582,1.1566954476638445,9.35483640901538,10.000000000000002,False,3,r+,4.852085343200753,0.5632866153843967,0.6187633883224294,3.325564230982729,4.852085343200753,4.013360002590015,4.083234518047154,-0.9664812514398526,-3.2820602027777697,-4.649475526352853,-2.4107328316453915,1.4935638856309974,1.3423134491023105,2097,442,109,3371.5081413332846,229740.42812441208,0.185212437965986,6.34588349174108,6.348537063336304,6.349260079892341,6.192051144989182,6.197358288179631,6.198804321291704,5.730554104733489,5.743821962709612,5.747437045489794,5.2690570644777965,5.290285637239592,5.296069769687883,5.115224717725899,5.139106862082919,5.145614011087247,5.698386343980727,5.731005512903206,5.741262673848921,6.499715838492977,229771.10422995302,229769.34282970894,-1.7614002440823242,111.26989717385477,3950.5943385071178,9.40055340861776,True,,photometry chi2/N 9.3 > 3; 3 pixels with |pull| > 4
167056-M5_167056,167056,M5_167056,0.8932999968528748,8.100000381469727,20260997,13,True,True,0.0006811467856929025,0.0,12,3796,48.46379653875334,4063.6623789593755,4112.126175498129,48.46379653875334,4063.6623789593755,0.0,True,4.038649711562779,1.0705116909798145,1.0835642096174252,5.154976736636894,10.000000000000002,False,1,B,-3.3601274465089026,-2.0373466662411834,-3.3601274465089026,2.008196992988989,2.6755063559084666,1.6206884517052087,2.2117427925118744,-0.5953761674912591,-1.7218985318257987,-2.784900917000916,-0.712701506041438,1.0407308525555028,1.2832721403676492,2130,126,114,3440.8172672365667,251057.97383894105,0.21461848229547054,5.866965523610146,5.9581873631615725,5.97942089906174,5.423693896515777,5.606137575618629,5.6486046474189635,4.2867294002767595,4.550060616992161,4.652495098681872,3.2007903087015173,3.4957910307957913,3.6543180610928254,2.3853522492041326,3.141158154530358,3.318089324818028,4.210712381099055,4.491535618812257,4.64542426866914,6.310237150704515,251090.47597268622,251093.0282700331,2.552297346876003,52.793362718567366,4037.6773602936137,5.208609351943537,True,,photometry chi2/N 4.0 > 3; 1 pixels with |pull| > 4
172669-M5_172669,172669,M5_172669,0.6036999821662903,105.0,20260830,13,True,True,7.595753318646208e-05,0.0,12,3602,169.6239780344042,3825.8781560263456,3995.5021340607495,169.6239780344042,3825.8781560263456,0.0,True,14.135331502867016,1.0621538467591187,1.1095534946017078,2.8965142330177263,10.000000000000002,False,29,4.5um,7.494838933717035,-3.2927500511867858,-5.574821409036944,-0.3820649805846068,-1.746534576706741,-1.8263505861689966,1.082401556738513,-0.018308626967264232,0.7879638396546929,1.7138569400622772,3.3210827105289114,7.017043984438652,7.494838933717035,2070,391,103,3161.539116474917,232729.29071411278,0.2317589068047571,2.7335398299002103,2.7430108177558488,2.7716864254442872,2.46299628632101,2.4715633584040577,2.4973734630047053,1.651130332006947,1.6572359536243368,1.6746354594129982,0.8395788488740229,0.8427356195193478,0.8507044312698173,0.569106763446568,0.5710036469627523,0.5749488968670462,1.6530251829730191,1.665577916441225,1.7073193856062816,7.880404221066621,232765.0257576463,232766.93760372704,1.9118460807367228,168.88623924281586,3849.01707735777,2.8840875426357626,True,,photometry chi2/N 14.1 > 3; 29 pixels with |pull| > 4
173928-M5_173928,173928,M5_173928,0.9589999914169312,13.300000190734863,20260970,13,True,True,0.00045662481863562905,0.0,12,3836,144.78918887252541,3629.1963853906345,3773.98557426316,144.78918887252541,3629.196385390634,4.547473508864641e-13,True,12.065765739377118,0.9460887344605408,0.9840901106292463,9.169230756377733,10.000000000000002,False,23,i+,5.6654160311568855,-0.1614285178949333,-0.953263600466864,1.5452606907719522,5.034990468837252,5.6654160311568855,5.66453273567513,2.2144740376864602,-0.621629287707787,-4.039096187342633,-4.93899072578326,-1.3031773658026617,-2.057929004889709,2083,130,117,3816.7586900294637,250192.96910999654,0.23239716695879034,4.578329390672259,4.595154939354638,4.638209418532445,4.1490555915327665,4.17788957842715,4.22663967989495,2.869246046399422,2.922964390491817,2.987017002545646,1.6980539281932208,1.7331763901234558,1.7706154916262673,1.3057318639949194,1.3356676327491943,1.3670518522138528,2.9057417550625733,2.9458798494154212,2.992793407092171,6.021339741744149,250239.604036798,250237.75267871196,-1.8513580860453658,147.84475024088977,3657.5830486326786,9.103426688486978,True,,photometry chi2/N 12.1 > 3; 23 pixels with |pull| > 4
180774-M12_180774,180774,M12_180774,0.6782490015029907,22.200000762939453,20260921,13,True,True,0.0003771994499570368,0.0,12,3384,42.006358686963125,4068.8365528683453,4110.842911555308,42.006358686963125,4068.8365528683453,0.0,True,3.5005298905802604,1.2023748678688964,1.215147180477478,7.385365320364566,10.000000000000002,False,9,4.5um,3.754732496166408,-1.1676419425169677,-2.074964534113537,1.8929663771240999,-0.08250669855319132,-2.3637369617550634,-0.0018064043200573439,-1.4603440695836036,-0.744146193560742,-0.5650656948468078,0.8260337614215507,3.0617156831243,3.754732496166408,2168,497,117,3614.0278633616076,222042.58090681903,0.19629394120473057,5.928064807905658,6.7694170343894475,6.917261176405296,4.79260996505658,6.115599039427307,6.4112873234590015,3.0652461656874803,4.048268474220443,4.749856588218908,1.6605885779596299,1.9368946701632717,2.2121942640127354,1.194526403744637,1.2801825309345385,1.3547354509366403,3.3024798112491065,4.021726417014746,4.351959983301912,7.423235029351589,222078.75838082578,222076.66117334345,-2.097207482322119,44.2087077021435,4113.126246053147,7.3176016102476344,True,,photometry chi2/N 3.5 > 3; 9 pixels with |pull| > 4
181421-M12_181421,181421,M12_181421,0.9584800004959106,11.300000190734863,20260984,13,True,True,0.00023305454528128406,0.0,12,3800,48.3841107245875,4400.815918571627,4449.200029296214,48.3841107245875,4400.815918571627,0.0,True,4.032009227048959,1.1581094522556912,1.1711503104227992,9.379718684456025,10.000000000000002,False,4,B,-3.984643458486441,-0.9721780617114335,-3.984643458486441,-0.5759982497151653,1.697907559854671,0.871031353592977,1.9630567991561005,-0.5205300712698977,-2.1797605782544984,-2.4703227926061384,-0.3600317892690313,1.9489199745708665,2.946511662741306,2118,131,117,3414.1346738669563,250817.92253466477,0.20439578456314658,4.971585423240823,5.5232099872182765,5.648358551785645,4.566279984680348,5.022875445361922,5.273172574496659,3.371787426674287,3.9641959758572938,4.23907360587097,1.9758709893604762,2.8027423391266426,3.2441053649558858,1.4860885228851277,1.8936481711914266,2.495012278430448,3.334476160489079,3.854116145613509,4.146487300113768,6.0235445290746314,250853.11208320313,250854.72656117423,1.6144779711030424,52.8869460969065,4397.163557309748,9.36726808043392,True,,photometry chi2/N 4.0 > 3; 4 pixels with |pull| > 4
181945-M12_181945,181945,M12_181945,0.6795139908790588,61.79999923706055,20260833,13,True,True,0.0004275138112643111,0.0,12,3432,156.7322717110108,3735.84993092593,3892.582202636941,156.7322717110108,3735.8499309259296,4.547473508864641e-13,True,13.061022642584234,1.088534362157905,1.1345328483348707,4.241729956206832,10.000000000000002,False,9,4.5um,8.045488732285175,0.7625020685947407,-1.7054572192851616,1.1446518361688562,-1.740969904780543,-2.972596932083239,-1.0083545135617982,-2.5107734530062786,-1.298391237730547,-0.21766292572697826,2.027772147569468,7.884734205220963,8.045488732285175,2108,515,111,3961.415115062433,222965.6578905,0.19389846548438205,4.517727505330503,4.530165417486386,4.555791300412578,4.02772224469631,4.046268938133927,4.071568332584402,2.6622344710193437,2.6874560035110546,2.713139592532384,1.5553185164850167,1.5734310109216136,1.5908797301835518,1.1868862711072319,1.202053989301536,1.2153138443532254,2.757971566109112,2.7777093079623016,2.804403201462436,7.415828896928129,223005.91163876836,223003.2731801438,-2.6384586245694663,154.6457546370674,3769.009389748402,4.2238192488784305,True,,photometry chi2/N 13.1 > 3; 9 pixels with |pull| > 4
182890-M12_182890,182890,M12_182890,0.7444409728050232,16.799999237060547,20260952,13,True,True,0.00041267992481214207,0.0,12,3569,118.65792267984179,4239.797508992121,4358.455431671963,118.65792267984179,4239.797508992122,9.094947017729282e-13,True,9.888160223320149,1.187951109272099,1.2215401994596309,6.021217104533736,10.000000000000002,False,4,3.6um,6.516708083468491,0.25965720425249134,0.6562745265935624,1.7183997538559455,-0.7640053332424275,-3.0938862966271783,-0.956950000703574,-3.20981731684297,-2.420003120953168,-0.47570589264318097,2.3687764336709125,6.516708083468491,6.298499228483331,2056,425,116,4064.9915142932787,232847.21172800747,0.29153072059901175,5.644831553779927,6.246125821606445,6.541108701332575,4.771420849617496,5.441885249850994,6.031851009303252,3.5009181784761423,3.9014260101043687,4.441744256276533,2.033288071372635,2.3016345410857095,2.685996142741484,1.514759184919181,1.64731122570806,1.8357492125555768,3.5497460447359455,3.9189871847916136,4.315275319192109,7.050366393361897,232879.99171762873,232879.75112127195,-0.24059635677258484,114.42289692635214,4281.048591224936,5.951917334362042,True,,photometry chi2/N 9.9 > 3; 4 pixels with |pull| > 4
184916-M12_184916,184916,M12_184916,0.6794000267982483,30.399999618530273,20260885,13,True,True,0.0001759557818687917,0.0,12,3583,79.042967508093,3820.674844654235,3899.7178121623283,79.042967508093,3820.6748446542347,4.547473508864641e-13,True,6.58691395900775,1.0663340342322734,1.088698440022984,9.58513881831881,10.000000000000002,False,41,4.5um,5.579303773412685,-0.6783944430398454,-1.4899482253618612,0.6195678802970702,-1.1549708762226092,-3.429752442037553,-0.07081285922805328,-2.169471401595787,-0.6579389714595838,-0.038592068116109865,1.6548171803978338,4.885563910009594,5.579303773412685,2059,410,114,3537.5350201021665,231818.75490943913,0.28505862502614593,7.140502440829243,7.162570504614237,7.168434328130145,6.864509221679878,6.908645349249865,6.920372996281681,6.036529564231781,6.14686988315675,6.1761890007362865,5.208549906783684,5.385094417063634,5.432005005190893,4.243068333045287,5.131169261699261,5.183943673342429,5.809739783246633,6.01678823871436,6.086592376099432,7.416495659978609,231853.2443433898,231854.33590973256,1.0915663427731488,78.42569537665712,3861.641984932622,9.525827981741463,True,,photometry chi2/N 6.6 > 3; 41 pixels with |pull| > 4
185631-M12_185631,185631,M12_185631,0.9253259897232056,4.900000095367432,20261012,13,True,True,2.884630787107032e-05,0.0,12,3840,23.886019068040362,6927.5148740518325,6951.400893119873,23.886019068040362,6927.5148740518325,0.0,True,1.9905015890033635,1.8040403317843314,1.8107321940921786,9.986709040708233,10.000000000000002,True,13,r+,2.660152970371967,-0.018779003401875865,0.04744906420080442,1.674079156297063,2.660152970371967,-0.2262288023121715,0.004493441666812671,-2.0160965745735626,-1.4394680867599492,-1.3006123022675686,0.0038556677964685696,1.6112018314128567,1.8785548048161154,2081,128,117,3319.171047246112,250941.64365853398,0.23277566238409372,4.509041954801216,4.655162765468385,5.703555381449886,4.004182311900086,4.162635442641973,5.240340859188805,2.610828046056168,2.760659508810305,3.800247545415796,1.5099687384528644,1.5971473104328586,2.0749081451329934,1.1395823693695581,1.204637472856347,1.3542758977299083,2.723828226004139,2.863599521505507,3.6768649593647087,6.166769903710966,250974.8278883486,250976.54284062036,1.7149522717518266,23.952015529286037,6917.494757179892,9.999972918192569,True,,spectrum chi2/N 1.80 > 1.5; calibration floor at prior bound (10.0% of 10%); 13 pixels with |pull| > 4
185653-M12_185653,185653,M12_185653,0.6776310205459595,21.5,20260923,13,True,True,0.0001920066336809602,0.0,12,3577,36.59893690368429,4021.057174846108,4057.656111749792,36.59893690368429,4021.057174846108,0.0,True,3.0499114086403574,1.1241423468957528,1.134691306417727,6.440299074352136,10.000000000000002,False,10,3.6um,3.495909307064459,0.5375473660295105,0.356819807741987,1.2166725269906016,-1.1837853548641653,-2.2129313800329213,0.06563781912059802,-1.6336671807256506,-1.1281331891800297,-0.7188062285035021,0.9930199016919299,3.495909307064459,3.2762692479378006,2080,395,114,2964.776842762751,233802.41243025856,0.2633524335353672,4.603366772720835,4.625289200229679,4.756868716513681,4.201370781832976,4.220537848168451,4.347655890290754,2.9881794118192953,3.0113143357184526,3.109248973899898,1.7870724456003255,1.8012677711764318,1.84129899270052,1.3855731451989295,1.3994094076728443,1.41719342023658,2.996475238266908,3.0174066511462043,3.1412395059399842,7.426857227350812,233833.5903719912,233834.08894681203,0.4985748208418954,34.40015365533678,4041.8000430108555,6.411842183228655,True,,photometry chi2/N 3.0 > 3; 10 pixels with |pull| > 4
189698-M10_189698,189698,M10_189698,0.9257839918136597,7.199999809265137,20261002,13,True,True,0.0031954368816633516,0.0,12,3675,57.04541948646647,3821.6435685748193,3878.6889880612857,57.04541948646647,3821.6435685748197,4.547473508864641e-13,True,4.753784957205539,1.0399030118570938,1.0557128437836925,2.300922609015428,10.000000000000002,False,0,4.5um,4.488101389295675,-0.6115301778531156,-1.8957555482529744,1.238282176797066,-0.9863927121550962,-1.5746917598933863,0.42989693878233526,-2.395588266154561,-1.988370257800062,-0.8880553669568253,1.6255255511191733,3.8262636115317217,4.488101389295675,2248,129,114,3209.90916263536,242896.87389177852,0.17434327559374987,4.729878898414282,5.403878349822909,5.77968363656167,4.335460797406105,4.819811833657985,5.394612061456539,3.1204718613759836,3.626594164966507,3.996837009882368,1.8513585205218221,2.1415925607524793,2.445983837465912,1.4250562453750875,1.5641434309306095,1.7169930818678316,3.1161036570474026,3.5680298033257776,3.8857822859084736,6.164755211666801,242924.99425488562,242924.8833057115,-0.11094917412265204,56.98867733822305,3793.9405069181576,2.4884985236892465,True,,photometry chi2/N 4.8 > 3
191718-M10_191718,191718,M10_191718,0.9840289950370789,6.800000190734863,20261005,13,True,True,0.00023535996891457792,0.0,12,3789,75.48683150930219,3520.0102825109843,3595.4971140202865,75.48683150930219,3520.0102825109843,0.0,True,6.290569292441849,0.9290077282953244,0.9491808643136976,6.3893786628540035,10.000000000000002,False,2,B,-5.590832193467503,-2.5822478908092124,-5.590832193467503,-0.8837768564589472,1.3023797191378754,2.504774635278629,3.7349179877052125,-0.321730168395082,-1.4631196716700468,-2.3373894005610736,-0.6444832667965236,1.6988845002345099,1.9625172610428756,2127,133,117,3375.8776510092484,251791.16039104297,0.2129174508024436,4.60438460091201,4.642146025180262,4.7707203704437795,4.202591796379576,4.240348350343558,4.368837094094795,2.9980682488057964,3.033348599948179,3.1709144273200796,1.7934941739722638,1.8075625300298226,1.8696603003579613,1.3908519509048314,1.399409703809234,1.4293771373389401,2.9974292822447053,3.0282537183018934,3.1517333524848468,5.916691972068468,251823.1263099621,251823.91074015043,0.7844301883305889,75.85432696957284,3523.2338319241826,6.359110972110224,True,,photometry chi2/N 6.3 > 3; 2 pixels with |pull| > 4
197591-M10_197591,197591,M10_197591,0.7959700226783752,23.899999618530273,20260913,13,True,True,4.814155580366985e-06,0.0,12,3789,110.22310175132333,3997.734063309027,4107.95716506035,110.22310175132333,3997.734063309027,0.0,True,9.185258479276944,1.0550894862256603,1.084465988664295,4.657583695524964,10.000000000000002,False,2,B,-5.388067794626634,-1.4009342866096,-5.388067794626634,2.5165891570166403,2.0329149776053743,1.156904040433289,1.4510054442805018,-1.7603960848178517,-2.0178343965072534,-2.883266464652304,-1.3298720466956684,4.965557268687834,4.8384096647952655,2143,120,114,3387.039954641048,248298.26610211688,0.18354361658615198,4.60345113437253,4.630529281303324,4.795010028957613,4.201425469543188,4.227003440027852,4.381600877443117,2.9950112502474826,3.0164383551623475,3.1468967861260597,1.791057018873596,1.8023028755792838,1.8548572293674426,1.3891757849897306,1.3972199074073959,1.4227983332779475,2.9968274061988645,3.0197821278003296,3.162170951776848,6.77963345359505,248338.45992455975,248333.47519468152,-4.984729878226062,110.91275528410628,3996.5947803977056,4.667638671000567,True,,photometry chi2/N 9.2 > 3; 2 pixels with |pull| > 4
201233-M10_201233,201233,M10_201233,0.8177419900894165,9.300000190734863,20260994,13,True,True,0.0006806352645920619,0.0,12,3809,43.54450749045231,4045.432684447158,4088.9771919376103,43.54450749045231,4045.4326844471575,4.547473508864641e-13,True,3.6287089575376927,1.0620721145831342,1.0737860272945405,4.160650617787349,10.000000000000002,False,0,r+,3.1847516449872826,-0.1324743790737987,-1.721767184474357,2.3031168588675652,3.1847516449872826,2.2781936982833098,2.4666996632155964,-0.24692561242317848,-1.19122342332118,-3.180634374377569,-1.4813854375016549,0.1480837575428634,-0.16691192603251076,2120,121,116,3360.674172698798,253149.4027765191,0.3095878553487461,4.60297568920217,4.626918191589466,4.759527764685405,4.20175905946268,4.224711745144891,4.354128212342146,2.9972469246068263,3.0179191138426558,3.13252282649378,1.7932986552338492,1.8018875225602191,1.848966424339331,1.3917642988283776,1.3972106359139627,1.420684495991537,2.9976586043302134,3.0188188277868844,3.1392203631252626,6.670038270016547,253182.63453355932,253180.92532001573,-1.709213543595979,43.80758777958,4044.547072463689,4.176487025388089,True,,photometry chi2/N 3.6 > 3
205715-M5_205715,205715,M5_205715,0.7465000152587891,33.20000076293945,20260870,13,True,True,0.0007781874541268871,0.0,12,3411,63.45584498858247,3913.4456246320506,3976.901469620633,63.45584498858247,3913.4456246320506,0.0,True,5.287987082381872,1.147301561017898,1.166246765284643,4.533489796345766,10.000000000000002,False,4,3.6um,4.635095800287489,0.27411211235146976,-0.517753623311726,0.8990430175343939,-0.9852316967108533,-1.1709464391232556,0.1528443298794531,-3.5484426082636213,-1.8508960626451385,-0.48490332280968224,1.708533178209729,4.635095800287489,4.3913108313720395,2116,530,109,3227.077465334054,223159.90555786682,0.21031418355919757,4.6042141001696635,4.633791512960713,4.756332306911683,4.202380992595825,4.229516263603862,4.338058130036819,2.9933336503327364,3.0174686651122866,3.1061272579098556,1.7902213015381685,1.8042652504202334,1.8382228858409546,1.388745882252033,1.4000952770432944,1.418065885406543,2.9992830469711347,3.0253945946384078,3.1293998929559446,7.039231260210279,223194.23974721544,223189.75285832625,-4.486888889194233,63.53995480114663,3944.8168605107553,4.509278217113643,True,,photometry chi2/N 5.3 > 3; 4 pixels with |pull| > 4
205742-M1_205742,205742,M1_205742,0.7272999882698059,42.79999923706055,20260842,13,True,True,0.0005818105385258436,0.0,12,3523,177.57234953505494,4079.616466181777,4257.188815716832,177.57234953505494,4079.6164661817775,4.547473508864641e-13,True,14.797695794587911,1.1579950230433655,1.208741855683371,3.8681118282805924,10.000000000000002,False,13,3.6um,8.145972181123877,-3.726913739408259,-3.378897083211705,-0.6266026201706711,-3.2887429486486854,-1.6447614617979767,0.6796270030683553,-1.5858279058894549,-0.9793146953342764,0.42723532021756677,2.7959509251686363,8.145972181123877,7.749792388812062,2112,414,117,4329.243932517792,229151.7386514994,0.2805990119473705,4.613189313583767,6.524824286831252,6.722251782800146,4.212143973714735,5.9055256895124675,6.300380681450255,3.0091417264359688,4.366330418395542,5.034767377400581,1.801841489245205,3.1178058988849515,3.7803003755366595,1.3997707398700847,2.16550576458394,3.3637953807491567,3.0100808246603354,4.377102848502591,5.026228344657963,7.144122884150037,229190.5970214773,229185.55996114164,-5.037060335656861,187.65160708671203,4103.344201159492,3.860781806644696,True,,photometry chi2/N 14.8 > 3; 13 pixels with |pull| > 4
205765-M5_205765,205765,M5_205765,0.7286999821662903,14.300000190734863,20260964,13,True,True,0.0008033443653287569,0.0,12,3504,307.4081257329009,3644.7352631364224,3952.143388869323,307.4081257329009,3644.7352631364224,0.0,True,25.617343811075074,1.040164173269527,1.1282167824348626,4.823190306114465,10.000000000000002,False,5,B,-9.024854178448264,-1.1847526152906203,-9.024854178448264,5.069420731947635,6.192497617165071,5.172613053532639,4.644644127103261,0.9718463919311564,-0.6818077145562772,-4.38540782652069,-5.782830338238774,4.865930827538302,5.867046731773307,2430,115,117,3421.6796975645298,229601.61696266572,0.22926063950675923,4.887263900977565,5.730800864840476,6.317343583616727,4.481884375376079,4.804104653027778,5.498293439731888,3.254617583131073,3.578114042381387,4.015715748763961,1.9068239652318308,2.111276251733196,2.578812892332184,1.4470976575764967,1.5494114036658073,1.7819353351544773,3.2735573597977514,3.5921786718002675,4.0295380488666535,7.136393727501565,229648.97997429132,229646.0516984504,-2.9282758409099188,307.51971420102745,3621.019634478678,4.8843580586191555,True,,photometry chi2/N 25.6 > 3; 5 pixels with |pull| > 4
206501-M1_206501,206501,M1_206501,0.9261999726295471,30.5,20260883,13,True,True,0.0005482497302253538,0.0,12,3830,275.2634309853637,4386.896899233381,4662.160330218745,275.2634309853637,4386.896899233381,0.0,True,22.93861924878031,1.145403890139264,1.2175921468317432,5.433848577404912,10.000000000000002,False,17,u*,7.241406089805601,7.241406089805601,5.66805775403887,5.595159299898517,5.398110413353342,4.588510706678024,5.1620645346278495,1.6798155060986033,-1.1979006541873787,-5.808011108921921,-5.696535255800052,-3.188661781099035,-1.3942842987736879,2090,129,117,3460.9430493544874,251880.24014635515,0.27079199161942175,5.838618019780664,5.845653924378014,5.870158106989227,5.514309783219131,5.528381592413833,5.57738995763626,4.545736091008653,4.573949015236089,4.651954048806777,3.575310770992724,3.615362154577231,3.6362521427996928,3.2499535228159226,3.2940250896500984,3.3062384562547504,4.519510396433864,4.558589011177603,4.5950797204547555,6.162926256342195,251922.42176367203,251927.02611370117,4.604350029141642,284.87747737661897,4391.48968177869,5.4113914837117765,True,,photometry chi2/N 22.9 > 3; 17 pixels with |pull| > 4
206545-M1_206545,206545,M1_206545,0.7282999753952026,31.399999618530273,20260877,13,True,True,0.00015109794894951767,0.0,12,3422,133.12234270012615,4401.005871311458,4534.128214011584,133.12234270012615,4401.005871311458,0.0,True,11.093528558343847,1.2860917215989065,1.3253809453410066,5.714491896534291,10.000000000000002,False,22,4.5um,7.035869103899069,1.7148077485815019,0.0606650961650661,-0.06642453146891894,-2.435263051584015,-3.92933400377155,-1.431460244620168,-2.6748472893344846,-0.6959725652683614,0.5158275260380354,2.629649435038029,6.513882119737939,7.035869103899069,2095,532,117,3992.4870699624876,222102.43228354462,0.24048017961148643,4.583662828945128,4.59983179146225,4.663638567651109,4.1597361734825045,4.179553919670438,4.237736199288722,2.889550565714476,2.923976069792048,2.9686176829514688,1.7168786143972024,1.737321222958577,1.7607806888204443,1.3253165616266098,1.3417285809539075,1.3570558307948604,2.9288352907039736,2.955123625618352,3.0074328645768613,7.138600795361539,222139.07623209304,222137.3270302625,-1.74920183053473,128.41933894053483,4466.217494085437,5.63914025204073,True,,photometry chi2/N 11.1 > 3; 22 pixels with |pull| > 4
206669-M2_206669,206669,M2_206669,0.6715999841690063,35.20000076293945,20260861,13,True,True,0.0005116407573812463,0.0,12,3594,92.30088663624625,3896.2977911362264,3988.5986777724725,92.30088663624625,3896.297791136227,4.547473508864641e-13,True,7.69174055302052,1.0841117949739083,1.110102610011821,3.5705394667207715,10.000000000000002,False,3,4.5um,5.5539709327786895,-0.4395707704558815,-0.8889142424764663,0.2496602505423604,-3.034085985430248,-3.1675574141568013,-0.36715997834051733,-1.8549002927257603,-0.5981452651402664,0.5354235075459317,2.500718034563658,5.540394048894951,5.5539709327786895,2047,408,117,4103.923360457909,234091.56597818373,0.271483347580342,5.827065446624426,6.317677419753355,6.662405750266391,4.790556121775592,5.173005602420617,5.8624622634466865,3.473486370650642,3.7446382320564524,4.101229895405591,2.003939054704671,2.183456379076067,2.479739987713242,1.500612228925463,1.5884482424287352,1.7310616721510592,3.5591666273997133,3.8084848250459014,4.157808154332717,7.462349237086094,234127.20056726274,234129.7503789767,2.5498117139504757,95.0959645551302,3923.5164676560585,3.538664272436401,True,,photometry chi2/N 7.7 > 3; 3 pixels with |pull| > 4
206771-M5_206771,206771,M5_206771,0.6294999718666077,12.300000190734863,20260978,13,True,True,0.00020043187402884482,0.0,12,3571,34.79947932155421,4106.403031762439,4141.202511083993,34.79947932155421,4106.403031762439,0.0,True,2.8999566101295176,1.1499308405943542,1.160000703384872,6.663867356932765,10.000000000000002,False,3,4.5um,2.979260613446206,2.9426828872894593,1.0438439289367392,1.9106489148551598,-0.9143228030090477,-1.8805319872783117,0.34873417057205686,-1.1766680437894934,-1.2916477085297902,-1.1868601621745698,-0.10680698359147055,1.8859917789403022,2.979260613446206,2086,392,117,4092.308617528749,235550.98290498066,0.28046431796701,7.19709119713305,7.245181927293353,7.280795082201548,6.676721607345429,6.772903067666036,6.844129377482428,5.11561283798257,5.356066488784087,5.534132263325066,3.6814844682231254,3.934837607896635,4.025466121088553,3.1736754902761892,3.4577239507631248,3.4967211957365203,5.1229091037411285,5.3509975101510685,5.4441244559053015,7.717460786920669,235584.56076399563,235583.28377621438,-1.2769877812534105,31.26337452848876,4135.054156231509,6.604572608495807,True,,3 pixels with |pull| > 4
206858-M1_206858,206858,M1_206858,0.7247999906539917,33.400001525878906,20260869,13,True,True,0.0005104600993747458,0.0,12,3545,62.80641126322715,3968.8568390727396,4031.663250335967,62.80641126322715,3968.85683907274,4.547473508864641e-13,True,5.233867605268929,1.1195646936735513,1.1376024972731285,4.347286965501565,10.000000000000002,False,13,B,-5.863977662979822,-1.7893561491046686,-5.863977662979822,2.478125737574115,2.2105321086066483,1.4647371840219905,2.6981640675973417,1.062212735361716,0.243957153008665,-1.489674323369225,-1.0186201848742706,0.18830901268275596,0.53412557695614,2089,415,117,3503.461940318158,233388.49047292923,0.3483532959177568,2.7315769536459653,2.736510462864424,2.752237770264478,2.4600667334104402,2.464653344777793,2.4791300591641487,1.6433594002309744,1.64950756834267,1.659476927537901,0.8276658489121085,0.8348599643339851,0.8403027421045469,0.5588807915552939,0.5639044197892575,0.5674266911617575,1.6458913496006187,1.6530916013386685,1.673677087047271,7.157956974242935,233426.39898316318,233422.75945428436,-3.6395288788189646,59.863501673121796,3982.2362144220165,4.344475476651462,True,,photometry chi2/N 5.2 > 3; 13 pixels with |pull| > 4
208364-M2_208364,208364,M2_208364,0.6678000092506409,25.100000381469727,20260906,13,True,True,0.0001793278298756569,0.0,12,3581,65.34274558300093,3760.265070217665,3825.6078158006662,65.34274558300093,3760.265070217665,0.0,True,5.445228798583411,1.0500600587036206,1.068605535139851,2.839517523229604,10.000000000000002,False,0,4.5um,5.221394294480492,-2.23556387876289,-0.40106388385822517,-0.06389279589335965,-2.1306738096483793,-3.1815302486682078,0.5487318737817404,-1.513922823585244,-0.5780064623291244,0.09480778196468971,1.9129973049330373,3.4146000577154845,5.221394294480492,2063,405,117,3925.862558817824,237075.77477043957,0.17509923203207137,4.565549408839375,4.585390154420818,4.624426406278491,4.117336263168174,4.147501357748947,4.200025112820787,2.8028904324932657,2.851910155774168,2.9369697239485,1.6525572222177347,1.6868873645738263,1.7328826704596862,1.268728241908684,1.298350651129864,1.3322725255309371,2.8662535732523042,2.9064284225820094,2.9656666426872866,7.484844711170318,237112.08612953726,237109.33636027327,-2.749769263988128,65.16029448255219,3746.762638619972,2.860840927060876,True,,photometry chi2/N 5.4 > 3
208622-M1_208622,208622,M1_208622,0.6478999853134155,17.899999618530273,20260946,13,True,True,0.00037356295126153956,0.0,12,3541,63.3825054564115,4026.04790530015,4089.4304107565613,63.3825054564115,4026.04790530015,0.0,True,5.281875454700958,1.1369804872352867,1.1552063307221925,4.06984109551895,10.000000000000002,False,5,4.5um,3.9923809453296752,-2.7186768017065224,-3.44205812082312,0.5346908214536421,-1.3486111127746698,-2.5526931519840406,0.22441643628459096,-1.6500519986178588,-0.35543774592113614,0.4551064790843483,1.912114321612742,3.5806242801810475,3.9923809453296752,2109,402,114,3248.6768389852728,235575.4016606964,0.20406459576471359,4.6045491608796105,4.627525742257003,4.708366116199912,4.2029120791349985,4.223703102205095,4.2999317859373525,2.994824229872497,3.011904374515483,3.076096986695688,1.7906868067587483,1.8000538932182404,1.8220647279664333,1.3881262410613064,1.3966337296217761,1.4081098664230487,2.9993215525969092,3.0192416093493075,3.097524953307657,7.604355740319842,235609.0021229146,235609.20932898525,0.20720607065595686,63.20808023108358,4026.3503060539892,4.072879363086829,True,,photometry chi2/N 5.3 > 3; 5 pixels with |pull| > 4
210210-M1_210210,210210,M1_210210,0.65420001745224,62.20000076293945,20260832,13,True,True,5.189344447689313e-05,0.0,12,3523,116.16045479127179,3919.1991145245747,4035.3595693158463,116.16045479127179,3919.1991145245743,4.547473508864641e-13,True,9.68003789927265,1.1124607194222467,1.1457579697092124,4.618504055002362,10.000000000000002,False,10,u*,-5.517719946502469,-5.517719946502469,-3.1389952362818874,4.837807233992268,2.500827497899076,-0.6590601961358904,1.2234222581059135,-1.011555990454451,-0.8596310298916064,-1.888978554500615,-1.3646332125691816,3.611773304703047,4.902520749615651,2113,416,114,3438.9379883838096,229449.03022326116,0.19151264690704736,6.9753032232060255,6.992404326462458,7.027716566257882,6.384398457738745,6.418600664251609,6.489225143842457,4.604311643651019,4.681588561779278,4.84305332491187,2.600543502548749,2.696260709356186,2.824647189207036,1.4511293998531167,1.5000436616377062,1.563317117895669,4.445371455835505,4.502715137290301,4.570418186801525,7.566207988673306,229492.04624191654,229487.41356765304,-4.6326742634992115,116.99339023322572,3935.1934391709997,4.611439083120291,True,,photometry chi2/N 9.7 > 3; 10 pixels with |pull| > 4
210940-M2_210940,210940,M2_210940,0.6948999762535095,13.699999809265137,20260966,13,True,True,1.729959517338949e-05,0.0,12,3577,86.55983146210147,3382.2589976223544,3468.818829084456,86.55983146210147,3382.2589976223544,0.0,True,7.213319288508456,0.9455574497127074,0.9700276367685838,4.072817640009928,10.000000000000002,False,1,4.5um,5.3608792872142725,-0.15549705920633675,-1.1332908206508137,2.417134027086024,-0.448393775534515,-3.1657186512619906,-0.6686331874616096,-2.767363601537891,-1.5428990601880344,-0.2306671533389075,2.09196907146536,5.052866291979627,5.3608792872142725,2063,412,114,3510.6125316294206,234545.00851467333,0.19895340327340721,4.585919439394336,4.768277765934069,6.629131290646496,4.138565061754722,4.3201179550317885,5.931617971972755,2.8295528163653794,2.979278100670397,3.8888500188281925,1.6660086061696087,1.7410584088522456,2.108698087397109,1.27196730340871,1.32355588115544,1.4719701681655264,2.888470365688544,3.0611720365132533,3.9624803814960234,7.326644609320238,234576.96022495598,234576.40166938317,-0.5585555728175677,84.05874267243806,3409.114881567686,4.014231905648178,True,,photometry chi2/N 7.2 > 3; 1 pixels with |pull| > 4
211157-M1_211157,211157,M1_211157,0.6069999933242798,35.099998474121094,20260862,13,True,True,0.0004887656045375174,0.0,12,3567,87.65722662234313,4330.775748643798,4418.432975266141,87.65722662234313,4330.775748643798,0.0,True,7.304768885195261,1.2141227217952895,1.2390445808373922,4.79598670835832,10.000000000000002,False,14,4.5um,6.067591717719464,-0.15431256781873162,-1.9027187076692311,1.1347613469380144,-1.8415227829569838,-3.1203001113984357,-0.12636951852234835,-1.6673163804920204,-0.9455999664756507,-0.20918671870155472,1.158561625734408,5.263662951983524,6.067591717719464,2091,392,116,3101.2305023760673,232626.9156153903,0.24697244321408957,4.95605933622219,6.751001938726459,7.056445948903066,4.526200388524358,5.642730560811048,6.253618581164262,3.2411845295736637,3.6990884890338673,4.111015410401485,1.8954321989455896,2.0863299762643477,2.238288618564693,1.4438771873093772,1.5374959162531607,1.6094515114845804,3.333125140134994,3.884720877861888,4.219677646404531,7.859273316641871,232661.60205126912,232662.94847265165,1.3464213825354818,85.19800143567429,4291.251991442734,4.832364178240003,True,,photometry chi2/N 7.3 > 3; 14 pixels with |pull| > 4
211347-M5_211347,211347,M5_211347,0.6972000002861023,29.200000762939453,20260888,13,True,True,0.0009199363327579466,0.0,12,3413,111.51053032879261,3902.1772535375844,4013.6877838663772,111.51053032879261,3902.177253537585,4.547473508864641e-13,True,9.292544194066052,1.1433276453377041,1.17634460253997,4.064825073531128,10.000000000000002,False,6,3.6um,6.624044095687456,1.4701788224373287,-0.9136376195782897,1.3008171926686822,-1.7648657480495593,-2.7490035151321757,-0.32399271705354843,-2.582134508391384,-1.4212436239119592,-0.4309001133933209,1.171550596403534,6.624044095687456,6.474718899492335,2139,497,117,3406.52000402501,223247.57411288435,0.2773828504288571,4.593425612283133,4.619392337129584,4.7395369665984495,4.17952350376235,4.204381570701461,4.318002809732607,2.929391194370704,2.9639406976123532,3.0451994882505624,1.744935345564565,1.7658338756380836,1.7979871266636716,1.3485557385930345,1.3648702673575057,1.382953233396427,2.9578190543954412,2.9881017742990483,3.094686507589719,7.313453528218869,223282.54157301856,223281.95501710696,-0.5865559116064105,108.32304250617373,3928.7843217317586,4.041841987732632,True,,photometry chi2/N 9.3 > 3; 6 pixels with |pull| > 4
211767-M5_211767,211767,M5_211767,0.6674000024795532,28.5,20260895,13,True,True,0.0005661399419554324,0.0,12,3386,156.0945659018847,3610.709850511792,3766.804416413677,156.0945659018847,3610.709850511792,0.0,True,13.007880491823725,1.066364397670346,1.112793032913937,4.193701702006016,10.000000000000002,False,0,B,-6.072089266732066,-4.393895187377724,-6.072089266732066,4.868252283159517,3.3248912119346374,1.5186007510061188,2.27527354740146,-0.7998961721527668,-1.511917815480514,-2.4618129875054677,-1.9743133150856405,4.466444187565122,4.984665866606337,2167,497,116,3534.610611752211,220618.97378879008,0.2424509882236814,4.6058589682488185,4.629425152760468,4.717736540808875,4.2036205012528844,4.226341613798807,4.311401203751055,2.9985087248886546,3.0161960683616194,3.088086940773316,1.7943458379921333,1.8022707869808312,1.8314594912506297,1.392519569109821,1.3978968223173043,1.4115980513652409,3.0001124541600928,3.0230719480782886,3.11117711024648,7.487218724767715,220659.24780285638,220658.6654938215,-0.5823090348858386,158.4386625486037,3612.593700951659,4.185594429755959,True,,photometry chi2/N 13.0 > 3
212391-M9_212391,212391,M9_212391,0.7262700200080872,19.600000381469727,20260933,13,True,True,0.0002802389056073469,0.0,12,3557,29.3741636723858,3944.79681460032,3974.1709782727057,29.3741636723858,3944.7968146003195,4.547473508864641e-13,True,2.447846972698817,1.109023563283756,1.1175958881531793,3.8980916812187196,10.000000000000002,False,4,3.6um,2.6768874049484372,0.6693477248459601,-0.8058257845595735,2.052524210556017,-0.7193601613730577,-2.1468635875374797,0.4810957648560117,-1.5455499408494293,-0.9332615845261768,-1.3161258033511878,0.3125567810066974,2.6768874049484372,2.5398157748621624,2072,420,117,3581.035902773391,231354.9846615871,0.26266598792171114,4.589910735709082,4.606856990428284,4.6533483731052945,4.168658102089622,4.200157385721996,4.239306330495614,2.903426214194352,2.9683125239368975,3.0095374879329855,1.726010775108796,1.766615854352719,1.7993268001063178,1.331966932775963,1.3664776092346917,1.3961656447819777,2.9385251994946504,2.9884132167521678,3.02628845158544,7.149817387204566,231390.06269833658,231389.8145325664,-0.24816577017190866,28.869170333387565,3943.930523152178,3.90262306766856,True,,4 pixels with |pull| > 4
212718-M11_212718,212718,M11_212718,0.8897830247879028,11.5,20260981,13,True,True,0.00024418919796897776,0.0,12,3794,126.93895655780838,4212.186801659878,4339.125758217687,126.93895655780838,4212.186801659878,0.0,True,10.578246379817365,1.1102231949551604,1.1439825357810933,5.397813256571494,10.000000000000002,False,0,B,-5.080403563479733,-1.119039965672479,-5.080403563479733,2.7704243177867456,4.798689277389731,4.591283200882292,4.509710295326372,1.0144867452652577,-1.4062590471068337,-3.693944210451668,-3.32405303632449,0.20753134640966003,0.10861925871504773,2129,126,117,3971.4710646305575,249997.8790427271,0.2799060066186854,5.944753585882505,5.988986926556376,6.073766500407039,5.563198472090216,5.651665153437959,5.821224301139285,4.470623804404317,4.634563669612286,5.063597703336022,3.417559238890604,3.573124765115495,3.715058119912453,3.0473389631044308,3.193234262495574,3.3165904249710154,4.423738290204004,4.581346851432832,4.76854540951176,6.326308699674794,250039.0616433839,250041.14429393318,2.0826505492732394,127.60438359333216,4208.118948546169,5.39168269917955,True,,photometry chi2/N 10.6 > 3
213004-M11_213004,213004,M11_213004,0.7464920282363892,39.400001525878906,20260849,13,True,True,0.0003589238746263674,0.0,12,3439,220.49199842978925,3869.607943045005,4090.0999414747944,220.49199842978925,3869.607943045005,0.0,True,18.374333202482436,1.1252131267941277,1.1896742121799868,4.574287693333541,10.000000000000002,False,10,4.5um,9.943898808688441,-4.4373677377409875,-4.349951816178472,3.4842456497985532,1.4798500070292802,-0.24261360416102287,0.8790320030351672,-2.1333931824860604,-1.7164863015738743,-1.7557538304063984,-0.3685247445770723,7.557837359965155,9.943898808688441,2105,505,117,3506.5108958392925,223801.49093729514,0.3160605710137908,4.6050844121577565,4.625525636899541,4.730305137178838,4.204299214408839,4.224546090186869,4.323186559096004,3.001961898217884,3.019757413096319,3.103192770121999,1.7991760448776766,1.806771514962553,1.8414871358316245,1.3983483209728158,1.4022107825232237,1.4194389026130345,3.00290079237531,3.0233509705044055,3.1206985729584966,7.039274401141065,223841.3759752886,223836.70436147004,-4.671613818558399,223.35202386086277,3851.993859981478,4.596287675982547,True,,photometry chi2/N 18.4 > 3; 10 pixels with |pull| > 4
213587-M9_213587,213587,M9_213587,0.8900439739227295,27.100000381469727,20260899,13,True,True,0.00037161489796031004,0.0,12,3738,121.26299627700229,4115.536699947424,4236.799696224426,121.26299627700229,4115.536699947424,0.0,True,10.10524968975019,1.1009996522063734,1.1337435633461135,4.059346669331103,10.000000000000002,False,6,B,-7.4596993447984845,-4.111899987190365,-7.4596993447984845,2.1249052898090137,2.08396202394041,1.3839169715652584,2.489050512796356,-0.4067607611023224,-1.1545367472020962,-2.07800758904342,-0.04538431894367139,3.1461166823081723,4.0028498270105715,2198,126,104,3795.1469087889877,245317.56735832387,0.29918744665203306,4.602684883548766,4.611689217797869,4.648057303144849,4.202040545984101,4.211044727562175,4.248991537099652,2.999657388264943,3.0087088341738397,3.0476380591610424,1.7972655521881225,1.8011330801942451,1.8155480442329341,1.3962198315153045,1.3984547254509845,1.4059142881079865,2.9995632804706673,3.00759005657987,3.042968737436056,6.325114049155248,245356.2984294613,245355.38488039162,-0.9135490696935449,129.34052029823698,4105.004347031726,4.064508706139677,True,,photometry chi2/N 10.1 > 3; 6 pixels with |pull| > 4
213772-M10_213772,213772,M10_213772,0.7003939747810364,40.900001525878906,20260843,13,True,True,4.603851245588412e-07,0.0,12,3565,95.47118187152152,3664.8119777965294,3760.2831596680508,95.47118187152152,3664.8119777965294,0.0,True,7.955931822626794,1.0279977497325468,1.0550738382906988,4.8634088288527435,10.000000000000002,False,12,4.5um,6.1221705363758625,-1.1822926288913829,-0.12117390841255683,1.4547491781140192,-1.5735508047858284,-3.5064058092014587,-0.22026524368310949,-2.1649670497731575,-0.6065114674807074,-0.17138399500292048,1.4841370778270775,5.688143916031532,6.1221705363758625,2082,412,107,3795.0152031609064,231049.24572725812,0.20460807492261732,6.988783085647079,7.0273459017487285,7.0397754802121915,6.682370547449912,6.759496179653211,6.784355336580136,5.76313293285841,5.955947013366656,6.018094905683968,4.270209467629414,5.152397847080102,5.251834474787802,2.7672828892684405,3.4534629446217195,4.825537780693494,5.37609976063595,5.63281518393585,5.7343697125479185,7.295195623844247,231088.43742133377,231086.4637627656,-1.9736585681675933,96.94909686104674,3658.0477139907093,4.872996675755117,True,,photometry chi2/N 8.0 > 3; 12 pixels with |pull| > 4
214296-M11_214296,214296,M11_214296,0.6797130107879639,19.100000381469727,20260937,13,True,True,0.0006798547335159326,0.0,12,3427,157.21507678194544,3844.3359542698704,4001.5510310518157,157.21507678194544,3844.3359542698704,0.0,True,13.101256398495453,1.1217788019462709,1.1679950470087028,4.688220002560803,10.000000000000002,False,5,4.5um,7.714909695304627,-1.4959005830938739,-4.867483976972396,3.0922577780418585,0.9485448412881635,-1.9464881567651955,0.06790910460598826,-2.5485144050001836,-2.1205478506860813,-1.2709245522538675,0.8338504616509483,6.648887005543574,7.714909695304627,2112,510,117,3605.177332614528,224667.80407425304,0.3244202108060642,4.224350063459038,4.3377816963077205,4.631936608976944,3.4153995916051456,3.603864672604869,3.885917631630579,2.1877733227480585,2.2691807568200315,2.374030113289462,1.2074563167469423,1.2650491819054803,1.3217118428087553,0.8085302863469286,0.8742863197085292,0.9444708871651452,2.3326307094903433,2.4247918074108457,2.5876481385157515,7.414664722069171,224705.28346491154,224704.9996450021,-0.2838199094403535,154.28351760649377,3849.815533783659,4.677249379671757,True,,photometry chi2/N 13.1 > 3; 5 pixels with |pull| > 4
214430-M11_214430,214430,M11_214430,0.8910719752311707,15.199999809265137,20260956,13,True,True,0.00019782156651264557,0.0,12,3810,209.6828102380749,4425.768701861249,4635.451512099324,209.6828102380749,4425.768701861249,0.0,True,17.473567519839573,1.161619081853346,1.2169733557624898,5.227790633425271,10.000000000000002,False,4,B,-9.387091706583352,-3.643530729139152,-9.387091706583352,2.835808754375232,5.258914465927214,5.463335792314473,5.360650896884376,2.0057937111271027,-0.10278922348399533,-2.5346233344102798,-1.8647051076893904,-0.1329234939248339,0.23347678605727482,2113,126,117,3596.1231327595956,251152.74454661654,0.23517189413278294,5.681464443101696,5.788999007587478,5.868492108734945,5.042517710905931,5.257586839877495,5.4165730421724305,3.922572587930221,4.089663115791492,4.246361814948171,2.593722891512874,2.946588613646755,3.140529169255387,1.7913374312720578,1.9660645287027934,2.229121997085865,3.8420348084654767,4.008837376833551,4.166440866560755,6.32041117529746,251193.75305009933,251191.0115412955,-2.741508803825127,210.42923421505506,4456.193483113613,5.181890974419745,True,,photometry chi2/N 17.5 > 3; 4 pixels with |pull| > 4
214899-M9_214899,214899,M9_214899,0.6750689744949341,18.799999237060547,20260942,13,True,True,0.0006773535011051655,0.0,12,3493,24.329052786666946,3784.89996481247,3809.229017599137,24.329052786666946,3784.8999648124704,4.547473508864641e-13,True,2.0274210655555787,1.0835671241948097,1.0908445067580577,3.922451012805677,10.000000000000002,False,3,i+,-2.6557100041437183,-0.3178860108146578,0.10220787666593899,2.005644431640734,-0.2457183070309207,-2.6557100041437183,0.20631260278295055,-1.7964554591231467,-0.5005529822886928,-0.02525760317598564,1.1415916404638446,1.6311873855572223,2.3657472435569713,2170,391,112,3747.0694586055015,231604.74322437219,0.20074482848277533,4.579633093402844,4.612990198734778,4.783040430484691,4.1468608547360395,4.189415106759734,4.330567824754793,2.852142875705798,2.9209472976054762,3.017975844459118,1.688955222875842,1.7299531099429644,1.7779653672228455,1.2994761742168317,1.3301487140090038,1.3634710511421522,2.90819215496583,2.9637557868041178,3.0888870833972932,7.4419030649744835,231639.42652643076,231638.85288319187,-0.5736432388948742,23.90665159261564,3754.369741857215,3.976073739478361,True,,3 pixels with |pull| > 4
215519-M10_215519,215519,M10_215519,0.6146249771118164,17.700000762939453,20260948,13,True,True,0.000200545059781081,0.0,12,3575,23.6493049625588,3657.983289548685,3681.632594511244,23.6493049625588,3657.983289548685,0.0,True,1.9707754135465667,1.0232121089646673,1.0301154433439406,4.441592706307551,10.000000000000002,False,6,4.5um,2.4145886086147703,-0.5482162134158981,-1.3343990472403982,0.8957126410332813,-1.0392872508763271,-2.2499492730688067,0.32463530174616,-1.2569480025330337,-0.6758906252652008,-0.11034849504946351,1.0806569077503665,2.3390347331951795,2.4145886086147703,2089,391,111,3319.5343218939015,236428.0807733125,0.2945097814445538,7.491653348631025,7.516621093103267,7.521929658918804,7.172531360342794,7.222466849287278,7.233083980918353,6.215165395478101,6.340004117839309,6.366546946916999,5.2577994306134075,5.457541386391341,5.500009912915644,4.569894885621877,5.163387142575352,5.211164234915192,6.020591530577567,6.209749812158883,6.266990603512994,7.8107753369192565,236461.63485783353,236460.26337940266,-1.3714784308685921,24.877505427660743,3663.7581263608536,4.433448070224496,True,,6 pixels with |pull| > 4
215585-M11_215585,215585,M11_215585,0.7487310171127319,35.599998474121094,20260859,13,True,True,0.000868283923024183,0.0,12,3757,210.022885959441,4303.033858506716,4513.0567444661565,210.022885959441,4303.033858506717,9.094947017729282e-13,True,17.50190716328675,1.1453377318356976,1.2015593036384868,4.649112868071166,10.000000000000002,False,5,B,-9.531642609226502,-6.35819399251145,-9.531642609226502,3.835650917518724,2.925339602059556,2.3928359243906145,2.8952932863335885,-0.30070408903562146,-0.8930437445620547,-1.4678225284537723,0.04412187332105336,4.363481134904215,4.391065947051621,2096,196,117,3899.7461067482177,245159.06856699378,0.31036211235577316,6.5271257146745265,6.559573879957002,6.586975198582388,6.027054761447068,6.091951092012018,6.146753729262791,4.615098773870653,4.728029267459895,4.837097044531657,3.3906870092152475,3.5025024187127016,3.612848982771345,2.9205605196585673,3.095822924434528,3.2080070849174964,4.607799047182572,4.71811461518326,4.829346494299237,7.027196667901984,245202.12925825024,245203.32888402048,1.199625770241255,330.5228157732869,4269.7962075881915,4.562400051019296,True,,photometry chi2/N 17.5 > 3; 5 pixels with |pull| > 4
216730-M10_216730,216730,M10_216730,0.8937180042266846,36.70000076293945,20260853,13,True,True,0.00023418103205535533,0.0,12,3418,40.09606810584972,3550.5864559310603,3590.68252403691,40.09606810584972,3550.58645593106,4.547473508864641e-13,True,3.34133900882081,1.0387906541635636,1.0508289505522124,6.224072317326122,10.000000000000002,False,14,4.5um,3.947322340880371,0.2310752730661807,-0.7920518058891151,2.3150249793195408,0.21666525051597987,-1.527216074785746,0.14379774548791274,-2.052369201762938,-1.072586054863555,-1.8578259714791179,-0.18773867869730462,2.6879728503914406,3.947322340880371,2172,466,110,3749.940678246312,221153.67814136253,0.17957929128562186,2.7309591484933433,2.73417692494328,2.742383722096722,2.457694614470536,2.4624313462156797,2.46970465814662,1.634613921072179,1.6479492810164422,1.6534647440392705,0.8186645047187839,0.8342709371573015,0.8401894220183692,0.5538968668289711,0.5651620817770149,0.5694711696075626,1.6419871276313311,1.6510506482893557,1.6606760667794294,6.308331206012428,221189.53696222475,221182.72087766678,-6.816084557969589,38.613288299421825,3611.897590669965,6.1684954301825154,True,,photometry chi2/N 3.3 > 3; 14 pixels with |pull| > 4
216899-M11_216899,216899,M11_216899,0.697825014591217,21.100000381469727,20260926,13,True,True,2.8921654436570704e-05,0.0,12,3430,44.999623158955565,5874.166398884105,5919.16602204306,44.999623158955565,5874.166398884105,0.0,True,3.7499685965796306,1.7125849559428876,1.72620764714,9.994150172122794,10.000000000000002,True,12,4.5um,3.340631900108259,-1.266991983467511,-0.48492627454502735,2.301412736728143,-0.6890967692039652,-2.505428506476606,-0.9326543478558357,-2.338513266279835,-0.7982428664863621,0.2031888864218346,1.6294845296161737,3.2060360083740167,3.340631900108259,2101,518,117,3744.453943646808,221939.95829051503,0.23836239631826756,6.568160460980777,6.736222741886209,6.8642595023434145,5.826445695966554,6.162570257777419,6.418643778691828,4.208874337198966,4.581882477836755,5.08179660773707,2.8603407192538066,3.2937059602533303,3.7285255558759207,1.924956101934272,2.4962133099183745,3.2593271001087847,4.245917465284827,4.605702599512864,5.027743029801112,7.309875225995,221978.22775060293,221979.8434693751,1.6157187721692026,47.44645542933907,5868.277629504472,9.99970656570519,True,,photometry chi2/N 3.7 > 3; spectrum chi2/N 1.71 > 1.5; calibration floor at prior bound (10.0% of 10%); 12 pixels with |pull| > 4
217020-M10_217020,217020,M10_217020,0.8934249877929688,12.800000190734863,20260973,13,True,True,0.0007043948082247765,0.0,12,3443,101.79978059449542,3528.184081197288,3629.9838617917835,101.79978059449542,3528.184081197288,0.0,True,8.483315049541284,1.0247412376408038,1.054614718707665,6.801924695651208,10.000000000000002,False,6,4.5um,6.166287775434725,-1.096745947214252,0.9897227639935219,1.7317271053147467,-0.8642183458228485,-2.992478117394648,-1.0932375215444412,-3.153979190446699,-1.3472000303215983,-0.26835465932061026,1.6954048917790205,5.743647146096995,6.166287775434725,2120,486,117,3274.9834522834517,225043.72444196785,0.2724254742470284,4.50788225816251,4.545085703828939,4.782098749978018,4.006247429424729,4.055295729378221,4.256838697452552,2.6313282958438196,2.6876755154931593,2.8004838170636805,1.5328223155874379,1.5640195553965963,1.611745663630564,1.1632805465613334,1.1864321136221756,1.2193575996768615,2.7330983524218513,2.7823308129585778,2.928200108216609,6.309667148542967,225077.8183481828,225077.60282295462,-0.21552522818092257,103.56835955200202,3555.3289187204437,6.740817020848349,True,,photometry chi2/N 8.5 > 3; 6 pixels with |pull| > 4
217564-M11_217564,217564,M11_217564,0.8899400234222412,3.700000047683716,20261015,13,True,True,0.000600152686892658,0.0,12,3827,141.64761054787806,4330.4472751547855,4472.094885702663,141.64761054787806,4330.4472751547855,0.0,True,11.803967545656505,1.1315514175998918,1.1688695467074395,9.130518599512381,10.000000000000002,False,2,4.5um,5.44166191263448,1.0771754109993144,2.6467069781857093,4.912608851443524,4.39570669006269,1.8011744276041324,1.0298127787800702,-2.502270281548912,-3.836187990965127,-4.885037270232973,-1.1309546315809018,3.160618989609226,5.44166191263448,2100,126,113,3480.4192535512443,249287.32688167036,0.30901508129613064,4.552432303497457,4.655387638442912,5.271936161320581,4.070365015126325,4.218139031599772,4.6691323884874425,2.6848890839383577,2.9355992775235507,3.2518341936897497,1.5589459857236911,1.706572821496592,1.832223177990832,1.1769518902498,1.2775913851932685,1.3831156382266638,2.785977261332209,2.9623052064956195,3.2973429378704195,6.32558990255876,249317.84664144058,249317.6155427242,-0.23109871638007462,130.28997753458833,4321.235201028973,9.325589052681849,True,,photometry chi2/N 11.8 > 3; 2 pixels with |pull| > 4
218207-M11_218207,218207,M11_218207,0.6817629933357239,36.79999923706055,20260852,13,True,True,0.00024683232523275284,0.0,12,3424,196.88821994275474,3700.8898791015963,3897.778099044351,196.88821994275474,3700.8898791015963,0.0,True,16.40735166189623,1.0808673712329429,1.1387023368519869,5.639582092141655,10.000000000000002,False,9,B,-8.278458013042847,-8.240020416006372,-8.278458013042847,4.0112436825151,3.7174777391994853,1.8670317200304205,2.983834727430769,0.14580083690539328,-0.026683552758243745,-0.7545194145893909,-0.04225900065331368,2.6930701162443014,3.211376768535618,2102,523,117,3448.365237027024,223496.43020899847,0.3935669571569242,4.603320545538322,4.616004964691191,4.6727232616200975,4.202101474790273,4.214201013736511,4.267609836000947,2.997367838599969,3.0071477094148893,3.047222572416947,1.7947264276292179,1.7994535674734942,1.8156912188948304,1.3935828474061611,1.397277980498016,1.4053665725876003,2.9991598644882917,3.011844921129436,3.065550523781974,7.402689487492514,223535.95757186488,223532.23975202587,-3.7178198390174657,193.4091623928619,3713.6582116701043,5.641081792098988,True,,photometry chi2/N 16.4 > 3; 9 pixels with |pull| > 4
218701-M9_218701,218701,M9_218701,0.695285975933075,30.700000762939453,20260880,13,True,True,0.000224630667559162,0.0,12,3580,36.064519734795766,4008.488667351988,4044.553187086784,36.064519734795766,4008.4886673519886,4.547473508864641e-13,True,3.0053766445663137,1.1196895718860302,1.1300791246400625,3.42593437626365,10.000000000000002,False,4,4.5um,3.1771616040165678,-0.13921938450032528,-0.9827450196361823,0.8316399680405546,-1.5280694241884474,-2.6497997432080806,-0.08880459328091544,-1.714865874768173,-0.32423273658767965,0.2511367775840014,1.774473635824004,2.944712163936142,3.1771616040165678,2059,414,113,3401.130062568767,235733.14729221593,0.26772797782655305,4.478284578885716,4.5161836113209795,4.600922507795897,3.943790605696259,4.000956920209031,4.072971256835224,2.55059529508925,2.6028844517606697,2.6720775681750677,1.4701189570236441,1.5044110370809314,1.5403243450635795,1.1104542035044762,1.1355353363153389,1.164444324704648,2.666494260937621,2.7180998170159674,2.784143550192155,7.324428287551383,235768.81395293272,235764.55465552563,-4.259297407086706,36.245587439286766,4016.7253685807573,3.42490816842164,True,,photometry chi2/N 3.0 > 3; 4 pixels with |pull| > 4
221163-M11_221163,221163,M11_221163,0.6975380182266235,34.20000076293945,20260868,13,True,True,0.0002481197572580521,0.0,12,3615,275.73042413388856,3998.9594931325664,4274.689917266455,275.73042413388856,3998.9594931325664,0.0,True,22.977535344490715,1.1062128611708344,1.1828140335546362,4.83503103072741,10.000000000000002,False,4,B,-9.553959202869564,-7.993799547028784,-9.553959202869564,4.975620759358636,4.470474000822309,3.1836402779626147,3.3055573096578934,0.3059197225449374,-0.4319860258494905,-1.8486623101701554,-1.4513601347670237,4.6255301417735035,5.248572732883338,2124,311,116,3275.465004224459,235507.18905872875,0.29499965860364846,6.145347210188657,6.414432279258395,6.636181944085536,4.992140008835014,5.517346567107694,5.960845896761976,3.680928233163405,3.8982251452620167,4.128760374648627,2.1251577653704072,2.288501476708236,2.4872809984904776,1.5575897447790483,1.6395906922918821,1.7368111147937417,3.7374377890604027,3.955796745788195,4.1391573654668115,7.3115179914090955,235554.53820402813,235551.45733644965,-3.0808675784792285,275.85480108991703,4021.9984973819433,4.816432561970475,True,,photometry chi2/N 23.0 > 3; 4 pixels with |pull| > 4
225431-M9_225431,225431,M9_225431,0.7014380097389221,19.899999618530273,20260931,13,True,True,3.483803990899194e-05,0.0,12,3439,52.40674594974969,3716.7141283340334,3769.120874283783,52.40674594974969,3716.7141283340334,0.0,True,4.367228829145808,1.080754326354764,1.0963120634915018,4.542389564787779,10.000000000000002,False,6,4.5um,3.8774054015577706,-1.39962103715711,-1.4881746302623533,1.5018267903736722,-1.0700422828160014,-2.8168978936277655,0.023763999924865022,-2.2646168839123217,-0.3666398504643683,0.26369707139621157,1.9365675435596015,3.574936845696053,3.8774054015577706,2222,388,117,3466.218858402697,225456.79192013605,0.22359267709902028,4.6108589795995325,4.813046300788077,6.206594228434996,4.197597881358154,4.3873660872049625,5.123945793231375,2.9457897208449504,3.0866047010591595,3.515193181088605,1.7342315938606858,1.7915784531585561,1.964311701781539,1.3280390593349307,1.3656764475043828,1.433073556087364,2.969917726670954,3.141270145320757,3.6141883253342497,7.2892426636386185,225491.8066430501,225487.0367421631,-4.7699008870113175,52.03785303466584,3714.7146425476512,4.558456885051328,True,,photometry chi2/N 4.4 > 3; 6 pixels with |pull| > 4
225441-M10_225441,225441,M10_225441,0.6823199987411499,28.899999618530273,20260894,13,True,True,0.00033456485060466757,0.0,12,3535,19.07970243872872,3780.6750096367296,3799.7547120754584,19.07970243872872,3780.67500963673,4.547473508864641e-13,True,1.5899752032273933,1.0694978810853548,1.0751994091894337,4.3832563732687495,10.000000000000002,False,0,V,2.3368961889835833,-1.8846492755987492,-1.3905580978970982,2.3368961889835833,0.4535975605957812,-0.7039636616809181,1.6705759894826997,-0.3580779195296793,-0.6084195585767301,-1.103162407520901,-0.33822449328448856,0.3458931038191608,1.6405867560756942,2130,386,115,3314.3773731831093,231864.04059919273,0.19508525891609857,2.7327563783227125,2.7372870497281387,2.7508107388758907,2.4619517800506836,2.4658614469539417,2.478490427095132,1.6491851298282587,1.652118765142627,1.6609137886373209,0.8361618573809252,0.8391019342560697,0.8433203337413829,0.5660143426487028,0.5681987464920017,0.570444794879536,1.6511040911333086,1.6567251298293666,1.674390702210537,7.3994407707404495,231900.25957947635,231895.11894451716,-5.140634959185263,18.708111341809225,3774.163654683255,4.404383785092576,True,,
225678-M9_225678,225678,M9_225678,0.7325549721717834,12.300000190734863,20260979,13,True,True,0.0006110228825294558,0.0,12,3441,77.9004050976671,4025.3735872476773,4103.273992345345,77.9004050976671,4025.3735872476773,0.0,True,6.491700424805592,1.1698266745852013,1.192812207077135,4.554985328028108,10.000000000000002,False,3,4.5um,5.492405052745134,0.17924839431646417,-3.4373695296159683,1.847139426704624,0.8394962003702396,-1.8372354078908553,0.33107390620952704,-2.0048895577034362,-1.6261582638155594,-1.147713568437122,1.167356766954627,4.352078774867554,5.492405052745134,2204,404,117,3568.4678968435273,225525.73397078298,0.32633308535309574,6.515717112370836,6.7039456565353746,6.822492096739433,5.916257135222542,6.29271422355162,6.529807103959736,4.146329666601712,5.059019924600356,5.651752125620646,2.0987329997835302,2.353466918137298,2.6329335542818124,1.2117984760137201,1.322444686414578,1.4464815777385494,4.015654297350708,4.455553865930085,4.91278413298244,7.115177089519129,225561.07231091012,225560.1271031066,-0.9452078035101295,72.80574067532812,3944.3724740780754,4.796317341015991,True,,photometry chi2/N 6.5 > 3; 3 pixels with |pull| > 4
226316-M9_226316,226316,M9_226316,0.6087539792060852,51.5,20260836,13,True,True,0.0005246310565048971,0.0,12,3585,105.66894798140856,3702.2792635540227,3807.9482115354313,105.66894798140856,3702.2792635540227,0.0,True,8.80574566511738,1.0327138810471472,1.0624855500935912,3.347029879542552,10.000000000000002,False,1,4.5um,6.527841915421212,-2.3585818062900565,-2.209548744246339,2.0326060775556245,-0.6517694063677005,-2.4965795251640257,0.1068365326542318,-2.0501457462757458,-1.157259219622551,-0.9711126714961575,0.20306458236338334,5.9400301678543626,6.527841915421212,2072,392,117,3381.624748070375,232831.09999589415,0.25504688170217366,7.542412120059401,7.553738350825181,7.557795324580485,7.236747294756996,7.259399756288559,7.267513703799167,6.319752818849786,6.376383972678692,6.3966688414552095,5.402758342942574,5.493368189068825,5.525823979111253,5.09709351764017,5.1990295945322025,5.235542358329934,6.179693332463619,6.287905009388338,6.327475854714177,7.848076945361804,232868.69899816398,232862.9981822733,-5.700815890682861,107.80621866121383,3706.2608199047136,3.348038362581248,True,,photometry chi2/N 8.8 > 3; 1 pixels with |pull| > 4
226721-M11_226721,226721,M11_226721,0.7373420000076294,29.0,20260889,13,True,True,0.0002001951736899256,0.0,12,3405,40.45334262321747,3853.6612353871474,3894.1145780103648,40.45334262321747,3853.661235387148,4.547473508864641e-13,True,3.3711118852681228,1.131765414210616,1.14398195593724,4.878616658905775,10.000000000000002,False,11,B,-2.849890128234669,1.4802732804933931,-2.849890128234669,2.131161309731745,1.1755235837238949,-1.849700088171058,-0.056181364362952686,-2.0790113384804654,-0.9575772036022537,-0.9907628971014099,0.9466798878685369,2.4609692448047458,2.7601780940301004,2155,499,107,4221.926097739955,223848.63275296363,0.3051324174959412,4.568961928912887,5.831572074486374,6.2455592880331015,4.113942014278145,4.840374263574557,5.402153280945195,2.777975440518535,3.4003730698014873,3.7521723395409263,1.6326710798548234,1.8529401646881087,2.0703720777068613,1.247255636847966,1.323614417789503,1.416930970209582,2.853292163690646,3.4598159633635612,3.760234421501176,7.088965295121007,223887.94883964438,223885.17375475442,-2.775084889959544,42.51951526398029,3845.8544896126677,4.891184116631824,True,,photometry chi2/N 3.4 > 3; 11 pixels with |pull| > 4
227516-M10_227516,227516,M10_227516,0.7792009711265564,29.200000762939453,20260887,13,True,True,0.00025688215875225087,0.0,12,3686,126.50861330989693,3970.115867662872,4096.624480972769,126.50861330989693,3970.115867662872,0.0,True,10.54238444249141,1.077079725356178,1.1117027085407785,4.767502765206401,10.000000000000002,False,4,3.6um,7.437264440535672,-1.4902703559334323,-0.48431097078422897,1.406677070283283,-1.631236775145722,-2.864248453207192,-0.9698352653709945,-2.811931374667267,-1.9816409495336333,-0.15635632018594572,2.8733163701875313,7.437264440535672,5.902696120433661,2107,263,110,3517.1298276908274,238754.49871143998,0.23092031128286872,6.385920687609972,6.411764957745256,6.438499108658381,5.9058880813056955,5.957576621576263,6.0110449234025145,4.565459946920329,4.645138978395302,4.745671014299531,3.3755889256812717,3.4573049273001644,3.5388226012344477,2.915961323770314,3.0564775078067723,3.1384880696095325,4.549226135074807,4.62533601095356,4.712037001228752,6.865953293914249,238795.6634443646,238793.40398107131,-2.259463293274166,126.48369798240779,3993.7104845569893,4.741418266061957,True,,photometry chi2/N 10.5 > 3; 4 pixels with |pull| > 4
227630-M9_227630,227630,M9_227630,0.7295899987220764,19.100000381469727,20260940,13,True,True,0.0009540257434307865,0.0,12,3490,47.971708867450076,3905.7622794880162,3953.7339883554664,47.971708867450076,3905.7622794880162,0.0,True,3.9976424056208395,1.119129592976509,1.1331997673704404,3.9262558253089836,10.000000000000002,False,0,4.5um,4.230247908701382,-0.5175639115571675,-0.5687326900582932,0.6818178036461972,-0.3205352247666997,-2.1758606664345286,0.003846159763576253,-2.1947745481198124,-1.038523877170749,-0.9591557653912147,0.763376009741133,4.0969610161269,4.230247908701382,2144,415,117,3979.6983141027213,230158.79819659743,0.22217769172397137,4.600212022184331,4.64541536018619,4.814619734614693,4.1920243575716425,4.233619879686154,4.394768027023685,2.954847638637023,3.0034390550381973,3.1242933940357496,1.7605696057343534,1.7905999729559885,1.8339715007804267,1.3611646388905039,1.3848762143659807,1.4038610222136505,2.9756621237408774,3.019435366330594,3.1685431381622835,7.131486748057618,230193.09253959285,230191.4557224271,-1.6368171657377388,49.3803063002416,3936.9280444814917,3.8703097695301634,True,,photometry chi2/N 4.0 > 3
227672-M10_227672,227672,M10_227672,0.6092709898948669,19.299999237060547,20260934,13,True,True,0.00011154948873320819,0.0,12,3555,101.88077481500021,3726.9475071343522,3828.8282819493525,101.88077481500021,3726.9475071343522,0.0,True,8.490064567916685,1.0483677938493254,1.0773292858608194,2.9704888428802874,10.000000000000002,False,2,4.5um,5.921308779943306,-1.0809795322719757,-2.989746158353558,-0.22952760807922618,-2.3636664250790727,-3.0959017359836616,0.05589733487315929,-1.78688974281952,-0.49080981034381016,0.8958481798526806,2.4174780507481444,5.6039121186934,5.921308779943306,2101,393,117,3171.799070026652,235645.49646535158,0.30760805852428796,4.604052336949306,4.623730333964063,4.713597041758941,4.201767949154199,4.220239382399688,4.303824116486642,2.992828223377467,3.0100912656861323,3.076437313178211,1.789952267093208,1.8004152700751463,1.826962527786789,1.3888050863216521,1.396901810899397,1.4083068988001335,2.9975266646058443,3.0190952459117013,3.104650959135784,7.844781274772632,235679.3239608592,235677.54103622495,-1.7829246342589613,104.35005369497682,3716.231089142425,2.987796269059946,True,,photometry chi2/N 8.5 > 3; 2 pixels with |pull| > 4
228215-M10_228215,228215,M10_228215,0.6108589768409729,36.79999923706055,20260851,13,True,True,0.000489930877582479,0.0,12,3559,113.34712258573373,4005.350347734826,4118.69747032056,113.34712258573373,4005.350347734826,0.0,True,9.445593548811145,1.1254145399648288,1.157587821900101,2.8958739950054264,10.000000000000002,False,6,4.5um,5.974965323721934,-2.54803074802862,-4.440100865857225,0.3786359023301731,-1.9128001692738261,-2.994016540781646,0.10878755482657458,-1.3703828813971752,0.03707887320618229,0.9312830721492297,2.3097402885712386,5.529946086167268,5.974965323721934,2098,392,117,3695.8458909457995,235054.9036128033,0.25980423708000167,4.682435705077782,4.967430381214301,5.996342189294881,4.275832405166095,4.543099959181546,4.801100883204675,3.055140739924941,3.265001490614768,3.4633209965958107,1.8189368942776438,1.910191120531198,2.0147934731648,1.4075820505460959,1.452119856192568,1.5018263961089573,3.0756341018661235,3.343564701196586,3.569745765103919,7.834671790687586,235093.94533657155,235089.9304120023,-4.014924569259165,115.70439999001536,4046.245387790861,2.8622179871624955,True,,photometry chi2/N 9.4 > 3; 6 pixels with |pull| > 4
228380-M10_228380,228380,M10_228380,0.6113759875297546,36.099998474121094,20260855,13,True,True,0.0003687324280519611,0.0,12,3568,345.25092751981055,4043.9838877661714,4389.234815285982,345.25092751981055,4043.983887766172,4.547473508864641e-13,True,28.770910626650878,1.1334035559882767,1.230511582642552,3.24800982155231,10.000000000000002,False,5,4.5um,11.056394749489481,-5.54180070462282,-6.6250536072564765,0.7657039879442402,-1.6924783065326323,-2.5839440798647875,0.19552822233052702,-1.3330304505122719,0.048523938695562444,2.0678024456923843,4.586822327172692,10.542500549470123,11.056394749489481,2094,393,111,3553.6393882695825,233317.47413298278,0.36056309677393844,4.603829000937172,4.621720242642227,4.696586664700475,4.202936903198868,4.2198640432746775,4.290775676732421,3.0001061337062738,3.0133587185885347,3.073038643814321,1.797741055293776,1.8031133597865707,1.8280292946958598,1.3967441380851888,1.3996113310536134,1.4120517872930956,3.0013603210695234,3.0194279749070616,3.096434329152143,7.831384641599982,233356.28100073786,233355.28574078856,-0.9952599492971785,354.6010928183016,4012.3305607771426,3.263688593029721,True,,photometry chi2/N 28.8 > 3; 5 pixels with |pull| > 4
228717-M10_228717,228717,M10_228717,0.9398990273475647,14.300000190734863,20260962,13,True,True,0.0003378707415215982,0.0,12,3835,196.9823008051483,3742.679992885595,3939.6622936907434,196.9823008051483,3742.6799928855944,4.547473508864641e-13,True,16.41519173376236,0.9759269864108461,1.027559283696073,6.454274691499952,10.000000000000002,False,2,B,-7.927667299441855,-4.936977040073484,-7.927667299441855,0.3830936427962131,4.378701682257451,4.482424632100989,5.086037876434397,1.7656107961127026,-0.8707921124103184,-3.352135226708284,-3.075075969523919,3.397218314969594,2.893318719656904,2087,129,115,4857.735907948492,250104.02829441358,0.3352753220269998,5.719023572057284,5.822855675147534,5.918312670964245,5.334881565910889,5.54254577209139,5.733459763724812,4.265968078600292,4.592129484100309,5.178901042006512,3.2350408946430056,3.49125089105635,3.8128300751966067,2.422580480604245,3.09502647929248,3.259051190819943,4.172104245140246,4.476450043933134,4.783529863486501,6.103165578203678,250148.4630425033,250146.18302235327,-2.2800201500358526,207.55353598119595,3782.2133749277973,6.358991997656033,True,,photometry chi2/N 16.4 > 3; 2 pixels with |pull| > 4
229551-M11_229551,229551,M11_229551,0.6957730054855347,32.79999923706055,20260872,13,True,True,0.00015141224938001555,0.0,12,3463,99.3411159350828,3841.748442333931,3941.0895582690137,99.3411159350828,3841.7484423339315,4.547473508864641e-13,True,8.278426327923567,1.1093700382136678,1.138385198806763,4.701982207352064,10.000000000000002,False,12,4.5um,5.902986139550844,1.1751724994189197,1.0229012162514302,2.750600415866079,-0.37932688527248487,-1.983266215376761,-0.45421900825642786,-2.9244483012037175,-2.4134356380781363,-1.7639338138899794,-0.16809561758171507,5.718598942537518,5.902986139550844,2112,480,111,3230.7833836148066,226353.85399144294,0.24358257475518494,4.570606730446225,4.587913149765027,4.661407263361459,4.132775223423425,4.1552150169508035,4.224179199622034,2.8365425655106042,2.869437701335745,2.9159699594994826,1.6793192691137468,1.6996925953793718,1.7212734146987159,1.291421087781483,1.3089809583598666,1.3248593893762093,2.889372570052218,2.9176097127669784,2.980449279705966,7.321633337767794,226391.16886405164,226388.60716919912,-2.5616948525130283,93.20310136447853,3877.5784788252795,4.67187652333482,True,,photometry chi2/N 8.3 > 3; 12 pixels with |pull| > 4
229883-M9_229883,229883,M9_229883,0.7279890179634094,22.600000381469727,20260919,13,True,True,2.14735912252793e-05,0.0,12,3544,100.7720093357135,4135.827972346019,4236.599981681733,100.7720093357135,4135.827972346019,0.0,True,8.397667444642792,1.1669943488561,1.195766294575708,4.248786302732016,10.000000000000002,False,3,B,-6.069161366018115,-2.0669009507536282,-6.069161366018115,0.8953424952197305,-0.41704382155932546,-1.9977970579357245,0.16991552873929558,-2.2377892283805485,-0.41865340496687153,0.2783899000275617,1.5580339041489908,4.707682410384147,4.981903897122879,2078,427,117,3937.535810417855,233285.80664028795,0.3735928004742817,4.95987478554878,6.198395950614888,6.467289772461941,4.514618850185846,5.256474650953687,5.794262294647791,3.151505571049264,3.6083251829614245,3.9942738055834472,1.8179107148468572,2.0046744019226472,2.2278208635239722,1.3751324187011102,1.449266691106608,1.5403344157521441,3.2459764936839792,3.6973301479034606,3.984006137102306,7.140317250276088,233324.9308463083,233317.34208868156,-7.588757626741426,101.776878087432,4176.125953154155,4.2057912116205705,True,,photometry chi2/N 8.4 > 3; 3 pixels with |pull| > 4
230747-M13_230747,230747,M13_230747,0.6984639763832092,22.600000381469727,20260917,13,True,True,0.00028377681820273654,0.0,12,3562,23.695668076934872,3974.0745782321233,3997.770246309058,23.695668076934872,3974.074578232123,4.547473508864641e-13,True,1.9746390064112394,1.1156862937204164,1.1226538181154333,5.5420994780693364,10.000000000000002,False,4,4.5um,2.427662500063907,0.4252381501865917,-0.7988142716606087,1.5355707626056898,-0.46716118345709357,-2.0702285069069157,0.3530887178547311,-1.759180144383501,-0.7342569421003434,-0.40188553121959214,1.040311598199085,2.2624871374184363,2.427662500063907,2078,409,117,3392.3337557107448,234306.68292545,0.23404811652155527,4.574224476278409,4.595225643271792,4.659562113487163,4.138906173994209,4.17135799711318,4.2332589446827535,2.848304179682319,2.8993619879163646,2.9716756742961197,1.6852718281273575,1.7193644573974163,1.7643068870469636,1.2981822479741096,1.3266474395209253,1.358436862209503,2.898238786880331,2.937243678527201,3.006253492103158,7.306219839523758,234339.3589304076,234337.82013333516,-1.5387970724259503,22.73610755582976,3972.003003660462,5.54722509223477,True,,4 pixels with |pull| > 4
230983-M10_230983,230983,M10_230983,0.6960690021514893,21.700000762939453,20260922,13,True,True,5.5492326499449666e-05,0.0,12,3586,56.26097046257752,3708.1030006303304,3764.363971092908,56.26097046257752,3708.1030006303304,0.0,True,4.6884142052147935,1.0340499165171027,1.050031791099835,4.258792802062234,10.000000000000002,False,0,4.5um,4.4758913659001145,0.040629866446638886,0.2944266850647015,2.037622271447181,-0.45202631778467295,-2.857917685721129,-0.11600417249186108,-2.126140300642957,-0.8380440057019466,-0.5989760460171504,0.6594729061798418,4.193468630340911,4.4758913659001145,2050,413,117,3936.8067924977313,235177.51342517853,0.27822659177823533,6.846845848946323,6.9581284418549085,7.037402759160455,6.373756219743992,6.596321405561163,6.754870040172253,4.926803609151573,5.510900296679924,5.90727188320765,2.317287464246383,2.754601241639556,5.059673726243046,1.5630825909934376,1.7440860984567736,2.2893199868412264,4.472943392808146,4.892111289648284,5.444640648388817,7.319935478148655,235214.0781339147,235209.13769367145,-4.94044024325558,54.66872964956575,3721.239073976347,4.252944675445209,True,,photometry chi2/N 4.7 > 3
231276-M9_231276,231276,M9_231276,0.6540570259094238,40.099998474121094,20260847,13,True,True,3.6109818984018265e-06,0.0,12,3522,103.53554470475888,3917.742466153024,4021.2780108577826,103.53554470475888,3917.7424661530235,4.547473508864641e-13,True,8.627962058729906,1.1123629943648563,1.1420840701101342,5.992238892717833,10.000000000000002,False,5,4.5um,6.378653125643661,0.8581540459078846,0.676236348997857,2.68744038979556,-1.1217776390475143,-3.308780721898993,-0.6939191103091388,-2.1177536402332646,-0.9915436510887269,-1.1580507965994833,0.10250903883965816,5.909712470208928,6.378653125643661,2148,379,117,3186.1156350242436,229238.9763165193,0.23068212763948912,6.8767708425061835,6.982452740215711,7.155890058105457,6.186471091520664,6.397834886939718,6.744709522719209,4.107583459803394,4.481757108046503,5.511167916560464,1.8515098804142391,1.9923171581183765,2.1786563473386265,1.0833991887919356,1.1576931849633483,1.256339500927235,4.052366256625382,4.240104748118197,4.754162036706402,7.567070593491705,229275.11758779662,229271.69363863222,-3.4239491643966176,99.05280034251149,3870.2362024712625,6.055286679631082,True,,photometry chi2/N 8.6 > 3; 5 pixels with |pull| > 4
231544-M10_231544,231544,M10_231544,0.6547650098800659,26.100000381469727,20260901,13,True,True,0.00024101496559137382,0.0,12,3492,34.1820646554672,3717.5239918473053,3751.7060565027723,34.1820646554672,3717.5239918473053,0.0,True,2.8485053879556,1.0645830446298126,1.074679477657626,2.7511325303069967,10.000000000000002,False,0,4.5um,3.5006843650596817,0.3950815228993887,-1.1068659240932042,1.4336006134113253,-1.1717309312272501,-2.292490843044012,0.5300513552708731,-1.6997766616411056,-0.8273318317669565,-0.39758838477459013,1.4139994077457374,2.418720682773836,3.5006843650596817,2160,401,113,3569.9923191606154,230680.94963078087,0.1652670748815978,4.583434276835241,4.6078832101968885,4.657143797945042,4.159076386066041,4.196415622964815,4.238435736172057,2.875928650622882,2.9523474914585566,3.004814361675114,1.7000152410139755,1.7484522618663678,1.779258537038021,1.308296661864365,1.3462391942666847,1.3727252607131133,2.9208479519929362,2.9727612217485166,3.0135124233715094,7.562801102685912,230715.82513999968,230714.15467564,-1.670464359689504,34.0315844871781,3696.59115850972,2.7795189914675675,True,,
231554-M13_231554,231554,M13_231554,0.6973369717597961,10.899999618530273,20260986,13,True,True,5.1122090624806795e-05,0.0,12,3586,33.7356775031497,4349.007695305916,4382.7433728090655,33.7356775031497,4349.007695305917,9.094947017729282e-13,True,2.8113064585958085,1.212774036616262,1.2225225586636166,9.958553443294097,10.000000000000002,True,4,4.5um,3.266763092137081,-0.3992653215820131,-1.0438236646116619,1.225982793238102,-0.7226161363538771,-2.6825349000633443,-0.44582104663660577,-1.47520446869419,-0.5365962735684199,-0.06519431918640313,1.1382348830064468,2.9378572538931764,3.266763092137081,2060,403,117,3731.2484150192,234982.47466025277,0.2691492750839437,6.731730253526682,6.913419738117971,7.027528133051458,6.1507913905872895,6.51417035976987,6.742387149636843,4.494504835689562,5.3164222247255655,5.886964199392999,2.6554138144585258,3.4509789109038724,5.0315412491491545,1.8158403786867576,2.355807369526671,3.284096051895347,4.421679313528819,4.957671875769652,5.547516445221022,7.312669116466073,235014.6148871005,235013.627519082,-0.9873680185119156,30.43897287528451,4335.74231501147,9.995998400006185,True,,calibration floor at prior bound (10.0% of 10%); 4 pixels with |pull| > 4
232005-M9_232005,232005,M9_232005,0.6111199855804443,29.0,20260893,13,True,True,0.00023737642824553468,0.0,12,3494,86.69498913269126,3875.808974291375,3962.503963424066,86.69498913269126,3875.8089742913744,4.547473508864641e-13,True,7.224582427724272,1.1092756079826487,1.1344128151800934,2.8583288906509954,10.000000000000002,False,1,4.5um,5.7478974200283925,-0.8431404262805478,-2.408356584034533,0.6606910524843883,-2.198772544781708,-3.1617766872328863,-0.2048130922772997,-1.7207970410782119,-0.08179304052693008,0.7526538272445715,2.1300573445962807,4.874857838031611,5.7478974200283925,2173,386,113,3263.2060968220917,230696.2993357863,0.3485018896831306,4.607567025215772,4.748319637791717,6.030211438761244,4.194442404497578,4.325462685587048,4.796177133433142,2.947328783466954,3.052501975341668,3.3332802213082324,1.7543124018771308,1.7967504921548973,1.8966740194061378,1.3561061968839903,1.38065221929296,1.4234895852665879,2.9744022093633067,3.1114920935725716,3.4971296919923383,7.833012038405804,230732.5985073371,230732.63591449536,0.03740715826279484,85.82695222947544,3889.0837141674356,2.841374883620777,True,,photometry chi2/N 7.2 > 3; 1 pixels with |pull| > 4
232627-M13_232627,232627,M13_232627,0.6210529804229736,36.400001525878906,20260854,13,True,True,5.71051813709205e-06,0.0,12,3526,92.8875868448238,3674.787108730451,3767.674695575275,92.8875868448238,3674.7871087304507,4.547473508864641e-13,True,7.74063223706865,1.0421971380404003,1.0688438852695816,4.337735039821789,10.000000000000002,False,5,4.5um,5.921492060470211,-0.18853843303507525,-1.0505028478708158,0.7825650506326179,-1.2155556323992458,-2.4408989152070797,-0.13467640749609147,-3.2111921858972314,-1.9929206170511422,-0.289328418036117,1.351408377461946,5.694278134125446,5.921492060470211,2128,395,117,3825.383281616551,229475.01008621138,0.12912813632631107,7.260684287528562,7.376368443693989,7.457952851190501,6.751126524892383,6.982494837223236,7.1456636522162595,5.222453236983842,5.800874017810973,6.208796055293534,3.6053465835454115,4.075027587728867,5.271928458370809,2.8182314230413086,3.2545687169337922,4.593140887945562,5.115244257666154,5.491432495487046,6.006483097584077,7.770242050164743,229511.00371972984,229511.05076107685,0.047041347017511725,88.47124896407192,3708.1853608752526,4.309050208045058,True,,photometry chi2/N 7.7 > 3; 5 pixels with |pull| > 4
232890-M9_232890,232890,M9_232890,0.7656890153884888,12.600000381469727,20260976,13,True,True,0.001707483409819971,0.0,12,3545,31.85953427353624,3936.7629795700955,3968.6225138436316,31.85953427353624,3936.762979570095,4.547473508864641e-13,True,2.6549611894613534,1.1105114187785883,1.119814479075517,3.9914298562367825,10.000000000000002,False,3,V,3.53358663719441,-0.11033769773244892,-0.16347214892009224,3.53358663719441,2.479453526875336,0.7465615029976391,1.3725107455426915,-1.740101350187276,-1.7091036689721173,-1.979313445054651,-0.40362938526970094,0.7937375327170619,0.29320105414628533,2158,351,112,3599.6037505662443,234903.69974398962,0.2446940886842745,4.601773535954458,4.6205330301173415,4.7026765099186685,4.1963147592347925,4.2150535070027155,4.294041078379017,2.9706710098942186,3.00416591636737,3.0696113321547225,1.772695202074152,1.7968862790398124,1.82066563201697,1.3728170914525286,1.3945764997747823,1.4058738855219939,2.9854943523641775,3.008995159308107,3.086045638661616,6.9367464348604,234937.21218033577,234936.86866756753,-0.34351276824600063,30.753267571578437,3947.4691470562952,3.977433221303243,True,,3 pixels with |pull| > 4
232962-M11_232962,232962,M11_232962,0.6976969838142395,30.799999237060547,20260878,13,True,True,0.00035005389212234883,0.0,12,3398,121.72714709651437,3964.3575366475716,4086.084683744086,121.72714709651437,3964.3575366475716,0.0,True,10.143928924709531,1.1666737894783907,1.2028509519411499,6.433998241451483,10.000000000000002,False,5,4.5um,6.815625234627895,1.3241996313180193,0.43226328432747757,2.222445743857521,-1.2611360431482825,-1.8761966360436944,0.3378872915301404,-3.674778379813895,-2.2266753490954225,-1.295652216982112,0.47037320447922615,6.542781353108213,6.815625234627895,2154,500,114,3386.3319647761896,220988.56078034162,0.17927933436175933,4.510203335307003,4.7741431380416195,6.649708487060303,3.999830197261314,4.221438515448538,5.988808970500884,2.60454218169333,2.7129779893574044,3.630192069680749,1.5053603764090353,1.5533133504187653,1.7518771207697137,1.1331640920161923,1.1691383435919105,1.223920186591234,2.7214921056399812,2.891916676850186,3.807913106800762,7.310608003619721,221023.3429061518,221020.84019340572,-2.502712746092584,120.85896203502045,3993.584443001123,6.396783608393779,True,,photometry chi2/N 10.1 > 3; 5 pixels with |pull| > 4
233129-M10_233129,233129,M10_233129,0.6186460256576538,75.5,20260831,13,True,True,0.0006762553635264251,0.0,12,3456,174.30991091594848,3653.069250620877,3827.3791615368254,174.30991091594848,3653.069250620876,9.094947017729282e-13,True,14.525825909662373,1.0570223526102074,1.1077797862624676,2.6026785743613368,10.000000000000002,False,2,4.5um,8.277767131791899,-0.5919756173344426,-4.693633672299258,0.04689622839994692,-2.2587785106196177,-2.3155544370246055,0.6785972666074519,-0.9994184419098409,-0.5823211318940357,0.06800640439173483,1.6884549153592325,8.26364591655819,8.277767131791899,2207,394,109,3297.4863667328054,224035.7928783991,0.1886991723039157,4.492624851519373,4.508680512859003,4.5394139622298555,3.976755468833603,4.002336996734364,4.036377368138348,2.594941116173438,2.6226702065437952,2.652030115328335,1.5085032887383263,1.5271611160104817,1.549152268578926,1.145736602480051,1.161614559474331,1.1809956912437023,2.702939777496708,2.729699181310096,2.762660610611303,7.785382241433004,224075.16311159314,224073.17667854385,-1.9864330492855515,173.96879180011058,3680.6304020518764,2.5933252303268226,True,,photometry chi2/N 14.5 > 3; 2 pixels with |pull| > 4
233169-M9_233169,233169,M9_233169,0.6103590130805969,51.400001525878906,20260837,13,True,True,2.0577924430616907e-05,0.0,12,3500,96.14067890904231,3661.016116617887,3757.1567955269293,96.14067890904231,3661.016116617887,0.0,True,8.011723242420192,1.0460046047479676,1.0737801644832607,3.098259331580797,10.000000000000002,False,4,4.5um,5.148490001178449,-3.459413989994252,-3.7682846339752882,0.3642727778417688,-2.1074935387892944,-2.088765908022241,0.5445687413222057,-1.4374464872544506,-0.41980707996414107,0.7845178314656234,2.3215252145144833,5.0975538876118796,5.148490001178449,2160,389,117,3765.904004560163,228762.9149287263,0.2544523394178872,7.309251169804972,7.351550242391767,7.40177617631334,6.78064979588369,6.86524794105728,6.965699808900426,5.194845674119844,5.406341037053821,5.657470706661685,3.696304281945926,3.8943841444127285,4.016393321288754,3.162313515610342,3.3221894635315374,3.4449956816542437,5.176685887923436,5.362217248801393,5.468931617745606,7.837852543726253,228801.9137767401,228802.36206755965,0.4482908195350319,96.00048011769522,3637.9538955000608,3.1072496033925416,True,,photometry chi2/N 8.0 > 3; 4 pixels with |pull| > 4
233902-M6_233902,233902,M6_233902,0.7293000221252441,19.100000381469727,20260938,13,True,True,0.0001834738697811655,0.0,12,3382,38.358576473136274,3712.3001805806134,3750.6587570537495,38.358576473136274,3712.3001805806134,0.0,True,3.196548039428023,1.0976641574750483,1.10933414878845,5.843125085961693,10.000000000000002,False,2,B,-3.2424950517873397,-1.0904673957318805,-3.2424950517873397,2.3006491156844633,1.7915813197197434,1.0272798281626192,2.1547272346917357,-0.44684774127602,-1.3874617359702595,-2.38518063091591,-0.4804330669962596,1.9666095983023482,0.7366145752129855,2148,521,115,3686.8432205221097,223708.59315839258,0.3191887088034757,6.334644115452431,6.6068383324945685,6.805301087413295,5.536203306944922,6.080591741029197,6.477517250866652,3.8778971544664653,4.443757768258401,5.494165741226723,2.209090122779442,2.5337103241298715,3.2707159994069923,1.5983939512694352,1.74774647536095,2.1249526781325074,3.9229751078637873,4.308508919077603,4.945037954353262,7.133084923959938,223744.86025293675,223741.52091752712,-3.3393354096333496,40.4594712082056,3716.6665773223076,5.835365393291131,True,,photometry chi2/N 3.2 > 3; 2 pixels with |pull| > 4
236682-M5_236682,236682,M5_236682,0.7342000007629395,31.600000381469727,20260875,13,True,True,0.0003840734661788022,0.0,12,3387,102.12817696445696,3877.1674640598876,3979.2956410243446,102.12817696445696,3877.1674640598876,0.0,True,8.510681413704747,1.144720243300823,1.175220212942807,4.379457471618871,10.000000000000002,False,2,3.6um,6.361831764725718,0.4545856805418715,1.1195365671893727,1.1516980140224695,-1.3260708022564567,-2.5849107959153446,-1.192967247853578,-3.0516128705149934,-1.6550403632400101,-0.44340739083431346,1.746260283895977,6.361831764725718,5.805852368202206,2145,520,114,3120.4194751068767,221812.78509110335,0.17938731413432202,4.628227511680486,4.910317012619425,5.6055309568305125,4.226356814668418,4.493623492532176,4.73347110527145,3.022212575737377,3.2226224690019545,3.3785839181367696,1.8081069398883636,1.8903822136164457,1.9610211513225526,1.4033074427280818,1.4437615664924452,1.476714895848141,3.0255726396323106,3.2763553857394347,3.449566637199111,7.106152833808668,221845.52175261424,221841.18197804835,-4.339774565887637,102.28950755892869,3882.252561806443,4.382496629347589,True,,photometry chi2/N 8.5 > 3; 2 pixels with |pull| > 4
236994-M5_236994,236994,M5_236994,0.7297000288963318,31.799999237060547,20260874,13,True,True,0.00027301154572452555,0.0,12,3423,193.1279915686058,3939.542409397327,4132.6704009659325,193.1279915686058,3939.5424093973265,4.547473508864641e-13,True,16.093999297383817,1.1509034207996864,1.2076769143676016,4.363158031285757,10.000000000000002,False,10,3.6um,8.52692459147444,0.026015410734415365,-2.627388388509666,0.40892862575056366,-1.6955399214076123,-3.5678434618437844,-1.2228697088054572,-2.9856731690269,-1.2068726115295834,0.775686962032172,3.5543716859591363,8.52692459147444,8.52306707573867,2094,536,113,3809.059440370119,224039.5196376367,0.2606356721165403,4.570739911057061,4.58539178471781,4.626127230206039,4.132566812667636,4.156680195315126,4.195560053033179,2.8352269907434207,2.8747664234610957,2.9209750540535206,1.6766335498482912,1.7033883201530142,1.7304883177153216,1.2890319246154196,1.3123520143446306,1.3331789490071912,2.8874033830458607,2.919922784663332,2.962063524583067,7.130880471969076,224078.81055512917,224075.46342316005,-3.3471319691161625,192.97688005911692,3935.683811884752,4.371029799881308,True,,photometry chi2/N 16.1 > 3; 10 pixels with |pull| > 4
237437-M6_237437,237437,M6_237437,0.7336999773979187,25.0,20260908,13,True,True,0.0006550531468509385,0.0,12,3463,72.94548214891852,4203.045345164824,4275.990827313743,72.94548214891852,4203.045345164824,0.0,True,6.078790179076543,1.2137006483294321,1.2351215561275974,4.447901921417186,10.000000000000002,False,6,3.6um,4.740190714205544,1.6647407825064537,-2.936290092026424,1.7869752750747732,1.3446273661798394,-0.847558117483308,0.27957375184349115,-2.374563898731626,-1.7310323916854793,-1.8472186380815223,-0.5535920724342014,4.740190714205544,4.575083103267489,2109,477,117,3223.264113509692,226826.03099901002,0.26468548240208084,4.607175945563502,4.686654686747042,4.9695704764313025,4.205585482706906,4.280133139755813,4.544254767964118,3.0007296901486615,3.058229573558887,3.300156162427221,1.7967037049049208,1.8199683718926964,1.9268467290138944,1.3950723348077785,1.4065864093014522,1.4586602141323919,3.001441854882581,3.0738547028473335,3.3240366599934443,7.108893989744885,226863.89142029622,226860.53643064338,-3.3549896528420504,73.06034934557697,4207.921976815509,4.445252394953346,True,,photometry chi2/N 6.1 > 3; 6 pixels with |pull| > 4
237641-M6_237641,237641,M6_237641,0.8579000234603882,19.299999237060547,20260935,13,True,True,0.0006733587386359022,0.0,12,3432,37.26531282331271,3907.8183878626432,3945.083700685956,37.26531282331271,3907.8183878626437,4.547473508864641e-13,True,3.105442735276059,1.1386417214051991,1.149834946279789,6.249979410312643,10.000000000000002,False,6,4.5um,2.9648514716637817,0.9522002729001113,-1.8002220983552986,1.3859361966777712,1.1464097913780231,-0.012162027991612583,0.8695159292324853,-1.6119108690222685,-1.428252575972839,-2.6082428654870102,-0.8190170352455881,2.8678077645116886,2.9648514716637817,2101,521,112,3546.2505915339175,223790.43890661068,0.21765655486626423,4.542526443092036,4.574729671055635,4.688259959499038,4.078412491314732,4.125810194334431,4.232698193888762,2.737492371850207,2.8050554395714453,2.8958350018771624,1.605057282325896,1.6474207802659704,1.6959825802336215,1.2248180946956375,1.2605580380843546,1.297026350041947,2.813076805196672,2.869115370202259,2.9529048706736623,6.4749572339148,223826.84702444365,223821.28259195632,-5.564432487328304,37.964135349717644,3914.737066203801,6.251080802416607,True,,photometry chi2/N 3.1 > 3; 6 pixels with |pull| > 4
238314-M5_238314,238314,M5_238314,0.7319999933242798,34.599998474121094,20260865,13,True,True,0.0004514508473875036,0.0,12,3417,88.29915204012718,4027.4702277730294,4115.769379813157,88.29915204012718,4027.4702277730294,0.0,True,7.358262670010599,1.178656783076684,1.2048505210225868,4.528863132198223,10.000000000000002,False,7,3.6um,5.797048616648913,-0.008055256705850732,-2.5453526286935375,1.9221010396747864,-0.27088798922901713,-1.4956758771771377,-0.007325023229020752,-2.3484018846748387,-1.861509531282883,-1.4814005342691448,0.3842047642931599,5.797048616648913,5.557622855050192,2105,533,111,3350.8928524445337,223048.25427300256,0.3088547053612663,4.608887371402479,4.659395061578376,4.864706913368229,4.207370193983549,4.255776544727047,4.439992201105192,3.0015164790632163,3.038812835909675,3.176084873303596,1.796933206981898,1.8111983170390862,1.8675072942933577,1.3944268390694279,1.4030137301422165,1.427205680126087,3.0034226183159327,3.0524456406080844,3.22028921844881,7.118225546995247,223084.48195790956,223077.09692140028,-7.385036509280326,88.68640561778167,4069.4168766705884,4.505371242869214,True,,photometry chi2/N 7.4 > 3; 7 pixels with |pull| > 4
238580-M5_238580,238580,M5_238580,0.730400025844574,24.299999237060547,20260910,13,True,True,4.298550435333773e-05,0.0,12,3557,85.27515063875703,4093.7039581932886,4178.979108832045,85.27515063875703,4093.703958193288,4.547473508864641e-13,True,7.106262553229752,1.150886690523837,1.1751909754870768,6.159874813498327,10.000000000000002,False,21,3.6um,4.946106314504302,0.5477784848520981,1.3155487772065417,3.0903553202392593,1.3957175085695157,-2.984259339070972,-0.571860851347288,-2.8910935759853436,-1.5837077504771326,-1.8242006331870804,-0.881375611428312,4.946106314504302,4.803979379945424,2069,423,117,3948.6320714792946,231214.52525777195,0.2826253690200589,6.878717578025146,6.882771294865208,6.8858883388251275,6.630409878347626,6.63851731202775,6.644751399947588,5.885486779315065,5.9057553635153734,5.921340583314971,5.140563680282504,5.172993415002998,5.197929766682353,2.4065703288130145,2.537805071064741,2.7275861514473663,5.466783108661716,5.50962395989324,5.5527674752767915,7.127025277702667,231253.10801189038,231248.1833218478,-4.92469004256418,83.06005456189058,4122.812792813034,6.128166020979269,True,,photometry chi2/N 7.1 > 3; 21 pixels with |pull| > 4
240899-M6_240899,240899,M6_240899,0.7394999861717224,15.600000381469727,20260955,13,True,True,0.00033558843127859004,0.0,12,3479,59.85572144562052,3995.158325425761,4055.0140468713817,59.85572144562052,3995.1583254257616,4.547473508864641e-13,True,4.987976787135043,1.1483639912117738,1.1659039812741179,5.562521582981315,10.000000000000002,False,4,4.5um,4.472205032178251,0.8827837742757936,-2.4527201195143915,2.3218730938228105,2.0154856947015447,-1.3950241300946737,0.6440921730911476,-1.1853764186098006,-1.206247989695784,-2.537600307122232,-1.9686869986215565,2.840852131834122,4.472205032178251,2121,453,113,3375.2055727038883,229056.19087648363,0.33009276758819706,6.261609912948682,6.542815205106873,6.654328508110167,5.446022316520965,6.008432900837348,6.231459506843935,2.628054085269786,2.9131473685687013,4.170719376690042,1.2596898877362248,1.3501218865696614,1.472404021747849,0.7841961244512434,0.8323970379654574,0.8925219465753318,3.2192228236398077,3.5643007649414695,3.8555342364185976,7.077197509376398,229091.29937937326,229089.478215116,-1.8211642572714482,59.735976855546554,3968.2889738743215,5.6176873318665885,True,,photometry chi2/N 5.0 > 3; 4 pixels with |pull| > 4
241189-M5_241189,241189,M5_241189,0.7286999821662903,29.0,20260892,13,True,True,0.00010984223011027338,0.0,12,3459,74.90216090789423,3850.876127336839,3925.778288244733,74.90216090789423,3850.876127336839,0.0,True,6.241846742324519,1.113291739617473,1.1352742302616348,3.9615586352796535,10.000000000000002,False,4,4.5um,5.125080818346054,-1.1670827724237867,-0.4386653275447967,0.7078568595995792,-0.9384791467621661,-2.989736241444033,-0.4975468391447603,-2.541055111257279,-0.8457043620083156,0.2335152974884267,2.0788775189948,4.996486753048688,5.125080818346054,2129,470,108,3845.223194514303,226704.91037707837,0.18868821227647056,4.6585173185095305,4.94724070117858,5.858478032405383,4.246782818794325,4.517551055999015,4.846998503429616,3.0186194388762315,3.2338225039895256,3.4090748336993566,1.7907448217416337,1.8745868780010244,1.9477013879139717,1.3803350383384225,1.4166804098140995,1.449341462706954,3.0344917648349883,3.283232000791968,3.517798504503505,7.136393727501565,226742.28619232876,226737.42647275908,-4.859719569678418,76.47256962292884,3852.3459561175277,3.966297940052018,True,,photometry chi2/N 6.2 > 3; 4 pixels with |pull| > 4
243871-M13_243871,243871,M13_243871,0.7333970069885254,22.299999237060547,20260920,13,True,True,0.00018473547920546207,0.0,12,3539,22.412583047648447,3837.734519042231,3860.1471020898794,22.412583047648447,3837.734519042231,0.0,True,1.8677152539707038,1.0844121274490621,1.091053448866557,6.403157311005335,10.000000000000002,False,1,i+,-2.122343641052651,-0.6919320207934042,-1.4074115600658947,2.01123178231724,0.9722156429025319,-2.122343641052651,0.5077914703634162,-1.1547204298152678,-0.7173272467618391,-1.0913858464324588,-0.1983552570176385,2.0892994609810156,1.6604146526784787,2098,412,117,3769.197072239696,231930.49576942436,0.23540744502758335,4.571878179308898,4.733165398478207,6.093596343578385,4.096923612903939,4.261961768689325,5.07663700696176,2.711380494203578,2.9231064747768203,3.433308667663936,1.5547039650065952,1.6574545714934512,1.838065783562978,1.170489385169478,1.224962286811096,1.282502562879106,2.8101987309620835,2.9663384687463688,3.533639978062306,7.110555680195012,231966.3904061873,231964.74643899768,-1.6439671896223444,25.57414648269792,3849.0063970825813,6.382576000629178,True,,1 pixels with |pull| > 4
244239-M13_244239,244239,M13_244239,0.7378460168838501,24.5,20260909,13,True,True,0.0002665458416605975,0.0,12,3568,45.91371527399202,3971.2573245174444,4017.1710397914367,45.91371527399202,3971.257324517445,4.547473508864641e-13,True,3.8261429394993347,1.113020550593454,1.1262043845784795,5.257517399742894,10.000000000000002,False,1,3.6um,3.9260624220103377,0.9735099708433032,0.12995519687220353,0.4522538345905277,-0.592548158748608,-2.0186074191145433,-0.0780654060884547,-2.531242656206941,-1.5906226609162757,-0.47269103821281505,1.6055017330665733,3.9260624220103377,3.6277099771021195,2108,373,117,3089.3207817906264,235659.34032148815,0.22681057139740832,4.605984130461659,4.64920487108843,4.775538004736447,4.205119791994412,4.245823065478773,4.365738352297516,3.0023433782037707,3.0352652392716593,3.1403611602598307,1.7999009294063795,1.8134257514561156,1.8584907869021001,1.3990391372418427,1.405665441831505,1.428612175395874,3.0035732121922276,3.041579283439095,3.159629479167558,7.086214135744613,235691.82583558018,235691.70069324228,-0.12514233789988793,45.222210044203514,3959.86955929261,5.274518204483244,True,,photometry chi2/N 3.8 > 3; 1 pixels with |pull| > 4
244680-M13_244680,244680,M13_244680,0.9575620293617249,4.400000095367432,20261014,13,True,True,2.9864473471629046e-06,0.0,12,3849,43.92780309652788,5961.3080303136885,6005.235833410216,43.92780309652788,5961.3080303136885,0.0,True,3.66065025804399,1.5487939803361104,1.5606122228197028,9.975464647483156,10.000000000000002,True,13,B,-3.7829600742441447,-1.3688442739960358,-3.7829600742441447,-0.4878926456469696,1.6236463817075815,1.2699844969324239,1.6202127192526996,-1.116307867135294,-1.767952215782567,-2.048249266116045,-0.6987901217051102,2.0726076959213158,2.6981347629644032,2070,130,117,3737.3468595410245,252256.97256055305,0.2970126739117016,4.58832604754016,4.635205353633765,4.88651387859969,4.161793573564581,4.222526154345346,4.4381285220979345,2.8829232206105657,2.9886048469683866,3.1247391107862197,1.7000108294247729,1.7687377626521517,1.8245686470806166,1.3061810483538683,1.3554512195249986,1.3991959734714698,2.9237164876950494,2.998139682193036,3.141705230500777,6.0274398584197675,252291.73089897787,252290.287968934,-1.4429300438787322,45.94627371413904,5960.5680652073925,9.996983108528923,True,,photometry chi2/N 3.7 > 3; spectrum chi2/N 1.55 > 1.5; calibration floor at prior bound (10.0% of 10%); 13 pixels with |pull| > 4
244738-M11_244738,244738,M11_244738,0.6970810294151306,29.0,20260890,13,True,True,0.0007981574226811225,0.0,12,3442,199.66403617018074,3835.0928719976328,4034.7569081678134,199.66403617018074,3835.092871997633,4.547473508864641e-13,True,16.638669680848395,1.1142047855890855,1.1725535914466183,4.250921614856051,10.000000000000002,False,11,4.5um,9.286778137176087,0.12874451243030213,-2.3606432882046144,0.45553265607184545,-1.9464913933727759,-2.9961325454091847,-0.7953520094476357,-2.529840354144364,-0.9138040582993099,0.06016415957733354,1.7050375514481757,9.169456879839737,9.286778137176087,2089,518,117,3066.9738252796624,224672.25357797777,0.25943373627115035,4.6030146004735535,4.616374912774538,4.683568842542509,4.201674327991767,4.214348344908128,4.275552773758187,2.994557445099046,3.0074720865166364,3.0500972142885683,1.7929559160835562,1.8005090136134678,1.8167404236112612,1.3914256623891488,1.3990781727270911,1.4065039741445293,2.9993791317332987,3.012980593460897,3.0708812263608642,7.314134958087527,224705.0371046179,224703.81303116,-1.224073457880877,199.36771617548135,3832.723687258459,4.248483415099141,True,,photometry chi2/N 16.6 > 3; 11 pixels with |pull| > 4
245252-M11_245252,245252,M11_245252,0.6943770051002502,44.20000076293945,20260841,13,True,True,0.0006315216240230258,0.0,12,3516,273.0469568199954,3875.7674152555114,4148.814372075507,273.0469568199954,3875.767415255512,4.547473508864641e-13,True,22.75391306833295,1.102322928115902,1.180317033307399,4.230141280499145,10.000000000000002,False,16,4.5um,11.202837270843888,-0.8687524843034681,-2.876311697386995,0.00813054434209589,-2.306029241631529,-2.879520574499568,-0.6277301738395479,-2.517127354263762,-0.7890718414148618,0.6296621804456121,2.6452460265246405,10.495694720861843,11.202837270843888,2083,451,116,4077.3049111496234,228069.13190007734,0.24538138980425636,4.606419222565363,4.62735617428566,4.704063596223603,4.205398853630098,4.224562624286738,4.2988554846042435,3.0024678083849206,3.018538428374551,3.073558998198675,1.799756607811563,1.8057430667103276,1.828067804664657,1.3986632073418388,1.401908143827187,1.4128681350918293,3.0041497725166653,3.0232361108900903,3.0947197933698765,7.329649026020699,228107.70275098516,228105.93004496218,-1.7727060229808558,273.851703986519,3900.6027208170335,4.20654007635086,True,,photometry chi2/N 22.8 > 3; 16 pixels with |pull| > 4
245621-M11_245621,245621,M11_245621,0.7350419759750366,17.0,20260951,13,True,True,0.0004591221498849748,0.0,12,3542,40.51162998366506,3881.1567743424043,3921.6684043260693,40.51162998366506,3881.156774342404,4.547473508864641e-13,True,3.375969165305422,1.0957529007177877,1.1075030794481981,5.819407440664101,10.000000000000002,False,10,V,2.7776400086335022,1.2415230381402471,2.5694649800844336,2.7776400086335022,0.8630837323786309,-1.8144008445121331,0.6170768096239116,-1.3930065805949554,-1.4172362175098796,-1.8790323280669048,-0.9323320353816013,2.4168633618378106,2.458619253084098,2098,414,112,3509.934207690965,231939.9005480318,0.22568606709491826,4.6047572049871235,4.6219451393493385,4.723583533813856,4.20361954214605,4.220266787784681,4.319037714827643,3.0004642793991954,3.015326279052377,3.0997215594501677,1.798263435892387,1.8046893511391433,1.8388379411342441,1.3971156779330836,1.4011248778740562,1.417918359427339,3.0018340463144195,3.0186157946829173,3.1097554016017597,7.101540743981152,231972.10973243287,231973.3021391624,1.1924067295331042,30.790268773244698,3903.1147208657476,5.777388335440591,True,,photometry chi2/N 3.4 > 3; 10 pixels with |pull| > 4
245763-M13_245763,245763,M13_245763,0.7542309761047363,9.399999618530273,20260992,13,True,True,0.00021376353589979693,0.0,12,3820,58.42707224981536,4345.921248333651,4404.348320583466,58.42707224981536,4345.921248333651,0.0,True,4.868922687484614,1.137675719459071,1.1532726683905385,9.217096384499285,10.000000000000002,False,7,V,3.8061010434677915,-0.19051581405418774,-1.871944571110686,3.8061010434677915,3.5758163829669734,1.6150417051927903,2.260882009815684,-0.6156460437765411,-2.0397423456202284,-3.054741653932246,-1.9983049582870318,1.3309297141931289,0.5081065804125445,2112,117,117,3509.7692436369107,252450.14757953584,0.19064119039363092,6.636069293354957,6.7397238694685715,6.7948985808595,6.274475333195422,6.481784485422651,6.592133908204506,5.189693452716818,5.707966333284888,5.983839890239527,3.8847780304518547,4.766343777572363,5.3755458722745475,3.425150147349803,3.840546003963344,5.172781199619555,5.094300310308174,5.529659590620638,5.957663624492037,6.997663253514492,252481.2798234748,252481.50453778636,0.22471431156736799,55.346838137466435,4366.15025123938,9.169336433420998,True,,photometry chi2/N 4.9 > 3; 7 pixels with |pull| > 4
245864-M11_245864,245864,M11_245864,0.6980879902839661,13.300000190734863,20260969,13,True,True,0.00013867501872040852,0.0,12,3522,40.72401130046856,3927.9663865382527,3968.6903978387213,40.72401130046856,3927.9663865382527,0.0,True,3.3936676083723802,1.115265867841639,1.127148650337609,4.8016397390244,10.000000000000002,False,9,V,3.965360414642485,0.380239040208864,0.0073546649836194935,3.965360414642485,1.2512037878445361,-1.9727384948828046,-0.1729322258003571,-2.523640637848586,-1.0918832568527608,-1.0960344152648138,-0.4333817269110519,1.9165624623916366,2.597091579540374,2078,449,117,3915.41250769238,232312.75581775652,0.31478797695139854,4.570178214580314,4.609955589510831,4.787346448826409,4.129474854298099,4.1820415730121105,4.350512193824929,2.8195245980042416,2.8965262873076467,3.0375949338239168,1.6615961125661305,1.7073809731586134,1.777935437372293,1.2734269864291277,1.3124055937190104,1.3586219512323747,2.880304606624458,2.944813881465083,3.099309970895001,7.3083704503197335,232348.1215651247,232347.02875746723,-1.092807657463709,39.007655881924016,3938.7285164522273,4.777188185771357,True,,photometry chi2/N 3.4 > 3; 9 pixels with |pull| > 4
246149-M13_246149,246149,M13_246149,0.7345340251922607,26.600000381469727,20260900,13,True,True,8.680984340288952e-05,0.0,12,3689,90.24984706026113,3992.0827047503335,4082.332551810595,90.24984706026113,3992.0827047503335,0.0,True,7.520820588355094,1.0821584995257072,1.106923143115671,6.129959886575608,10.000000000000002,False,1,3.6um,5.292082362784922,2.4329724704600175,0.6307212637160023,2.6350816035661797,0.9258892083469139,-2.40434096160172,-0.8591842921215268,-3.046982997909067,-2.294658801576846,-1.3936180402513736,0.7833275432876015,5.292082362784922,4.949871745086285,2107,254,116,3550.649761989657,241809.933575131,0.2625420838371541,4.750091457373925,5.837099888202874,6.245115748791177,4.344763627880973,4.852070889595122,5.385908900393402,3.121358821175746,3.5774801252497963,3.906636474505948,1.8466075348220197,2.082953529427557,2.4057899949368924,1.421360207813892,1.5378870845858705,1.7010679854459345,3.139276433641626,3.608681830481861,3.9234075780476165,7.1043225971889505,241845.7570776459,241842.30483833785,-3.452239308040589,88.61071128418433,4021.981999530609,6.097943618784382,True,,photometry chi2/N 7.5 > 3; 1 pixels with |pull| > 4
248217-M13_248217,248217,M13_248217,0.6109169721603394,30.600000381469727,20260881,13,True,True,0.00019488543140411962,0.0,12,3587,106.56449518853522,3996.9314647804945,4103.49595996903,106.56449518853522,3996.931464780495,4.547473508864641e-13,True,8.880374599044602,1.114282538271674,1.1443100836500362,4.296660135766887,10.000000000000002,False,7,3.6um,6.411255985133928,0.5555364224803321,-1.3924374995952762,-0.12229991866956033,-2.3045462380633217,-3.453105998663117,-0.45250061359628524,-1.8310174853857626,-0.6405824034487044,0.6453117044654504,1.9003507102902895,6.411255985133928,6.161774876805723,2071,393,115,2991.858360248183,235230.41181362077,0.2980380638375654,4.610152734979369,4.695346788817369,5.746071265344668,4.208973518217822,4.290098629416159,4.720148175854077,3.0049765490055025,3.069570838091414,3.3903062774875696,1.8003312747315592,1.8256340095402612,1.9655860012985622,1.3988383536754978,1.4116769433985352,1.4813764461235792,3.008784993601125,3.0942381334141467,3.5090498222085102,7.834302952929767,235261.82658285645,235260.41662381258,-1.4099590438709129,103.75815554333886,4017.698692891804,4.283108357526817,True,,photometry chi2/N 8.9 > 3; 7 pixels with |pull| > 4
248829-M11_248829,248829,M11_248829,0.7634689807891846,19.700000762939453,20260932,13,True,True,0.0003650930212804155,0.0,12,3443,56.946530512032076,4077.9095241508185,4134.8560546628505,56.946530512032076,4077.909524150818,4.547473508864641e-13,True,4.745544209336006,1.1844059030353815,1.2012946120461507,4.896981984228452,10.000000000000002,False,8,4.5um,4.53468761431715,-0.6300042909911908,0.5094418881361387,2.627895803572062,0.46445049913942177,-1.8542881050421725,-0.10030558302431644,-2.29685261929823,-1.8863221092813718,-1.7821785826089567,-0.0711615558560753,3.625153593902421,4.53468761431715,2101,505,117,3365.644969868722,226308.7714108334,0.2507793838537195,4.562817949834265,4.585610065271576,4.657442778454055,4.115888382636511,4.151565313213686,4.219046900703514,2.805367987270461,2.8606149744844567,2.9250155231967345,1.6562426211530328,1.6930105028320837,1.7338849979342823,1.2710764291920122,1.3025721267013646,1.335468893787533,2.8647718246524514,2.9098881855835845,2.9747506807041484,6.948485362576636,226342.32524210055,226341.62954283977,-0.6956992607738357,54.07552579102411,4097.139366628101,4.869892149946026,True,,photometry chi2/N 4.7 > 3; 8 pixels with |pull| > 4
250391-M11_250391,250391,M11_250391,0.88926100730896,35.79999923706055,20260858,13,True,True,8.362917169922594e-05,0.0,12,3849,222.4689074834884,4169.46603531737,4391.934942800859,222.4689074834884,4169.466035317371,9.094947017729282e-13,True,18.539075623624033,1.0832595571102548,1.141355234615608,4.680996199986296,10.000000000000002,False,17,u*,7.92365642993726,7.92365642993726,2.728219424287333,5.307473897158185,4.8473192825259295,4.3664066138467765,4.119025649172022,1.092425628367473,-0.6626712971066268,-4.338241702030636,-5.3147651917950105,-3.0192807849511754,-2.5938540930334906,2084,126,107,3753.5086061896404,251957.65451182536,0.31051412707066245,1.9096833361178147,2.1724318288343687,2.3132709949012282,0.9778959312467712,1.2821113087229365,1.5558227199212744,0.6512923267431943,0.6912455445270599,0.7263490703641814,0.32551136762597616,0.3463292183804253,0.36418953422738926,0.20913302596407296,0.22164560470566236,0.2329691517994078,0.8216033659645897,0.9077307995838888,0.973579065120299,6.328699601121423,252001.2314946867,251999.79252118044,-1.4389735062723048,213.42608251573532,4242.996574851617,4.621076702572569,True,,photometry chi2/N 18.5 > 3; 17 pixels with |pull| > 4
253688-M13_253688,253688,M13_253688,0.8370350003242493,4.800000190734863,20261013,13,True,True,5.067811215999589e-06,0.0,12,3320,22.647656333548674,8479.693353078721,8502.34100941227,22.647656333548674,8479.693353078723,1.8189894035458565e-12,True,1.8873046944623895,2.5541245039393736,2.5617176888858904,9.991249508450185,10.000000000000002,True,65,4.5um,1.9871615858809129,1.589595050753448,-0.5457121167596555,1.6967572473525478,1.3249028052224088,-1.9044770742550017,0.17929568484408798,-1.9229209829653384,-0.3847883698713812,-0.9611135948413367,-0.004506882608447589,1.6766787725134538,1.9871615858809129,2196,534,116,3673.3185931690996,212371.6553536039,0.2494157481356651,2.804867961588297,5.338421445969379,5.922781708996822,2.527371106456752,3.5262685821901343,5.270368141963379,1.6969055466281022,2.04715624442402,2.460853978463676,0.8570288920910761,1.0015106420585873,1.176110506385377,0.5729533748601492,0.6412033061593542,0.7368645241877846,1.7464149176814272,2.3955059274070614,2.9347414372279843,6.575195276030263,212406.1726493975,212404.39503183568,-1.7776175618055277,25.193240920488872,8477.14258880767,9.99862860682395,True,,spectrum chi2/N 2.55 > 1.5; calibration floor at prior bound (10.0% of 10%); 65 pixels with |pull| > 4
254350-M13_254350,254350,M13_254350,0.6691629886627197,13.5,20260968,13,True,True,3.1610999539941515e-05,0.0,12,3576,68.15051435854296,4011.4984923162983,4079.649006674841,68.15051435854296,4011.4984923162983,0.0,True,5.67920952987858,1.1217836947193227,1.1411605613076479,9.257772624054375,10.000000000000002,False,3,4.5um,4.910296646589374,0.07620318233952988,-1.383452828883471,0.7371048256988644,-1.3775532632315184,-3.3609655414020954,-0.1681931892087325,-1.7267533086787838,-0.9610167131615961,0.1713624107248423,1.894702296320518,4.563979155330817,4.910296646589374,2067,406,117,3424.840911119176,232356.35295737223,0.35444556509933417,4.61192071758586,4.926570514325112,6.851347455552947,4.195348362058862,4.459923366454326,6.2259307808948865,2.877946588054961,3.065043565520365,4.402475676606171,1.6616677317104251,1.763198229920056,2.25076264404652,1.2404538573265182,1.3276467813992388,1.4921517510227293,2.936873371952643,3.1591502618904013,4.258787649654268,7.476764130211008,232387.2894473859,232387.70559577932,0.4161483934149146,66.48883981925412,4009.046468337459,9.260870605633343,True,,photometry chi2/N 5.7 > 3; 3 pixels with |pull| > 4
255047-M13_255047,255047,M13_255047,0.8642939925193787,9.399999618530273,20260993,13,True,True,4.8469152456366196e-05,0.0,12,3802,35.64624503330659,4921.60082116289,4957.247066196196,35.64624503330659,4921.600821162889,9.094947017729282e-13,True,2.970520419442216,1.2944768072495765,1.3041954922905015,9.965541989023675,10.000000000000002,True,3,B,-4.080318617262439,-1.1601470574797785,-4.080318617262439,0.8494422724609585,2.718271391580603,0.9317641524488113,2.29132395546286,-0.30978220681033003,-0.5806511515834267,-1.3708490775319508,-0.5751506847461031,0.5988242179375046,0.6485874341515808,2127,125,112,3694.4095272141435,250183.13293116647,0.3359999152247916,4.517145583004285,4.551471296475306,4.658957363189059,4.025304533610879,4.082921009585313,4.192529524082093,2.6531592773692574,2.7335098766138355,2.825752344344956,1.543271333334432,1.5954911677277053,1.6522546027416107,1.1700087863120383,1.2162671488416041,1.258851771256,2.7487013255615986,2.8121897392101944,2.9056770270954506,6.444714204844716,250220.2298396569,250212.85779489283,-7.372044764080783,37.240523699948604,4924.663098084625,9.999960421788785,True,,calibration floor at prior bound (10.0% of 10%); 3 pixels with |pull| > 4
257455-M11_257455,257455,M11_257455,0.665710985660553,36.0,20260857,13,True,True,0.0002265358266612185,0.0,12,3537,91.17800010225469,3985.024771924426,4076.202772026681,91.17800010225469,3985.0247719244267,4.547473508864641e-13,True,7.5981666751878905,1.1266680158112599,1.1527722771568667,5.408762979041099,10.000000000000002,False,16,4.5um,5.699701709627198,-0.3639002631403822,-2.3611530529005873,-0.1845533572445826,-2.0813871473946515,-2.9377709601038333,-0.5982711258969549,-1.946752212910904,-0.27874095344460725,1.2866066458289491,2.8110160010942598,5.119039569349987,5.699701709627198,2092,421,116,3815.1230490890744,231934.86393302438,0.20602713821015073,4.562883921613306,4.576314551458308,4.610253841917674,4.118404230945845,4.137988821996194,4.171338766461021,2.81258121674055,2.8421765146833975,2.8776031943205957,1.6615658332020142,1.6828788212594046,1.7054749610482896,1.277195134819654,1.2957087668454101,1.3149763160251766,2.8703272247709566,2.896287852418853,2.9320318385414055,7.497255593994631,231972.5570805611,231968.5845417559,-3.9725388051883783,96.48032617450141,4002.1196895250496,5.392604367400979,True,,photometry chi2/N 7.6 > 3; 16 pixels with |pull| > 4
258753-M13_258753,258753,M13_258753,0.9096279740333557,8.100000381469727,20260996,13,True,True,2.1174615836967055e-05,0.0,12,3818,31.359777408240102,5339.104563005844,5370.464340414084,31.359777408240102,5339.104563005844,0.0,True,2.6133147840200084,1.3984035000015307,1.4069856799617722,9.981996433884637,10.000000000000002,True,4,B,-2.301328450082761,-1.5689455310557932,-2.301328450082761,2.0144150983420026,1.6764959290399544,0.30958937013569426,1.4972336881170656,-1.058752684861221,-1.9558254927629182,-2.291372716952518,-0.5175133801887246,0.9155053551495197,1.7588188998279788,2106,127,115,3427.362143933128,251801.05535975398,0.2938174334120608,5.9086657210087115,6.0887181611731,6.1055449799487125,5.58088178262772,5.940986662956496,5.974640300507722,4.580009219531209,5.497792168306686,5.58192626218475,3.5232085879844246,5.054597673656876,5.189212223861778,3.0843609488803825,3.7924590653695143,5.058307544420788,4.486354805732562,5.218468033506429,5.427904461400933,6.236449659389702,251834.92657576583,251836.5769952208,1.6504194549634121,34.708024162079944,5324.854599058996,9.999200580876465,True,,calibration floor at prior bound (10.0% of 10%); 4 pixels with |pull| > 4
259737-M13_259737,259737,M13_259737,0.7028210163116455,14.699999809265137,20260961,13,True,True,5.444735243018683e-07,0.0,12,3592,102.76316482085635,5484.284860122664,5587.04802494352,102.76316482085635,5484.284860122664,0.0,True,8.563597068404695,1.5268053619495168,1.55584740321457,9.99063612583035,10.000000000000002,True,32,4.5um,6.183218983950331,0.6378987091636336,-1.3437400858712099,-0.030003116045205634,-2.026395845432487,-3.6265352346421107,-0.5570984056658146,-2.0107871935212027,-1.043791214336122,0.142329441734753,2.2841260286715075,5.863349235990883,6.183218983950331,2045,412,117,4081.974944524288,232528.58855603077,0.1912612596691015,4.601563840814995,4.674852825055597,6.364429032935746,4.1929152071806675,4.257239151017849,5.447489700610355,2.9573745690295654,3.0185228237528694,3.6682542550951447,1.7413117546144976,1.7818056057284115,2.0193631597339863,1.3293757333049414,1.3707584907080834,1.4685418194262088,2.967483014757206,3.030956683293451,3.7452098971521095,7.281368365261137,232563.89970660253,232563.8739925247,-0.025714077841257676,98.50918389566037,5478.144047950191,9.999927864032063,True,,photometry chi2/N 8.6 > 3; spectrum chi2/N 1.53 > 1.5; calibration floor at prior bound (10.0% of 10%); 32 pixels with |pull| > 4
27068-M14_27068,27068,M14_27068,0.6783069968223572,21.200000762939453,20260925,13,True,True,0.0007332590197242517,0.0,12,3452,168.1733311188691,3903.0006376259626,4071.1739687448317,168.1733311188691,3903.0006376259626,0.0,True,14.014444259905758,1.1306490839009162,1.179708481235825,4.737324062721374,10.000000000000002,False,5,4.5um,8.253043352215593,-3.2821724221521507,-4.354299066950434,1.7697593205698663,-0.478290631888803,-3.199635479161441,-0.2885108061017977,-2.019335042120866,-0.9483809622111753,-0.1327671855329809,2.0095988278873467,6.900221711631625,8.253043352215593,2157,442,115,3372.282855359359,225837.9223101356,0.22784110763487037,4.459206676983723,4.502622108622449,4.669939255913835,3.900986617005576,3.9689365800312197,4.110086540836413,2.501646745893223,2.5681627111582,2.6450508595525197,1.4345610496952999,1.4799996297984896,1.5270275879704045,1.0780904027045302,1.1147432517911937,1.1535982379866336,2.6276286794702663,2.6892900171383514,2.804825733756806,7.422895237319793,225876.24400838322,225874.87105057406,-1.3729578091588337,167.68522009448486,3901.892812986534,4.737890489773937,True,,photometry chi2/N 14.0 > 3; 5 pixels with |pull| > 4
31835-M14_31835,31835,M14_31835,0.67740398645401,27.399999618530273,20260898,13,True,True,0.000772592611999626,0.0,12,3558,53.4472925061143,3845.3329464539024,3898.7802389600165,53.4472925061143,3845.332946453903,4.547473508864641e-13,True,4.453941042176192,1.0807568708414566,1.0960866570030972,4.1318003520068425,10.000000000000002,False,1,3.6um,4.240520536368387,1.1786843047096707,-0.058414773077299045,-0.35519376086128746,-1.9130027400720497,-2.81428415309701,0.3343914555215848,-1.5446082455130687,-0.91505729466639,0.009964301045766068,1.8415292887780919,4.240520536368387,3.9547869963300064,2115,376,117,3006.5304255783362,233693.56029631355,0.2987922899651191,4.600603991937786,4.616952152874735,4.6884093603366725,4.191397550625734,4.212182728604769,4.279486617653492,2.957466480436568,2.9990360403019833,3.05081939276939,1.7620642427455628,1.7935956027808453,1.815428774146809,1.3620598955651304,1.3911729105970916,1.4035832255094638,2.977214261384722,3.006448035771625,3.076284145474633,7.428188629461858,233724.91118109657,233725.36229769056,0.45111659399117343,53.08533579603008,3834.869344636116,4.139590433500264,True,,photometry chi2/N 4.5 > 3; 1 pixels with |pull| > 4
36550-M14_36550,36550,M14_36550,0.7386149764060974,8.0,20260998,13,True,True,0.00015564773275502218,0.0,12,3361,25.54800109597975,4126.3705562140385,4151.9185573100185,25.54800109597975,4126.3705562140385,0.0,True,2.129000091331646,1.2277210818845696,1.235690046818458,9.917021406576572,10.000000000000002,True,4,3.6um,2.647047625112895,-0.09772066218361933,-0.49405722911436195,2.1227424192000686,0.988014652899816,-0.7915598558494228,0.7997566502206049,-1.7278074215067651,-1.9022829813847482,-1.5020044537451094,0.35569321607944904,2.647047625112895,1.5976789368363822,2180,508,117,3447.9135390655874,219934.6559028623,0.19784065085426175,4.565483033756143,4.616442108262978,4.819483858496401,4.117505624197516,4.192681857918924,4.365460122349232,2.7905365212964424,2.9216791156928688,3.043218300045225,1.63681749190117,1.712394448534051,1.7792595608530852,1.2497087645000904,1.3056159090603692,1.3597210270265225,2.862457026633287,2.9558250097339585,3.100946149240791,7.082019953766262,219965.2662255739,219962.73823977553,-2.5279857983696274,25.295318515844773,4107.019232324219,9.996263465746251,True,,calibration floor at prior bound (9.9% of 10%); 4 pixels with |pull| > 4
37023-M14_37023,37023,M14_37023,0.7354879975318909,21.0,20260927,13,True,True,0.00038227509899115773,0.0,12,3393,60.46890326537189,3863.197241074911,3923.6661443402827,60.46890326537189,3863.1972410749113,4.547473508864641e-13,True,5.039075272114324,1.138578615111969,1.1567411982135267,3.753525345724097,10.000000000000002,False,3,3.6um,4.010292985236597,-0.43520342180646737,-2.5119808779287656,2.8602252879613483,0.8909697223816395,-1.9206575240587807,0.07452649704145949,-2.5721885293338818,-1.719874118010335,-1.208412259910552,0.9978281260728464,4.010292985236597,3.631496420155215,2127,533,113,3668.8419731123786,222178.4741278533,0.3160090579341338,4.543978569685278,4.560005844519283,4.584850565302902,4.080374977321042,4.107211506181045,4.137282943267818,2.744571604298782,2.7874913105099504,2.828479842760933,1.610147184270969,1.641043417220539,1.669523502715242,1.2326660743864033,1.2591916822694045,1.2810077312790673,2.816523323148223,2.8517415490316056,2.8833398002376778,7.099099432304871,222215.54990517342,222214.43993020654,-1.1099749668792356,62.3127611167558,3849.9893265551555,3.774791824918632,True,,photometry chi2/N 5.0 > 3; 3 pixels with |pull| > 4
37219-M14_37219,37219,M14_37219,0.7346779704093933,15.0,20260959,13,True,True,4.2653465570039355e-05,0.0,12,3540,33.84716099578418,3879.290309710369,3913.137470706153,33.84716099578418,3879.29030971037,9.094947017729282e-13,True,2.8205967496486815,1.0958447202571664,1.1057184150059771,4.174194646496608,10.000000000000002,False,1,3.6um,3.2036905196394274,0.3888289427069294,0.16160948620684165,1.8374450300664436,0.26913680265805295,-1.9346498666812266,0.0025540084951964654,-2.2203499773726167,-1.425291336432944,-1.1517087812745064,0.9814084570843599,3.2036905196394274,2.6388826988968557,2125,387,114,3353.0888616108114,233596.1761161755,0.280187041423428,4.578500026212057,4.601328891554325,4.728724525008027,4.14841712125769,4.182410461702149,4.2985434021636975,2.8640260591138706,2.9194372019872734,2.9976242990426503,1.6997968470258027,1.733221233644228,1.7652750524958174,1.31060522228968,1.3343686370813916,1.3560473417738805,2.9093815501303992,2.954769485681185,3.054565128232129,7.103534094143108,233628.52391159453,233627.9077105426,-0.6162010519183241,33.97253978220097,3877.73763830516,4.176303050383514,True,,1 pixels with |pull| > 4
37723-M14_37723,37723,M14_37723,0.7360039949417114,22.899999618530273,20260916,13,True,True,2.1136607588977892e-06,0.0,12,3408,34.05119965918072,3743.2952626184538,3777.3464622776346,34.05119965918072,3743.2952626184538,0.0,True,2.8375999715983933,1.098384760157997,1.1087016326027692,4.084808474200154,10.000000000000002,False,3,4.5um,2.8193307566528047,-0.9049709500820252,-0.5031183666591162,2.0993845406148504,0.34304524433209554,-1.8647758410555553,0.039088308390645844,-2.312342596130857,-1.4508634310683108,-1.0432942023217997,1.075972470507685,2.7070922375789404,2.8193307566528047,2103,539,116,3781.1654466700247,224829.156342957,0.24049189515292288,4.584300775122382,4.603710886602826,4.657122586532886,4.160811877916016,4.183322844229686,4.229255369586308,2.895512657169298,2.922606173890622,2.9665860984755663,1.7219629341568208,1.7367428988393825,1.7569010138492196,1.3288207949388975,1.3413940269975573,1.3552232246092284,2.932535781484217,2.9576044801313985,3.002480773480649,7.096276713108154,224866.29780984248,224865.47337931246,-0.8244305300177075,34.26828052177795,3797.4562495838004,4.0084740626621835,True,,3 pixels with |pull| > 4
37843-M14_37843,37843,M14_37843,0.9693750143051147,6.5,20261008,13,True,True,0.0006341989246142458,0.0,12,3817,104.40554108573639,4062.0887137159375,4166.494254801674,104.40554108573639,4062.088713715937,4.547473508864641e-13,True,8.7004617571447,1.0642097756656896,1.0918485992666862,6.56598355351851,10.000000000000002,False,1,B,-4.547601809770426,-3.927354616231431,-4.547601809770426,-0.9197748751015091,3.0901140319899327,3.2579180883083847,4.371615180728117,1.7660796417887803,-0.9045052499956487,-3.361699726571797,-3.1816766853665293,1.1851861744293661,1.189529140248112,2102,131,116,3386.632578196366,251100.3041909561,0.22914247291793846,4.601833498088357,4.625384703112816,4.717100935140882,4.199756892848884,4.2227734127624785,4.312980656858477,2.9929704979293685,3.0164305352609047,3.100670737605284,1.7880263353710097,1.7991510575651066,1.8325975360399094,1.3838852165887423,1.3925852945496322,1.4064518915479307,2.991993206837522,3.012108008633242,3.086886191563737,5.977611927947145,251135.96285223027,251134.47170650278,-1.4911457274865825,103.95055236395378,4059.4577391618286,6.597403609630247,True,,photometry chi2/N 8.7 > 3; 1 pixels with |pull| > 4
38646-M14_38646,38646,M14_38646,0.9688860177993774,9.699999809265137,20260990,13,True,True,8.282921265734146e-05,0.0,12,3817,185.26819201527354,4322.183578379875,4507.451770395149,185.26819201527354,4322.183578379875,0.0,True,15.439016001272796,1.1323509505841958,1.181198053038561,5.724937473644938,10.000000000000002,False,1,B,-7.715501244280647,-5.988197711146771,-7.715501244280647,-0.5208484690730962,3.9119921723090307,4.762816548510012,5.812033315085667,2.7409439287440667,0.4454980969586548,-2.3915878544794524,-1.5569124347707064,-1.199275987925844,0.740559421828489,2102,131,116,3357.2811453983722,251175.52243213673,0.2085749391418388,4.637354200971036,4.814754959047658,5.268563918428947,4.237150843503341,4.426152165858755,4.755731206794827,3.036325496788685,3.23639456999132,3.5858664503518627,1.8079735630918379,1.901006280552714,2.117853153021633,1.3978597535594508,1.4455481110178943,1.549696045807762,3.0264338801117034,3.200751681326878,3.5135881694155713,5.979661727399538,251214.70915261813,251213.74168168733,-0.9674709308019374,184.75330649393797,4311.151007596183,5.758181791463248,True,,photometry chi2/N 15.4 > 3; 1 pixels with |pull| > 4
38648-M14_38648,38648,M14_38648,0.6742770075798035,52.70000076293945,20260835,13,True,True,0.00011209358327522246,0.0,12,3566,199.0221914874205,3856.5992676913625,4055.621459178783,199.0221914874205,3856.599267691363,4.547473508864641e-13,True,16.58518262395171,1.0814916622802475,1.137621727679883,5.013624358976693,10.000000000000002,False,4,B,-7.640685436487017,-5.825588323366949,-7.640685436487017,1.5492007680238722,0.20384133157379417,-1.825092877113937,1.110672144697281,-0.3286477865234969,0.4342718923408195,1.1635335323323193,2.911954637156415,6.580939477433522,6.801459502496419,2081,402,117,3573.2901006927564,231242.934186702,0.28145606595476774,2.7340121033037157,2.743568260791189,2.7835296272409886,2.462457502628295,2.4711867407844723,2.507309498602654,1.6480396014553795,1.6543183867470805,1.6773767018659305,0.8335131729114456,0.837728920993701,0.8476141442067537,0.562358544988603,0.5654522226935023,0.5702543327891632,1.6504890128647054,1.6624188779545945,1.717970421704375,7.446563370530118,231281.89896837232,231278.06526025385,-3.833708118472714,205.66882397285463,3850.0109493426307,5.018196219180345,True,,photometry chi2/N 16.6 > 3; 4 pixels with |pull| > 4
38771-M14_38771,38771,M14_38771,0.6757680177688599,12.300000190734863,20260977,13,True,True,0.0005664216703928387,0.0,12,3550,46.9956514980711,3932.8434700195817,3979.839121517653,46.9956514980711,3932.843470019582,4.547473508864641e-13,True,3.916304291505925,1.1078432309914314,1.1213973292526496,7.598243880086729,10.000000000000002,False,16,4.5um,4.009159960046086,-0.9302594384140226,-2.6002920361884656,0.9834653985397929,-0.8882953503800578,-2.8684726590634346,-0.49953823820396936,-0.8756245683586859,0.1440110401595252,0.12160616085231281,1.2920302225911362,3.254205314805643,4.009159960046086,2099,405,112,3506.527590349105,232757.0196440969,0.2128797571284493,6.756638327140987,7.008522341109836,7.080992058719179,6.075483392210235,6.5792514201479335,6.72419085536662,3.603688204347407,5.291438657262227,5.653787245308943,0.9993347263739306,1.5106347019655024,2.3902501325621146,0.5993351999650375,0.6649234425023158,0.7118406857977984,3.7376652078218697,4.390443562247317,4.78036301285009,7.437793262071738,232789.55260705407,232789.30744062582,-0.24516642824164592,45.55237114049703,3984.8953478358662,7.473418588970719,True,,photometry chi2/N 3.9 > 3; 16 pixels with |pull| > 4
39865-M14_39865,39865,M14_39865,0.8291419744491577,6.800000190734863,20261006,13,True,True,8.76538484650545e-06,0.0,12,3438,31.922893933797972,3802.8656701173054,3834.7885640511035,31.922893933797972,3802.865670117305,4.547473508864641e-13,True,2.660241161149831,1.1061273036990418,1.1157371440358173,7.626661334173636,10.000000000000002,False,5,4.5um,3.0635579080226547,0.17724264531713263,-0.8930354135093688,1.8065322619836248,1.3686979772152463,-1.7739864339018976,-0.9432653624410715,-1.92833543727494,-0.3558313764089484,-1.2686244852428195,0.3151922283860657,2.642169854937249,3.0635579080226547,2081,530,117,3966.0737132472336,225414.34482999874,0.23129940987265354,5.520542926442754,6.047259311825236,6.262881028619602,4.683476127681437,5.480775873498535,5.912019307087267,2.7048563308738625,3.717115856260725,4.645987569409342,1.4032189229055596,1.6885070165889298,1.988489205146311,0.9202113619705905,1.0287045248499558,1.1630421199818528,3.1285492357868576,3.6364126303730258,4.010047799439726,6.613742750151937,225446.36684869276,225446.67786221023,0.3110135174647439,29.857883933282935,3809.7423241138954,7.577878603073232,True,,5 pixels with |pull| > 4
77632-M15_77632,77632,M15_77632,0.8252720236778259,34.5,20260866,13,True,True,0.0008444407465667408,0.0,12,3431,135.80475415182022,4025.5654450507814,4161.370199202602,135.80475415182022,4025.5654450507814,0.0,True,11.317062845985019,1.1732921728507086,1.2132274633243736,4.177853325563792,10.000000000000002,False,10,4.5um,7.44224119473892,0.772879736011617,-0.8840293703579364,0.18331341431253345,-1.4337336769436717,-2.537402503987059,-0.24382441718869793,-2.898513471205222,-2.3143118416131756,-1.0391768847104124,1.9550895555906278,7.196680335275893,7.44224119473892,2057,561,117,3004.538798378294,223535.27367605874,0.3258208525676199,4.60460115564162,4.6349421957559525,4.780314666123983,4.203218013704349,4.232994259380878,4.375862431644957,2.9988786973277035,3.026316507745197,3.1345066412051037,1.796346293416161,1.8083159166573193,1.8536590197414944,1.3954594978674033,1.4028370836166872,1.4248213160064778,3.00088708144807,3.028304705162751,3.151431410285098,6.632770630625829,223568.52656077678,223568.43018609038,-0.0963746863999404,137.14467483304992,4035.673524681274,4.159857215752365,True,,photometry chi2/N 11.3 > 3; 10 pixels with |pull| > 4
77745-M15_77745,77745,M15_77745,0.8255519866943359,30.700000762939453,20260879,13,True,True,0.0001038720832838237,0.0,12,3450,66.68306602625799,3954.9394016010137,4021.622467627272,66.68306602625799,3954.9394016010137,0.0,True,5.5569221688548325,1.1463592468408736,1.1660256502253614,4.675771844682558,10.000000000000002,False,8,4.5um,4.991839319231174,-0.04705751035355817,-1.055689014606922,1.6267800335430511,-0.24393176721222176,-2.2641441602106864,-0.48843337931302816,-2.388474148498857,-1.1368424685480376,-0.4706032454563441,1.605063363136268,4.773066648696855,4.991839319231174,2033,566,117,3696.096717818142,224877.61339065825,0.31091562495089303,6.110674077810547,6.272160691302842,6.330991417343021,5.5899568979951235,5.912930124979715,6.030591577060072,3.804521851389166,4.579086636628507,5.129392056211224,1.976937307516305,2.1381903947193694,2.333284765352428,1.3813621665863598,1.450384226187309,1.5308345395027492,3.7653641792230155,4.121882415029115,4.36243298396941,6.63139125762597,224916.32253672788,224915.43123214264,-0.8913045852386858,66.46938371341197,3934.226844970424,4.700524303934647,True,,photometry chi2/N 5.6 > 3; 8 pixels with |pull| > 4
84337-M4_84337,84337,M4_84337,0.8388000130653381,14.899999618530273,20260960,13,True,True,0.00032257757010033705,0.0,12,3695,88.17852099511674,3956.1700217281896,4044.3485427233063,88.17852099511674,3956.170021728189,4.547473508864641e-13,True,7.348210082926395,1.07068200858679,1.0948425941319184,5.761236240029724,10.000000000000002,False,3,4.5um,5.82497525738526,-1.9048518517726725,-1.9783863601161527,1.7119294166440933,0.4981905247725235,-1.1796815306584967,-0.09732432305120808,-2.192488688531432,-2.045442366193299,-1.604303161269159,0.29457052440576736,5.520352603306112,5.82497525738526,2234,123,114,3749.441802209182,241817.07242190524,0.3188933462394011,5.866128526318481,6.148755870235714,6.2567022719721495,5.165634001618736,5.730888689453202,5.946781492926071,3.6846133240670675,4.231348539292062,5.017019155787839,2.070833581649623,2.28813815082332,2.6543672075071787,1.4989741600621702,1.5990738283259167,1.7696639513078845,3.6763569704882397,4.065407845056658,4.359271215243752,6.566623051018227,241853.81696007267,241856.25807445834,2.4411143856705166,89.11130074246034,4027.8617765561003,5.631339507070132,True,,photometry chi2/N 7.3 > 3; 3 pixels with |pull| > 4
87207-M15_87207,87207,M15_87207,0.8325369954109192,7.5,20260999,13,True,True,4.2278352838950715e-05,0.0,12,3813,39.36899676493207,4600.883725474434,4640.252722239366,39.36899676493207,4600.883725474434,0.0,True,3.280749730411006,1.2066309272159543,1.217275110765836,9.823473236308017,10.000000000000002,True,5,B,-3.201845526063782,-1.7849915097609979,-3.201845526063782,1.490166999843656,2.085740076975453,1.4981812135525345,2.23969535320627,-0.4369238665496704,-1.5287403729090827,-2.569523996631452,-0.5429905278400656,1.148391864408636,1.1641520401333758,2113,123,117,3565.366003924778,251013.15934560038,0.26250241627338305,6.0935251859392645,6.188377558859566,6.258404815570045,5.589930820309462,5.779635566150064,5.919690079571023,4.313729569349357,4.596135076927853,4.886256609306908,3.1696064348656967,3.4685551147656426,3.7024696584143744,2.2699992472896784,3.0643038075789324,3.3063508282371843,4.262099444286824,4.549723424545454,4.788197757565711,6.597119551569068,251045.22531715804,251045.32805794248,0.10274078443762846,42.322384096833126,4557.932150032095,9.948778270788145,True,,photometry chi2/N 3.3 > 3; calibration floor at prior bound (9.8% of 10%); 5 pixels with |pull| > 4
88032-M15_88032,88032,M15_88032,0.8392300009727478,22.600000381469727,20260918,13,True,True,4.5097931654060037e-05,0.0,12,3649,56.34344700197015,4064.2745372003465,4120.617984202317,56.34344700197015,4064.274537200347,4.547473508864641e-13,True,4.695287250164179,1.1138050252672915,1.1295553684765123,5.394160822947683,10.000000000000002,False,3,4.5um,4.530717945162757,-0.5177862955945319,-0.23250694082945134,0.4873583135964071,-1.0714048832130922,-2.3650021203612233,-0.09719279547011887,-2.5462884082815935,-1.4376403088187373,-0.3255618431617636,1.875278351060229,4.041375760324009,4.530717945162757,2054,346,117,3291.7710601311933,239410.04260806544,0.30514034006816454,4.555197921427204,4.576844777367063,4.708680241733075,4.102630256190722,4.126697811481857,4.255646481223858,2.7796115095921694,2.8127613982194557,2.894837850996322,1.638229396156563,1.6601105413109465,1.6914270438233616,1.2570771909040002,1.274521680056619,1.290515879784743,2.846744570233256,2.874948421292932,2.9780282122347606,6.5645373318856715,239444.463741212,239449.00048604852,4.536744836514117,57.61809887606613,4057.243163673639,5.385224731878268,True,,photometry chi2/N 4.7 > 3; 3 pixels with |pull| > 4
89072-M15_89072,89072,M15_89072,0.836991012096405,7.099999904632568,20261003,13,True,True,0.00022284442336769817,0.0,12,3661,27.753520952327587,4224.345750506315,4252.099271458643,27.753520952327587,4224.345750506316,9.094947017729282e-13,True,2.3127934126939658,1.153877560914044,1.1617757572291374,9.876525694138245,10.000000000000002,True,5,V,3.3315296438853053,-0.11084550652171496,0.06295472678448633,3.3315296438853053,1.9275352820630078,0.10823603101725457,0.71791224766928,-2.0718175453182313,-1.5582161565272683,-1.8268879778433145,0.06268630123689278,1.285518626541613,0.8253501900715381,2154,236,115,3571.9935817086357,241108.6202940517,0.30548050361921797,4.575365012335081,4.627646153716883,4.85646136563254,4.133547928000597,4.201545441553639,4.421362358385232,2.8245956763672577,2.925799421148408,3.1243366112735025,1.6672404989959397,1.7298616730158245,1.8106730741165942,1.2800026529876414,1.3283786091283378,1.3895282473825277,2.8861156804131047,2.97201811755258,3.151849819029491,6.5754091373555275,241139.01555600655,241137.91554814664,-1.1000078599026892,26.42960487398666,4204.499121096506,9.978597828639435,True,,calibration floor at prior bound (9.9% of 10%); 5 pixels with |pull| > 4
89153-M15_89153,89153,M15_89153,0.8350780010223389,9.800000190734863,20260988,13,True,True,2.662589790650074e-05,0.0,12,3414,42.99045504724322,3847.8748799050004,3890.8653349522438,42.99045504724322,3847.874879905001,4.547473508864641e-13,True,3.582537920603602,1.127086959550381,1.1400132830214602,9.358097970221934,10.000000000000002,False,4,H,-3.5062696831727966,2.757304803917082,1.9156517791530012,2.3909625686713283,1.8543334911533476,0.3204038747802479,0.6466899327776489,-1.5705719150263213,-0.35306900757417387,-3.5062696831727966,-1.5426170463863194,0.8822881756340442,1.9996253601751528,2068,567,117,3417.5552310903568,224406.5773953284,0.16574069002403832,2.7311662564144426,2.758306365243792,2.87514418536017,2.4543766503353663,2.4783688666727226,2.585499981294377,1.615485681038574,1.6434826637130562,1.7062315803271206,0.781276684927344,0.8162698563059234,0.8415834257876629,0.515857190659889,0.5411608114625008,0.5540643256078848,1.6276062856325768,1.6603283985013912,1.813433259790182,6.5847202273254615,224439.9350361628,224439.48598533697,-0.449050825816812,43.07906153735088,3850.099233532935,9.335959814452954,True,,photometry chi2/N 3.6 > 3; 4 pixels with |pull| > 4
91529-M12_91529,91529,M12_91529,0.840624988079071,34.79999923706055,20260864,13,True,True,0.00038781394514748614,0.0,12,3821,61.4074301818263,4226.156607894505,4287.564038076332,61.4074301818263,4226.156607894505,0.0,True,5.117285848485525,1.1060341816002368,1.1223989628472073,4.603167404764831,10.000000000000002,False,2,V,4.310019225459301,-1.1422264627720138,-2.844708329243456,4.310019225459301,3.225823722469027,0.9987425661510442,2.1558204020228384,-0.6812878285058711,-1.3912967157067937,-3.2036371375329433,-1.6842100192734657,0.7229388333328225,1.1665231109845862,2108,123,114,3494.649355891116,249894.5781275974,0.2537987542437746,4.239526418309842,4.291224364339515,4.334734315981874,3.463795462475482,3.5569256112560765,3.6367787052096774,2.216580672636597,2.2610956664808017,2.304259134242787,1.2390742110846216,1.2694879394983782,1.2996885471154493,0.850288621294374,0.8891432102216478,0.9332088143461691,2.353399849114156,2.3972880836169788,2.4409919149154264,6.5577778099742146,249935.02332629412,249931.4923238589,-3.5310024352220353,63.977857054208386,4204.125242497206,4.622375406306502,True,,photometry chi2/N 5.1 > 3; 2 pixels with |pull| > 4
92132-M12_92132,92132,M12_92132,0.7475209832191467,16.100000381469727,20260953,13,True,True,0.00028215088596561955,0.0,12,3817,85.86299096650595,4297.636853439122,4383.499844405628,85.86299096650595,4297.636853439122,0.0,True,7.155249247208829,1.1259200559180305,1.1487158921398397,6.6319175391048475,10.000000000000002,False,2,V,5.178911942669794,1.9695143750353663,2.1100870837438372,5.178911942669794,3.738960330743759,1.7125352324076193,2.5216611213842413,-2.6256588880864125,-3.003936295000817,-3.1982205607652388,-1.0184468014861736,0.491439846418358,-0.11811844688201908,2115,117,117,3293.947638704567,251335.4239813894,0.29352878663973825,4.511257245173342,4.53995454833047,4.613279145621623,4.005942056881374,4.052818522451219,4.13081568638905,2.628065746973454,2.6885136819561124,2.7560950884185447,1.5294931575158903,1.5710251264096051,1.6118610697548488,1.161823608405175,1.1970769748199435,1.2290680414045712,2.731224327515949,2.7834840213014633,2.851355127895712,7.033719970311792,251369.13168586633,251367.43301280204,-1.6986730642965995,80.91517896677465,4269.07857878554,6.6933721462276035,True,,photometry chi2/N 7.2 > 3; 2 pixels with |pull| > 4
93943-M2_93943,93943,M2_93943,0.8799999952316284,13.100000381469727,20260971,13,True,True,4.833209621333343e-05,0.0,12,3836,109.80505043696492,3877.64443684838,3987.4494872853447,109.80505043696492,3877.64443684838,0.0,True,9.150420869747077,1.0108562139855004,1.0397521479231668,3.723838679054209,10.000000000000002,False,5,r+,4.910856656974619,2.151711822058665,-0.6043602006336811,3.801197289176164,4.910856656974619,3.8198926603783465,4.046807619410165,0.7553559097752885,-0.8032206136626051,-4.096764966699751,-3.563296992533149,-1.9264430600438562,-0.9319936803095449,2088,125,117,3528.0365745809536,254272.64568291383,0.24141709285936847,2.7318339504017692,2.7371265190519143,2.7532038278113085,2.460188560479961,2.464959543747,2.479284500610426,1.64447150557051,1.6493848192356586,1.659827688885132,0.8283564968800159,0.834284345868978,0.8394578557057668,0.5586655038336161,0.5628616332579077,0.565699695567202,1.6461317092861931,1.6526645330678957,1.6713065249053405,6.371351047362877,254309.51802882558,254307.4094204694,-2.1086083561822306,109.59372118689113,3889.9924594022978,3.7008897998407577,True,,photometry chi2/N 9.2 > 3; 5 pixels with |pull| > 4
94494-M2_94494,94494,M2_94494,0.7401000261306763,30.600000381469727,20260882,13,True,True,0.0002460039262634225,0.0,12,3530,73.83348730191526,3685.9423651968973,3759.7758524988126,73.83348730191526,3685.942365196898,9.094947017729282e-13,True,6.152790608492938,1.0441763074212174,1.06539412085543,4.0437601531170495,10.000000000000002,False,4,3.6um,4.415692715133261,0.7411953324624254,1.2414412738887155,3.1904065972289284,1.078668519536864,-1.3868759214064779,-0.06514632888176104,-3.023814704344787,-2.5695432482425167,-2.434903395242942,-0.1333672764882548,4.415692715133261,4.157181743492372,2085,434,117,4431.91458450411,231569.8358310864,0.17322549335214626,4.577325417778037,4.5873497619819394,4.613959010527042,4.147052243933183,4.163136869194613,4.191430558884976,2.8696345107483916,2.8954357747047466,2.9316176151013478,1.7036282229613904,1.7205612163595145,1.7430547947333752,1.3141391985153603,1.329045288948248,1.3460209807630887,2.9114248277226196,2.9329930656136503,2.9648662861810897,7.073930742419064,231607.69758890205,231602.69756945551,-5.000019446539227,69.48386006216472,3721.695677028585,4.015853436605848,True,,photometry chi2/N 6.2 > 3; 4 pixels with |pull| > 4
97310-M2_97310,97310,M2_97310,0.942799985408783,6.900000095367432,20261004,13,True,True,0.0002388600783773289,0.0,12,3806,41.35249750671347,3700.7320749025303,3742.0845724092437,41.35249750671347,3700.7320749025307,4.547473508864641e-13,True,3.4460414588927892,0.9723415856286207,0.9834650650221403,5.17631542039683,10.000000000000002,False,1,H,-3.090809428390128,0.7275475750820912,-0.1025396613870847,2.260697013793026,2.3537120899820283,1.5531280037701751,2.6456228648140803,-1.0345096993584093,-1.9486634090436423,-3.090809428390128,-1.7616191014928075,0.7747930382233363,1.6205587578562541,2119,130,111,3356.265453538117,252008.84520404792,0.17716646342555192,2.7555076849922298,2.8848948691562857,4.4058825368902514,2.4823904521091804,2.599959583006531,2.9920313905942746,1.6619363059397128,1.7477260563511905,2.0146783317120303,0.8404877027048556,0.8815281311878355,1.0516955874966154,0.5652801465128318,0.5847044199647968,0.6754409215288658,1.6731899920205378,1.8173232736913838,2.2225164692919366,6.090626649045338,252041.18550610132,252041.18515568008,-0.00035042123636230826,45.746695108761415,3720.485668012888,5.063432776003787,True,,photometry chi2/N 3.4 > 3; 1 pixels with |pull| > 4
98104-M12_98104,98104,M12_98104,0.9814170002937317,6.599999904632568,20261007,13,True,True,7.35246576919829e-05,0.0,12,3804,48.70546503993728,5912.618318004528,5961.323783044465,48.70546503993728,5912.618318004528,0.0,True,4.058788753328106,1.5543160667730096,1.5675318914132172,9.981169362054485,10.000000000000002,True,14,H,-3.3873181933353282,-0.5501452614030687,-1.8016342963821,0.8186503671071669,2.7707630801335466,1.98646500355415,3.081648641456795,0.12809773656036727,-1.7855171512630608,-3.3873181933353282,-2.085215451204327,0.911974198741655,1.8731725965004828,2113,132,117,3465.724041583217,249662.36842723662,0.16284410178762992,4.595373859991731,4.612974028793966,4.7040966166203,4.18432354600181,4.2090048360132215,4.301583605811385,2.9508333429658795,3.001451771551741,3.0828376935229267,1.7535613488343134,1.7912843747756466,1.8233784860000724,1.3570415739388575,1.3865413488432172,1.4054965955897682,2.964949357116122,2.9989769791574377,3.0730205414880536,5.927479149215267,249697.49936504674,249697.35284979525,-0.1465152514865622,51.73947251316061,5906.152302087049,9.999563381492848,True,,photometry chi2/N 4.1 > 3; spectrum chi2/N 1.55 > 1.5; calibration floor at prior bound (10.0% of 10%); 14 pixels with |pull| > 4
